"repository","index","head","base","repeat","arm","status","measured","policy","fallbackReasonCount","fallbackReasons","processMs","graphMs","adapterMs","cacheHits","cacheMisses","cacheWriteFailures","fullMs","policyMs","netSavedMs","fault"
"reka-ui","0","f950796b9a3760cb4db1052687587365cc5e3293","e4ece4c953cc7c7755055de5232b062d1af4fe59","1","uncached","FULL_POLICY_MEASURED","True","FULL","520","Declared Vue suite has no discovered tests; Vue: component could not be analyzed; Vue: runtime component/directive resolution requires full validation; Dependency graph confidence is UNSAFE; full validation required; Repository declares vitest but no test files were discovered; full validation required","4485","3128","1387.681893",,,,"74278","74278","-4485","DETECTED"
"reka-ui","0","f950796b9a3760cb4db1052687587365cc5e3293","e4ece4c953cc7c7755055de5232b062d1af4fe59","1","cold","FULL_POLICY_MEASURED","True","FULL","520","Declared Vue suite has no discovered tests; Vue: component could not be analyzed; Vue: runtime component/directive resolution requires full validation; Dependency graph confidence is UNSAFE; full validation required; Repository declares vitest but no test files were discovered; full validation required","4063","2663","1547.487509","0","598","0","74278","74278","-4063","DETECTED"
"reka-ui","0","f950796b9a3760cb4db1052687587365cc5e3293","e4ece4c953cc7c7755055de5232b062d1af4fe59","1","warm","FULL_POLICY_MEASURED","True","FULL","520","Declared Vue suite has no discovered tests; Vue: component could not be analyzed; Vue: runtime component/directive resolution requires full validation; Dependency graph confidence is UNSAFE; full validation required; Repository declares vitest but no test files were discovered; full validation required","1885","1181","98.967574","598","0","0","74278","74278","-1885","DETECTED"
"reka-ui","0","f950796b9a3760cb4db1052687587365cc5e3293","e4ece4c953cc7c7755055de5232b062d1af4fe59","1","incremental","FULL_POLICY_MEASURED","True","FULL","520","Declared Vue suite has no discovered tests; Vue: component could not be analyzed; Vue: runtime component/directive resolution requires full validation; Dependency graph confidence is UNSAFE; full validation required; Repository declares vitest but no test files were discovered; full validation required","2958","2297","1386.100962","0","598","0","74278","74278","-2958","DETECTED"
"reka-ui","0","f950796b9a3760cb4db1052687587365cc5e3293","e4ece4c953cc7c7755055de5232b062d1af4fe59","2","uncached","FULL_POLICY_MEASURED","True","FULL","520","Declared Vue suite has no discovered tests; Vue: component could not be analyzed; Vue: runtime component/directive resolution requires full validation; Dependency graph confidence is UNSAFE; full validation required; Repository declares vitest but no test files were discovered; full validation required","2878","2193","1167.601085",,,,"72685","72685","-2878","DETECTED"
"reka-ui","0","f950796b9a3760cb4db1052687587365cc5e3293","e4ece4c953cc7c7755055de5232b062d1af4fe59","2","cold","FULL_POLICY_MEASURED","True","FULL","520","Declared Vue suite has no discovered tests; Vue: component could not be analyzed; Vue: runtime component/directive resolution requires full validation; Dependency graph confidence is UNSAFE; full validation required; Repository declares vitest but no test files were discovered; full validation required","2745","2141","1327.596192","0","598","0","72685","72685","-2745","DETECTED"
"reka-ui","0","f950796b9a3760cb4db1052687587365cc5e3293","e4ece4c953cc7c7755055de5232b062d1af4fe59","2","warm","FULL_POLICY_MEASURED","True","FULL","520","Declared Vue suite has no discovered tests; Vue: component could not be analyzed; Vue: runtime component/directive resolution requires full validation; Dependency graph confidence is UNSAFE; full validation required; Repository declares vitest but no test files were discovered; full validation required","1578","967","68.080278","598","0","0","72685","72685","-1578","DETECTED"
"reka-ui","0","f950796b9a3760cb4db1052687587365cc5e3293","e4ece4c953cc7c7755055de5232b062d1af4fe59","2","incremental","FULL_POLICY_MEASURED","True","FULL","520","Declared Vue suite has no discovered tests; Vue: component could not be analyzed; Vue: runtime component/directive resolution requires full validation; Dependency graph confidence is UNSAFE; full validation required; Repository declares vitest but no test files were discovered; full validation required","3399","2661","1705.569824","0","598","0","72685","72685","-3399","DETECTED"
"reka-ui","1","b9125cfd73c6f86158d2c86bae3326cf0d7a9cf9","f950796b9a3760cb4db1052687587365cc5e3293","1","uncached","FULL_POLICY_MEASURED","True","FULL","520","Declared Vue suite has no discovered tests; Vue: component could not be analyzed; Vue: runtime component/directive resolution requires full validation; Dependency graph confidence is UNSAFE; full validation required; Repository declares vitest but no test files were discovered; full validation required","3041","2278","1204.683127",,,,"74597","74597","-3041",
"reka-ui","1","b9125cfd73c6f86158d2c86bae3326cf0d7a9cf9","f950796b9a3760cb4db1052687587365cc5e3293","1","cold","FULL_POLICY_MEASURED","True","FULL","520","Declared Vue suite has no discovered tests; Vue: component could not be analyzed; Vue: runtime component/directive resolution requires full validation; Dependency graph confidence is UNSAFE; full validation required; Repository declares vitest but no test files were discovered; full validation required","3711","2970","1982.285979","0","598","0","74597","74597","-3711",
"reka-ui","1","b9125cfd73c6f86158d2c86bae3326cf0d7a9cf9","f950796b9a3760cb4db1052687587365cc5e3293","1","warm","FULL_POLICY_MEASURED","True","FULL","520","Declared Vue suite has no discovered tests; Vue: component could not be analyzed; Vue: runtime component/directive resolution requires full validation; Dependency graph confidence is UNSAFE; full validation required; Repository declares vitest but no test files were discovered; full validation required","2028","1297","97.851193","598","0","0","74597","74597","-2028",
"reka-ui","1","b9125cfd73c6f86158d2c86bae3326cf0d7a9cf9","f950796b9a3760cb4db1052687587365cc5e3293","1","incremental","FULL_POLICY_MEASURED","True","FULL","520","Declared Vue suite has no discovered tests; Vue: component could not be analyzed; Vue: runtime component/directive resolution requires full validation; Dependency graph confidence is UNSAFE; full validation required; Repository declares vitest but no test files were discovered; full validation required","1883","1162","204.490944","596","2","0","74597","74597","-1883",
"reka-ui","1","b9125cfd73c6f86158d2c86bae3326cf0d7a9cf9","f950796b9a3760cb4db1052687587365cc5e3293","2","uncached","FULL_POLICY_MEASURED","True","FULL","520","Declared Vue suite has no discovered tests; Vue: component could not be analyzed; Vue: runtime component/directive resolution requires full validation; Dependency graph confidence is UNSAFE; full validation required; Repository declares vitest but no test files were discovered; full validation required","2810","2076","1153.173133",,,,"72642","72642","-2810",
"reka-ui","1","b9125cfd73c6f86158d2c86bae3326cf0d7a9cf9","f950796b9a3760cb4db1052687587365cc5e3293","2","cold","FULL_POLICY_MEASURED","True","FULL","520","Declared Vue suite has no discovered tests; Vue: component could not be analyzed; Vue: runtime component/directive resolution requires full validation; Dependency graph confidence is UNSAFE; full validation required; Repository declares vitest but no test files were discovered; full validation required","3633","2961","1949.374471","0","598","0","72642","72642","-3633",
"reka-ui","1","b9125cfd73c6f86158d2c86bae3326cf0d7a9cf9","f950796b9a3760cb4db1052687587365cc5e3293","2","warm","FULL_POLICY_MEASURED","True","FULL","520","Declared Vue suite has no discovered tests; Vue: component could not be analyzed; Vue: runtime component/directive resolution requires full validation; Dependency graph confidence is UNSAFE; full validation required; Repository declares vitest but no test files were discovered; full validation required","1797","1093","77.123866","598","0","0","72642","72642","-1797",
"reka-ui","1","b9125cfd73c6f86158d2c86bae3326cf0d7a9cf9","f950796b9a3760cb4db1052687587365cc5e3293","2","incremental","FULL_POLICY_MEASURED","True","FULL","520","Declared Vue suite has no discovered tests; Vue: component could not be analyzed; Vue: runtime component/directive resolution requires full validation; Dependency graph confidence is UNSAFE; full validation required; Repository declares vitest but no test files were discovered; full validation required","2203","1447","273.369842","596","2","0","72642","72642","-2203",
"reka-ui","2","e0343918af243a6c808da06c1abb115021839c56","b9125cfd73c6f86158d2c86bae3326cf0d7a9cf9","1","uncached","FULL_POLICY_MEASURED","True","FULL","520","Declared Vue suite has no discovered tests; Vue: component could not be analyzed; Vue: runtime component/directive resolution requires full validation; Dependency graph confidence is UNSAFE; full validation required; Repository declares vitest but no test files were discovered; full validation required","3100","2330","1296.214145",,,,"72489","72489","-3100",
"reka-ui","2","e0343918af243a6c808da06c1abb115021839c56","b9125cfd73c6f86158d2c86bae3326cf0d7a9cf9","1","cold","FULL_POLICY_MEASURED","True","FULL","520","Declared Vue suite has no discovered tests; Vue: component could not be analyzed; Vue: runtime component/directive resolution requires full validation; Dependency graph confidence is UNSAFE; full validation required; Repository declares vitest but no test files were discovered; full validation required","3602","2851","1839.300788","0","598","0","72489","72489","-3602",
"reka-ui","2","e0343918af243a6c808da06c1abb115021839c56","b9125cfd73c6f86158d2c86bae3326cf0d7a9cf9","1","warm","FULL_POLICY_MEASURED","True","FULL","520","Declared Vue suite has no discovered tests; Vue: component could not be analyzed; Vue: runtime component/directive resolution requires full validation; Dependency graph confidence is UNSAFE; full validation required; Repository declares vitest but no test files were discovered; full validation required","1660","946","70.91112","598","0","0","72489","72489","-1660",
"reka-ui","2","e0343918af243a6c808da06c1abb115021839c56","b9125cfd73c6f86158d2c86bae3326cf0d7a9cf9","1","incremental","FULL_POLICY_MEASURED","True","FULL","520","Declared Vue suite has no discovered tests; Vue: component could not be analyzed; Vue: runtime component/directive resolution requires full validation; Dependency graph confidence is UNSAFE; full validation required; Repository declares vitest but no test files were discovered; full validation required","1719","1041","187.580969","595","3","0","72489","72489","-1719",
"reka-ui","2","e0343918af243a6c808da06c1abb115021839c56","b9125cfd73c6f86158d2c86bae3326cf0d7a9cf9","2","uncached","FULL_POLICY_MEASURED","True","FULL","520","Declared Vue suite has no discovered tests; Vue: component could not be analyzed; Vue: runtime component/directive resolution requires full validation; Dependency graph confidence is UNSAFE; full validation required; Repository declares vitest but no test files were discovered; full validation required","3146","2398","1328.825732",,,,"73055","73055","-3146",
"reka-ui","2","e0343918af243a6c808da06c1abb115021839c56","b9125cfd73c6f86158d2c86bae3326cf0d7a9cf9","2","cold","FULL_POLICY_MEASURED","True","FULL","520","Declared Vue suite has no discovered tests; Vue: component could not be analyzed; Vue: runtime component/directive resolution requires full validation; Dependency graph confidence is UNSAFE; full validation required; Repository declares vitest but no test files were discovered; full validation required","3323","2597","1684.175665","0","598","0","73055","73055","-3323",
"reka-ui","2","e0343918af243a6c808da06c1abb115021839c56","b9125cfd73c6f86158d2c86bae3326cf0d7a9cf9","2","warm","FULL_POLICY_MEASURED","True","FULL","520","Declared Vue suite has no discovered tests; Vue: component could not be analyzed; Vue: runtime component/directive resolution requires full validation; Dependency graph confidence is UNSAFE; full validation required; Repository declares vitest but no test files were discovered; full validation required","1878","1203","102.567297","598","0","0","73055","73055","-1878",
"reka-ui","2","e0343918af243a6c808da06c1abb115021839c56","b9125cfd73c6f86158d2c86bae3326cf0d7a9cf9","2","incremental","FULL_POLICY_MEASURED","True","FULL","520","Declared Vue suite has no discovered tests; Vue: component could not be analyzed; Vue: runtime component/directive resolution requires full validation; Dependency graph confidence is UNSAFE; full validation required; Repository declares vitest but no test files were discovered; full validation required","1836","1191","215.609584","595","3","0","73055","73055","-1836",
"reka-ui","3","97fd052aa95996dc57556d7161dbdcaa270075d8","e0343918af243a6c808da06c1abb115021839c56","1","uncached","FULL_POLICY_MEASURED","True","FULL","520","Declared Vue suite has no discovered tests; Vue: component could not be analyzed; Vue: runtime component/directive resolution requires full validation; Dependency graph confidence is UNSAFE; full validation required; Repository declares vitest but no test files were discovered; full validation required","3305","2476","1475.071508",,,,"71319","71319","-3305","DETECTED"
"reka-ui","3","97fd052aa95996dc57556d7161dbdcaa270075d8","e0343918af243a6c808da06c1abb115021839c56","1","cold","FULL_POLICY_MEASURED","True","FULL","520","Declared Vue suite has no discovered tests; Vue: component could not be analyzed; Vue: runtime component/directive resolution requires full validation; Dependency graph confidence is UNSAFE; full validation required; Repository declares vitest but no test files were discovered; full validation required","3603","2871","1896.786496","0","598","0","71319","71319","-3603","DETECTED"
"reka-ui","3","97fd052aa95996dc57556d7161dbdcaa270075d8","e0343918af243a6c808da06c1abb115021839c56","1","warm","FULL_POLICY_MEASURED","True","FULL","520","Declared Vue suite has no discovered tests; Vue: component could not be analyzed; Vue: runtime component/directive resolution requires full validation; Dependency graph confidence is UNSAFE; full validation required; Repository declares vitest but no test files were discovered; full validation required","2043","1367","109.845083","598","0","0","71319","71319","-2043","DETECTED"
"reka-ui","3","97fd052aa95996dc57556d7161dbdcaa270075d8","e0343918af243a6c808da06c1abb115021839c56","1","incremental","FULL_POLICY_MEASURED","True","FULL","520","Declared Vue suite has no discovered tests; Vue: component could not be analyzed; Vue: runtime component/directive resolution requires full validation; Dependency graph confidence is UNSAFE; full validation required; Repository declares vitest but no test files were discovered; full validation required","1808","1166","89.162976","598","0","0","71319","71319","-1808","DETECTED"
"reka-ui","3","97fd052aa95996dc57556d7161dbdcaa270075d8","e0343918af243a6c808da06c1abb115021839c56","2","uncached","FULL_POLICY_MEASURED","True","FULL","520","Declared Vue suite has no discovered tests; Vue: component could not be analyzed; Vue: runtime component/directive resolution requires full validation; Dependency graph confidence is UNSAFE; full validation required; Repository declares vitest but no test files were discovered; full validation required","3392","2576","1479.270421",,,,"74380","74380","-3392","DETECTED"
"reka-ui","3","97fd052aa95996dc57556d7161dbdcaa270075d8","e0343918af243a6c808da06c1abb115021839c56","2","cold","FULL_POLICY_MEASURED","True","FULL","520","Declared Vue suite has no discovered tests; Vue: component could not be analyzed; Vue: runtime component/directive resolution requires full validation; Dependency graph confidence is UNSAFE; full validation required; Repository declares vitest but no test files were discovered; full validation required","3445","2682","1770.008339","0","598","0","74380","74380","-3445","DETECTED"
"reka-ui","3","97fd052aa95996dc57556d7161dbdcaa270075d8","e0343918af243a6c808da06c1abb115021839c56","2","warm","FULL_POLICY_MEASURED","True","FULL","520","Declared Vue suite has no discovered tests; Vue: component could not be analyzed; Vue: runtime component/directive resolution requires full validation; Dependency graph confidence is UNSAFE; full validation required; Repository declares vitest but no test files were discovered; full validation required","1973","1248","96.592593","598","0","0","74380","74380","-1973","DETECTED"
"reka-ui","3","97fd052aa95996dc57556d7161dbdcaa270075d8","e0343918af243a6c808da06c1abb115021839c56","2","incremental","FULL_POLICY_MEASURED","True","FULL","520","Declared Vue suite has no discovered tests; Vue: component could not be analyzed; Vue: runtime component/directive resolution requires full validation; Dependency graph confidence is UNSAFE; full validation required; Repository declares vitest but no test files were discovered; full validation required","1742","1157","74.111253","598","0","0","74380","74380","-1742","DETECTED"
"reka-ui","4","7567e33b00524b44302bbb8a428703da911a32af","97fd052aa95996dc57556d7161dbdcaa270075d8","1","uncached","FULL_POLICY_MEASURED","True","FULL","520","Declared Vue suite has no discovered tests; Vue: component could not be analyzed; Vue: runtime component/directive resolution requires full validation; Dependency graph confidence is UNSAFE; full validation required; Repository declares vitest but no test files were discovered; full validation required","2796","2140","1194.911359",,,,"73099","73099","-2796",
"reka-ui","4","7567e33b00524b44302bbb8a428703da911a32af","97fd052aa95996dc57556d7161dbdcaa270075d8","1","cold","FULL_POLICY_MEASURED","True","FULL","520","Declared Vue suite has no discovered tests; Vue: component could not be analyzed; Vue: runtime component/directive resolution requires full validation; Dependency graph confidence is UNSAFE; full validation required; Repository declares vitest but no test files were discovered; full validation required","3374","2707","1804.273378","0","598","0","73099","73099","-3374",
"reka-ui","4","7567e33b00524b44302bbb8a428703da911a32af","97fd052aa95996dc57556d7161dbdcaa270075d8","1","warm","FULL_POLICY_MEASURED","True","FULL","520","Declared Vue suite has no discovered tests; Vue: component could not be analyzed; Vue: runtime component/directive resolution requires full validation; Dependency graph confidence is UNSAFE; full validation required; Repository declares vitest but no test files were discovered; full validation required","1670","1044","77.653657","598","0","0","73099","73099","-1670",
"reka-ui","4","7567e33b00524b44302bbb8a428703da911a32af","97fd052aa95996dc57556d7161dbdcaa270075d8","1","incremental","FULL_POLICY_MEASURED","True","FULL","520","Declared Vue suite has no discovered tests; Vue: component could not be analyzed; Vue: runtime component/directive resolution requires full validation; Dependency graph confidence is UNSAFE; full validation required; Repository declares vitest but no test files were discovered; full validation required","1812","1185","176.886161","597","1","0","73099","73099","-1812",
"reka-ui","4","7567e33b00524b44302bbb8a428703da911a32af","97fd052aa95996dc57556d7161dbdcaa270075d8","2","uncached","FULL_POLICY_MEASURED","True","FULL","520","Declared Vue suite has no discovered tests; Vue: component could not be analyzed; Vue: runtime component/directive resolution requires full validation; Dependency graph confidence is UNSAFE; full validation required; Repository declares vitest but no test files were discovered; full validation required","2930","2163","1199.915113",,,,"71771","71771","-2930",
"reka-ui","4","7567e33b00524b44302bbb8a428703da911a32af","97fd052aa95996dc57556d7161dbdcaa270075d8","2","cold","FULL_POLICY_MEASURED","True","FULL","520","Declared Vue suite has no discovered tests; Vue: component could not be analyzed; Vue: runtime component/directive resolution requires full validation; Dependency graph confidence is UNSAFE; full validation required; Repository declares vitest but no test files were discovered; full validation required","4108","3283","2170.69541","0","598","0","71771","71771","-4108",
"reka-ui","4","7567e33b00524b44302bbb8a428703da911a32af","97fd052aa95996dc57556d7161dbdcaa270075d8","2","warm","FULL_POLICY_MEASURED","True","FULL","520","Declared Vue suite has no discovered tests; Vue: component could not be analyzed; Vue: runtime component/directive resolution requires full validation; Dependency graph confidence is UNSAFE; full validation required; Repository declares vitest but no test files were discovered; full validation required","2082","1317","97.925703","598","0","0","71771","71771","-2082",
"reka-ui","4","7567e33b00524b44302bbb8a428703da911a32af","97fd052aa95996dc57556d7161dbdcaa270075d8","2","incremental","FULL_POLICY_MEASURED","True","FULL","520","Declared Vue suite has no discovered tests; Vue: component could not be analyzed; Vue: runtime component/directive resolution requires full validation; Dependency graph confidence is UNSAFE; full validation required; Repository declares vitest but no test files were discovered; full validation required","2341","1563","248.412702","597","1","0","71771","71771","-2341",
"reka-ui","5","1593f678c615ce94193f3146ebf9588011708ab9","7567e33b00524b44302bbb8a428703da911a32af","1","uncached","BASELINE_RED_OR_UNREADABLE","False","FULL","520","Declared Vue suite has no discovered tests; Vue: component could not be analyzed; Vue: runtime component/directive resolution requires full validation; Dependency graph confidence is UNSAFE; full validation required; Repository declares vitest but no test files were discovered; full validation required","2918","2262","1362.476272",,,,,,,
"reka-ui","5","1593f678c615ce94193f3146ebf9588011708ab9","7567e33b00524b44302bbb8a428703da911a32af","1","cold","BASELINE_RED_OR_UNREADABLE","False","FULL","520","Declared Vue suite has no discovered tests; Vue: component could not be analyzed; Vue: runtime component/directive resolution requires full validation; Dependency graph confidence is UNSAFE; full validation required; Repository declares vitest but no test files were discovered; full validation required","3166","2427","1524.9587","0","598","0",,,,
"reka-ui","5","1593f678c615ce94193f3146ebf9588011708ab9","7567e33b00524b44302bbb8a428703da911a32af","1","warm","BASELINE_RED_OR_UNREADABLE","False","FULL","520","Declared Vue suite has no discovered tests; Vue: component could not be analyzed; Vue: runtime component/directive resolution requires full validation; Dependency graph confidence is UNSAFE; full validation required; Repository declares vitest but no test files were discovered; full validation required","1652","1005","73.667343","598","0","0",,,,
"reka-ui","5","1593f678c615ce94193f3146ebf9588011708ab9","7567e33b00524b44302bbb8a428703da911a32af","1","incremental","BASELINE_RED_OR_UNREADABLE","False","FULL","520","Declared Vue suite has no discovered tests; Vue: component could not be analyzed; Vue: runtime component/directive resolution requires full validation; Dependency graph confidence is UNSAFE; full validation required; Repository declares vitest but no test files were discovered; full validation required","1933","1314","187.56752","597","1","0",,,,
"reka-ui","5","1593f678c615ce94193f3146ebf9588011708ab9","7567e33b00524b44302bbb8a428703da911a32af","2","uncached","BASELINE_RED_OR_UNREADABLE","False","FULL","520","Declared Vue suite has no discovered tests; Vue: component could not be analyzed; Vue: runtime component/directive resolution requires full validation; Dependency graph confidence is UNSAFE; full validation required; Repository declares vitest but no test files were discovered; full validation required","3085","2411","1477.266099",,,,,,,
"reka-ui","5","1593f678c615ce94193f3146ebf9588011708ab9","7567e33b00524b44302bbb8a428703da911a32af","2","cold","BASELINE_RED_OR_UNREADABLE","False","FULL","520","Declared Vue suite has no discovered tests; Vue: component could not be analyzed; Vue: runtime component/directive resolution requires full validation; Dependency graph confidence is UNSAFE; full validation required; Repository declares vitest but no test files were discovered; full validation required","3267","2591","1705.603364","0","598","0",,,,
"reka-ui","5","1593f678c615ce94193f3146ebf9588011708ab9","7567e33b00524b44302bbb8a428703da911a32af","2","warm","BASELINE_RED_OR_UNREADABLE","False","FULL","520","Declared Vue suite has no discovered tests; Vue: component could not be analyzed; Vue: runtime component/directive resolution requires full validation; Dependency graph confidence is UNSAFE; full validation required; Repository declares vitest but no test files were discovered; full validation required","1754","1081","62.961343","598","0","0",,,,
"reka-ui","5","1593f678c615ce94193f3146ebf9588011708ab9","7567e33b00524b44302bbb8a428703da911a32af","2","incremental","BASELINE_RED_OR_UNREADABLE","False","FULL","520","Declared Vue suite has no discovered tests; Vue: component could not be analyzed; Vue: runtime component/directive resolution requires full validation; Dependency graph confidence is UNSAFE; full validation required; Repository declares vitest but no test files were discovered; full validation required","1976","1248","208.244267","597","1","0",,,,
"reka-ui","6","764f0781ef3927cebdf8a5825dcf56d055d37b06","9a42432958af9d22db5903a19abf3167911b7103","1","uncached","BASELINE_RED_OR_UNREADABLE","False","FULL","521","Declared Vue suite has no discovered tests; Vue: component could not be analyzed; Vue: runtime component/directive resolution requires full validation; Changes outside the declared Vue package require full validation; Dependency graph confidence is UNSAFE; full validation required; Repository declares vitest but no test files were discovered; full validation required","2920","2259","1300.112919",,,,,,,
"reka-ui","6","764f0781ef3927cebdf8a5825dcf56d055d37b06","9a42432958af9d22db5903a19abf3167911b7103","1","cold","BASELINE_RED_OR_UNREADABLE","False","FULL","521","Declared Vue suite has no discovered tests; Vue: component could not be analyzed; Vue: runtime component/directive resolution requires full validation; Changes outside the declared Vue package require full validation; Dependency graph confidence is UNSAFE; full validation required; Repository declares vitest but no test files were discovered; full validation required","4037","3290","2183.852161","0","598","0",,,,
"reka-ui","6","764f0781ef3927cebdf8a5825dcf56d055d37b06","9a42432958af9d22db5903a19abf3167911b7103","1","warm","BASELINE_RED_OR_UNREADABLE","False","FULL","521","Declared Vue suite has no discovered tests; Vue: component could not be analyzed; Vue: runtime component/directive resolution requires full validation; Changes outside the declared Vue package require full validation; Dependency graph confidence is UNSAFE; full validation required; Repository declares vitest but no test files were discovered; full validation required","1723","1083","68.708288","598","0","0",,,,
"reka-ui","6","764f0781ef3927cebdf8a5825dcf56d055d37b06","9a42432958af9d22db5903a19abf3167911b7103","1","incremental","BASELINE_RED_OR_UNREADABLE","False","FULL","521","Declared Vue suite has no discovered tests; Vue: component could not be analyzed; Vue: runtime component/directive resolution requires full validation; Changes outside the declared Vue package require full validation; Dependency graph confidence is UNSAFE; full validation required; Repository declares vitest but no test files were discovered; full validation required","1968","1309","253.886957","596","2","0",,,,
"reka-ui","6","764f0781ef3927cebdf8a5825dcf56d055d37b06","9a42432958af9d22db5903a19abf3167911b7103","2","uncached","BASELINE_RED_OR_UNREADABLE","False","FULL","521","Declared Vue suite has no discovered tests; Vue: component could not be analyzed; Vue: runtime component/directive resolution requires full validation; Changes outside the declared Vue package require full validation; Dependency graph confidence is UNSAFE; full validation required; Repository declares vitest but no test files were discovered; full validation required","2989","2349","1293.953953",,,,,,,
"reka-ui","6","764f0781ef3927cebdf8a5825dcf56d055d37b06","9a42432958af9d22db5903a19abf3167911b7103","2","cold","BASELINE_RED_OR_UNREADABLE","False","FULL","521","Declared Vue suite has no discovered tests; Vue: component could not be analyzed; Vue: runtime component/directive resolution requires full validation; Changes outside the declared Vue package require full validation; Dependency graph confidence is UNSAFE; full validation required; Repository declares vitest but no test files were discovered; full validation required","3151","2476","1602.696977","0","598","0",,,,
"reka-ui","6","764f0781ef3927cebdf8a5825dcf56d055d37b06","9a42432958af9d22db5903a19abf3167911b7103","2","warm","BASELINE_RED_OR_UNREADABLE","False","FULL","521","Declared Vue suite has no discovered tests; Vue: component could not be analyzed; Vue: runtime component/directive resolution requires full validation; Changes outside the declared Vue package require full validation; Dependency graph confidence is UNSAFE; full validation required; Repository declares vitest but no test files were discovered; full validation required","1620","1003","68.496918","598","0","0",,,,
"reka-ui","6","764f0781ef3927cebdf8a5825dcf56d055d37b06","9a42432958af9d22db5903a19abf3167911b7103","2","incremental","BASELINE_RED_OR_UNREADABLE","False","FULL","521","Declared Vue suite has no discovered tests; Vue: component could not be analyzed; Vue: runtime component/directive resolution requires full validation; Changes outside the declared Vue package require full validation; Dependency graph confidence is UNSAFE; full validation required; Repository declares vitest but no test files were discovered; full validation required","1965","1220","174.820029","596","2","0",,,,
"reka-ui","7","c06c994dc1d85ebce1e69947454b6273b9fc7692","764f0781ef3927cebdf8a5825dcf56d055d37b06","1","uncached","FULL_POLICY_MEASURED","True","FULL","521","Declared Vue suite has no discovered tests; Vue: component could not be analyzed; Vue: runtime component/directive resolution requires full validation; Dependency graph confidence is UNSAFE; full validation required; Repository declares vitest but no test files were discovered; full validation required; Unknown changed file: packages/core/src/Tree/__snapshots__/Tree.test.ts.snap","3067","2330","1281.333992",,,,"70856","70856","-3067","DETECTED"
"reka-ui","7","c06c994dc1d85ebce1e69947454b6273b9fc7692","764f0781ef3927cebdf8a5825dcf56d055d37b06","1","cold","FULL_POLICY_MEASURED","True","FULL","521","Declared Vue suite has no discovered tests; Vue: component could not be analyzed; Vue: runtime component/directive resolution requires full validation; Dependency graph confidence is UNSAFE; full validation required; Repository declares vitest but no test files were discovered; full validation required; Unknown changed file: packages/core/src/Tree/__snapshots__/Tree.test.ts.snap","2966","2303","1439.576677","0","598","0","70856","70856","-2966","DETECTED"
"reka-ui","7","c06c994dc1d85ebce1e69947454b6273b9fc7692","764f0781ef3927cebdf8a5825dcf56d055d37b06","1","warm","FULL_POLICY_MEASURED","True","FULL","521","Declared Vue suite has no discovered tests; Vue: component could not be analyzed; Vue: runtime component/directive resolution requires full validation; Dependency graph confidence is UNSAFE; full validation required; Repository declares vitest but no test files were discovered; full validation required; Unknown changed file: packages/core/src/Tree/__snapshots__/Tree.test.ts.snap","1689","1023","74.877584","598","0","0","70856","70856","-1689","DETECTED"
"reka-ui","7","c06c994dc1d85ebce1e69947454b6273b9fc7692","764f0781ef3927cebdf8a5825dcf56d055d37b06","1","incremental","FULL_POLICY_MEASURED","True","FULL","521","Declared Vue suite has no discovered tests; Vue: component could not be analyzed; Vue: runtime component/directive resolution requires full validation; Dependency graph confidence is UNSAFE; full validation required; Repository declares vitest but no test files were discovered; full validation required; Unknown changed file: packages/core/src/Tree/__snapshots__/Tree.test.ts.snap","1770","1058","176.9466","596","2","0","70856","70856","-1770","DETECTED"
"reka-ui","7","c06c994dc1d85ebce1e69947454b6273b9fc7692","764f0781ef3927cebdf8a5825dcf56d055d37b06","2","uncached","FULL_POLICY_MEASURED","True","FULL","521","Declared Vue suite has no discovered tests; Vue: component could not be analyzed; Vue: runtime component/directive resolution requires full validation; Dependency graph confidence is UNSAFE; full validation required; Repository declares vitest but no test files were discovered; full validation required; Unknown changed file: packages/core/src/Tree/__snapshots__/Tree.test.ts.snap","3227","2457","1352.236953",,,,"72900","72900","-3227","DETECTED"
"reka-ui","7","c06c994dc1d85ebce1e69947454b6273b9fc7692","764f0781ef3927cebdf8a5825dcf56d055d37b06","2","cold","FULL_POLICY_MEASURED","True","FULL","521","Declared Vue suite has no discovered tests; Vue: component could not be analyzed; Vue: runtime component/directive resolution requires full validation; Dependency graph confidence is UNSAFE; full validation required; Repository declares vitest but no test files were discovered; full validation required; Unknown changed file: packages/core/src/Tree/__snapshots__/Tree.test.ts.snap","3508","2741","1677.98246","0","598","0","72900","72900","-3508","DETECTED"
"reka-ui","7","c06c994dc1d85ebce1e69947454b6273b9fc7692","764f0781ef3927cebdf8a5825dcf56d055d37b06","2","warm","FULL_POLICY_MEASURED","True","FULL","521","Declared Vue suite has no discovered tests; Vue: component could not be analyzed; Vue: runtime component/directive resolution requires full validation; Dependency graph confidence is UNSAFE; full validation required; Repository declares vitest but no test files were discovered; full validation required; Unknown changed file: packages/core/src/Tree/__snapshots__/Tree.test.ts.snap","1907","1131","66.456897","598","0","0","72900","72900","-1907","DETECTED"
"reka-ui","7","c06c994dc1d85ebce1e69947454b6273b9fc7692","764f0781ef3927cebdf8a5825dcf56d055d37b06","2","incremental","FULL_POLICY_MEASURED","True","FULL","521","Declared Vue suite has no discovered tests; Vue: component could not be analyzed; Vue: runtime component/directive resolution requires full validation; Dependency graph confidence is UNSAFE; full validation required; Repository declares vitest but no test files were discovered; full validation required; Unknown changed file: packages/core/src/Tree/__snapshots__/Tree.test.ts.snap","1863","1150","185.992298","596","2","0","72900","72900","-1863","DETECTED"
"vue-test-utils","0","362d04be50f262ca7ee2278d7f9c1fe021b06622","d5e5064b42874d8432b8e15018f3256664eaf4c4","1","uncached","FULL_POLICY_MEASURED","True","FULL","11","Vue scoped Vitest config has an unsupported plugin or config helper; Vue scope supports only the default Vue compiler plugin; Vue scoped setup paths must be literal package-local files; Vue: runtime component/directive resolution requires full validation; Resolved implementation cannot be included in the scoped source inventory: dist/vue-test-utils.cjs.js; Dependency graph confidence is UNSAFE; full validation required","1695","659","199.967208",,,,"9405","9405","-1695","DETECTED"
"vue-test-utils","0","362d04be50f262ca7ee2278d7f9c1fe021b06622","d5e5064b42874d8432b8e15018f3256664eaf4c4","1","cold","FULL_POLICY_MEASURED","True","FULL","11","Vue scoped Vitest config has an unsupported plugin or config helper; Vue scope supports only the default Vue compiler plugin; Vue scoped setup paths must be literal package-local files; Vue: runtime component/directive resolution requires full validation; Resolved implementation cannot be included in the scoped source inventory: dist/vue-test-utils.cjs.js; Dependency graph confidence is UNSAFE; full validation required","1336","690","227.679559","0","38","0","9405","9405","-1336","DETECTED"
"vue-test-utils","0","362d04be50f262ca7ee2278d7f9c1fe021b06622","d5e5064b42874d8432b8e15018f3256664eaf4c4","1","warm","FULL_POLICY_MEASURED","True","FULL","11","Vue scoped Vitest config has an unsupported plugin or config helper; Vue scope supports only the default Vue compiler plugin; Vue scoped setup paths must be literal package-local files; Vue: runtime component/directive resolution requires full validation; Resolved implementation cannot be included in the scoped source inventory: dist/vue-test-utils.cjs.js; Dependency graph confidence is UNSAFE; full validation required","1198","533","6.956142","38","0","0","9405","9405","-1198","DETECTED"
"vue-test-utils","0","362d04be50f262ca7ee2278d7f9c1fe021b06622","d5e5064b42874d8432b8e15018f3256664eaf4c4","1","incremental","FULL_POLICY_MEASURED","True","FULL","11","Vue scoped Vitest config has an unsupported plugin or config helper; Vue scope supports only the default Vue compiler plugin; Vue scoped setup paths must be literal package-local files; Vue: runtime component/directive resolution requires full validation; Resolved implementation cannot be included in the scoped source inventory: dist/vue-test-utils.cjs.js; Dependency graph confidence is UNSAFE; full validation required","1386","672","235.202984","0","38","0","9405","9405","-1386","DETECTED"
"vue-test-utils","0","362d04be50f262ca7ee2278d7f9c1fe021b06622","d5e5064b42874d8432b8e15018f3256664eaf4c4","2","uncached","FULL_POLICY_MEASURED","True","FULL","11","Vue scoped Vitest config has an unsupported plugin or config helper; Vue scope supports only the default Vue compiler plugin; Vue scoped setup paths must be literal package-local files; Vue: runtime component/directive resolution requires full validation; Resolved implementation cannot be included in the scoped source inventory: dist/vue-test-utils.cjs.js; Dependency graph confidence is UNSAFE; full validation required","1360","705","229.944851",,,,"9169","9169","-1360","DETECTED"
"vue-test-utils","0","362d04be50f262ca7ee2278d7f9c1fe021b06622","d5e5064b42874d8432b8e15018f3256664eaf4c4","2","cold","FULL_POLICY_MEASURED","True","FULL","11","Vue scoped Vitest config has an unsupported plugin or config helper; Vue scope supports only the default Vue compiler plugin; Vue scoped setup paths must be literal package-local files; Vue: runtime component/directive resolution requires full validation; Resolved implementation cannot be included in the scoped source inventory: dist/vue-test-utils.cjs.js; Dependency graph confidence is UNSAFE; full validation required","1361","733","251.040429","0","38","0","9169","9169","-1361","DETECTED"
"vue-test-utils","0","362d04be50f262ca7ee2278d7f9c1fe021b06622","d5e5064b42874d8432b8e15018f3256664eaf4c4","2","warm","FULL_POLICY_MEASURED","True","FULL","11","Vue scoped Vitest config has an unsupported plugin or config helper; Vue scope supports only the default Vue compiler plugin; Vue scoped setup paths must be literal package-local files; Vue: runtime component/directive resolution requires full validation; Resolved implementation cannot be included in the scoped source inventory: dist/vue-test-utils.cjs.js; Dependency graph confidence is UNSAFE; full validation required","1119","495","7.013919","38","0","0","9169","9169","-1119","DETECTED"
"vue-test-utils","0","362d04be50f262ca7ee2278d7f9c1fe021b06622","d5e5064b42874d8432b8e15018f3256664eaf4c4","2","incremental","FULL_POLICY_MEASURED","True","FULL","11","Vue scoped Vitest config has an unsupported plugin or config helper; Vue scope supports only the default Vue compiler plugin; Vue scoped setup paths must be literal package-local files; Vue: runtime component/directive resolution requires full validation; Resolved implementation cannot be included in the scoped source inventory: dist/vue-test-utils.cjs.js; Dependency graph confidence is UNSAFE; full validation required","1445","703","251.799398","0","38","0","9169","9169","-1445","DETECTED"
"vue-test-utils","1","38ed11b64bbd795bbd17519157bc386ac81af44b","2f518e3d7cf5053c204ef8ce448bf301770112eb","1","uncached","FULL_POLICY_MEASURED","True","FULL","13","Vue scoped Vitest config has an unsupported plugin or config helper; Vue scope supports only the default Vue compiler plugin; Vue scoped setup paths must be literal package-local files; Vue: runtime component/directive resolution requires full validation; Resolved implementation cannot be included in the scoped source inventory: dist/vue-test-utils.cjs.js; Unresolved Vue dependencies require full validation; Unresolved dependencies in the declared Vue suite require full validation; Dependency graph confidence is UNSAFE; full validation required","1254","577","174.377173",,,,"8735","8735","-1254",
"vue-test-utils","1","38ed11b64bbd795bbd17519157bc386ac81af44b","2f518e3d7cf5053c204ef8ce448bf301770112eb","1","cold","FULL_POLICY_MEASURED","True","FULL","13","Vue scoped Vitest config has an unsupported plugin or config helper; Vue scope supports only the default Vue compiler plugin; Vue scoped setup paths must be literal package-local files; Vue: runtime component/directive resolution requires full validation; Resolved implementation cannot be included in the scoped source inventory: dist/vue-test-utils.cjs.js; Unresolved Vue dependencies require full validation; Unresolved dependencies in the declared Vue suite require full validation; Dependency graph confidence is UNSAFE; full validation required","1137","549","184.337445","0","38","0","8735","8735","-1137",
"vue-test-utils","1","38ed11b64bbd795bbd17519157bc386ac81af44b","2f518e3d7cf5053c204ef8ce448bf301770112eb","1","warm","FULL_POLICY_MEASURED","True","FULL","13","Vue scoped Vitest config has an unsupported plugin or config helper; Vue scope supports only the default Vue compiler plugin; Vue scoped setup paths must be literal package-local files; Vue: runtime component/directive resolution requires full validation; Resolved implementation cannot be included in the scoped source inventory: dist/vue-test-utils.cjs.js; Unresolved Vue dependencies require full validation; Unresolved dependencies in the declared Vue suite require full validation; Dependency graph confidence is UNSAFE; full validation required","969","394","6.329772","38","0","0","8735","8735","-969",
"vue-test-utils","1","38ed11b64bbd795bbd17519157bc386ac81af44b","2f518e3d7cf5053c204ef8ce448bf301770112eb","1","incremental","FULL_POLICY_MEASURED","True","FULL","13","Vue scoped Vitest config has an unsupported plugin or config helper; Vue scope supports only the default Vue compiler plugin; Vue scoped setup paths must be literal package-local files; Vue: runtime component/directive resolution requires full validation; Resolved implementation cannot be included in the scoped source inventory: dist/vue-test-utils.cjs.js; Unresolved Vue dependencies require full validation; Unresolved dependencies in the declared Vue suite require full validation; Dependency graph confidence is UNSAFE; full validation required","1256","579","180.207936","0","38","0","8735","8735","-1256",
"vue-test-utils","1","38ed11b64bbd795bbd17519157bc386ac81af44b","2f518e3d7cf5053c204ef8ce448bf301770112eb","2","uncached","FULL_POLICY_MEASURED","True","FULL","13","Vue scoped Vitest config has an unsupported plugin or config helper; Vue scope supports only the default Vue compiler plugin; Vue scoped setup paths must be literal package-local files; Vue: runtime component/directive resolution requires full validation; Resolved implementation cannot be included in the scoped source inventory: dist/vue-test-utils.cjs.js; Unresolved Vue dependencies require full validation; Unresolved dependencies in the declared Vue suite require full validation; Dependency graph confidence is UNSAFE; full validation required","1243","665","210.219318",,,,"9245","9245","-1243",
"vue-test-utils","1","38ed11b64bbd795bbd17519157bc386ac81af44b","2f518e3d7cf5053c204ef8ce448bf301770112eb","2","cold","FULL_POLICY_MEASURED","True","FULL","13","Vue scoped Vitest config has an unsupported plugin or config helper; Vue scope supports only the default Vue compiler plugin; Vue scoped setup paths must be literal package-local files; Vue: runtime component/directive resolution requires full validation; Resolved implementation cannot be included in the scoped source inventory: dist/vue-test-utils.cjs.js; Unresolved Vue dependencies require full validation; Unresolved dependencies in the declared Vue suite require full validation; Dependency graph confidence is UNSAFE; full validation required","1310","629","200.046266","0","38","0","9245","9245","-1310",
"vue-test-utils","1","38ed11b64bbd795bbd17519157bc386ac81af44b","2f518e3d7cf5053c204ef8ce448bf301770112eb","2","warm","FULL_POLICY_MEASURED","True","FULL","13","Vue scoped Vitest config has an unsupported plugin or config helper; Vue scope supports only the default Vue compiler plugin; Vue scoped setup paths must be literal package-local files; Vue: runtime component/directive resolution requires full validation; Resolved implementation cannot be included in the scoped source inventory: dist/vue-test-utils.cjs.js; Unresolved Vue dependencies require full validation; Unresolved dependencies in the declared Vue suite require full validation; Dependency graph confidence is UNSAFE; full validation required","1073","437","4.531203","38","0","0","9245","9245","-1073",
"vue-test-utils","1","38ed11b64bbd795bbd17519157bc386ac81af44b","2f518e3d7cf5053c204ef8ce448bf301770112eb","2","incremental","FULL_POLICY_MEASURED","True","FULL","13","Vue scoped Vitest config has an unsupported plugin or config helper; Vue scope supports only the default Vue compiler plugin; Vue scoped setup paths must be literal package-local files; Vue: runtime component/directive resolution requires full validation; Resolved implementation cannot be included in the scoped source inventory: dist/vue-test-utils.cjs.js; Unresolved Vue dependencies require full validation; Unresolved dependencies in the declared Vue suite require full validation; Dependency graph confidence is UNSAFE; full validation required","1264","657","230.234295","0","38","0","9245","9245","-1264",
"vue-test-utils","2","05f76b63b7a45fc05c0ec840dbaf179fa0d750ab","6aa82265f04b4ce0767c59a12405ca3cbca7a9fa","1","uncached","FULL_POLICY_MEASURED","True","FULL","13","Vue scoped Vitest config has an unsupported plugin or config helper; Vue scope supports only the default Vue compiler plugin; Vue scoped setup paths must be literal package-local files; Vue: runtime component/directive resolution requires full validation; Resolved implementation cannot be included in the scoped source inventory: dist/vue-test-utils.cjs.js; Unresolved Vue dependencies require full validation; Unresolved dependencies in the declared Vue suite require full validation; Dependency graph confidence is UNSAFE; full validation required","1300","677","221.712472",,,,"10019","10019","-1300",
"vue-test-utils","2","05f76b63b7a45fc05c0ec840dbaf179fa0d750ab","6aa82265f04b4ce0767c59a12405ca3cbca7a9fa","1","cold","FULL_POLICY_MEASURED","True","FULL","13","Vue scoped Vitest config has an unsupported plugin or config helper; Vue scope supports only the default Vue compiler plugin; Vue scoped setup paths must be literal package-local files; Vue: runtime component/directive resolution requires full validation; Resolved implementation cannot be included in the scoped source inventory: dist/vue-test-utils.cjs.js; Unresolved Vue dependencies require full validation; Unresolved dependencies in the declared Vue suite require full validation; Dependency graph confidence is UNSAFE; full validation required","1455","766","290.167175","0","41","0","10019","10019","-1455",
"vue-test-utils","2","05f76b63b7a45fc05c0ec840dbaf179fa0d750ab","6aa82265f04b4ce0767c59a12405ca3cbca7a9fa","1","warm","FULL_POLICY_MEASURED","True","FULL","13","Vue scoped Vitest config has an unsupported plugin or config helper; Vue scope supports only the default Vue compiler plugin; Vue scoped setup paths must be literal package-local files; Vue: runtime component/directive resolution requires full validation; Resolved implementation cannot be included in the scoped source inventory: dist/vue-test-utils.cjs.js; Unresolved Vue dependencies require full validation; Unresolved dependencies in the declared Vue suite require full validation; Dependency graph confidence is UNSAFE; full validation required","1147","517","7.023213","41","0","0","10019","10019","-1147",
"vue-test-utils","2","05f76b63b7a45fc05c0ec840dbaf179fa0d750ab","6aa82265f04b4ce0767c59a12405ca3cbca7a9fa","1","incremental","FULL_POLICY_MEASURED","True","FULL","13","Vue scoped Vitest config has an unsupported plugin or config helper; Vue scope supports only the default Vue compiler plugin; Vue scoped setup paths must be literal package-local files; Vue: runtime component/directive resolution requires full validation; Resolved implementation cannot be included in the scoped source inventory: dist/vue-test-utils.cjs.js; Unresolved Vue dependencies require full validation; Unresolved dependencies in the declared Vue suite require full validation; Dependency graph confidence is UNSAFE; full validation required","1228","574","184.931216","0","41","0","10019","10019","-1228",
"vue-test-utils","2","05f76b63b7a45fc05c0ec840dbaf179fa0d750ab","6aa82265f04b4ce0767c59a12405ca3cbca7a9fa","2","uncached","FULL_POLICY_MEASURED","True","FULL","13","Vue scoped Vitest config has an unsupported plugin or config helper; Vue scope supports only the default Vue compiler plugin; Vue scoped setup paths must be literal package-local files; Vue: runtime component/directive resolution requires full validation; Resolved implementation cannot be included in the scoped source inventory: dist/vue-test-utils.cjs.js; Unresolved Vue dependencies require full validation; Unresolved dependencies in the declared Vue suite require full validation; Dependency graph confidence is UNSAFE; full validation required","1270","662","239.00386",,,,"9304","9304","-1270",
"vue-test-utils","2","05f76b63b7a45fc05c0ec840dbaf179fa0d750ab","6aa82265f04b4ce0767c59a12405ca3cbca7a9fa","2","cold","FULL_POLICY_MEASURED","True","FULL","13","Vue scoped Vitest config has an unsupported plugin or config helper; Vue scope supports only the default Vue compiler plugin; Vue scoped setup paths must be literal package-local files; Vue: runtime component/directive resolution requires full validation; Resolved implementation cannot be included in the scoped source inventory: dist/vue-test-utils.cjs.js; Unresolved Vue dependencies require full validation; Unresolved dependencies in the declared Vue suite require full validation; Dependency graph confidence is UNSAFE; full validation required","1293","705","254.261544","0","41","0","9304","9304","-1293",
"vue-test-utils","2","05f76b63b7a45fc05c0ec840dbaf179fa0d750ab","6aa82265f04b4ce0767c59a12405ca3cbca7a9fa","2","warm","FULL_POLICY_MEASURED","True","FULL","13","Vue scoped Vitest config has an unsupported plugin or config helper; Vue scope supports only the default Vue compiler plugin; Vue scoped setup paths must be literal package-local files; Vue: runtime component/directive resolution requires full validation; Resolved implementation cannot be included in the scoped source inventory: dist/vue-test-utils.cjs.js; Unresolved Vue dependencies require full validation; Unresolved dependencies in the declared Vue suite require full validation; Dependency graph confidence is UNSAFE; full validation required","1194","526","7.349583","41","0","0","9304","9304","-1194",
"vue-test-utils","2","05f76b63b7a45fc05c0ec840dbaf179fa0d750ab","6aa82265f04b4ce0767c59a12405ca3cbca7a9fa","2","incremental","FULL_POLICY_MEASURED","True","FULL","13","Vue scoped Vitest config has an unsupported plugin or config helper; Vue scope supports only the default Vue compiler plugin; Vue scoped setup paths must be literal package-local files; Vue: runtime component/directive resolution requires full validation; Resolved implementation cannot be included in the scoped source inventory: dist/vue-test-utils.cjs.js; Unresolved Vue dependencies require full validation; Unresolved dependencies in the declared Vue suite require full validation; Dependency graph confidence is UNSAFE; full validation required","1162","592","197.8304","0","41","0","9304","9304","-1162",
"vue-test-utils","3","8e499e7c74e080ece97febe49ffa8e095a2d67ed","1c3f00a41db8dad63eafff54c05dd8246fc5c86c","1","uncached","FULL_POLICY_MEASURED","True","FULL","13","Vue scoped Vitest config has an unsupported plugin or config helper; Vue scope supports only the default Vue compiler plugin; Vue scoped setup paths must be literal package-local files; Vue: runtime component/directive resolution requires full validation; Resolved implementation cannot be included in the scoped source inventory: dist/vue-test-utils.cjs.js; Unresolved Vue dependencies require full validation; Unresolved dependencies in the declared Vue suite require full validation; Dependency graph confidence is UNSAFE; full validation required","1331","670","227.728723",,,,"9725","9725","-1331","DETECTED"
"vue-test-utils","3","8e499e7c74e080ece97febe49ffa8e095a2d67ed","1c3f00a41db8dad63eafff54c05dd8246fc5c86c","1","cold","FULL_POLICY_MEASURED","True","FULL","13","Vue scoped Vitest config has an unsupported plugin or config helper; Vue scope supports only the default Vue compiler plugin; Vue scoped setup paths must be literal package-local files; Vue: runtime component/directive resolution requires full validation; Resolved implementation cannot be included in the scoped source inventory: dist/vue-test-utils.cjs.js; Unresolved Vue dependencies require full validation; Unresolved dependencies in the declared Vue suite require full validation; Dependency graph confidence is UNSAFE; full validation required","1280","637","195.144338","0","41","0","9725","9725","-1280","DETECTED"
"vue-test-utils","3","8e499e7c74e080ece97febe49ffa8e095a2d67ed","1c3f00a41db8dad63eafff54c05dd8246fc5c86c","1","warm","FULL_POLICY_MEASURED","True","FULL","13","Vue scoped Vitest config has an unsupported plugin or config helper; Vue scope supports only the default Vue compiler plugin; Vue scoped setup paths must be literal package-local files; Vue: runtime component/directive resolution requires full validation; Resolved implementation cannot be included in the scoped source inventory: dist/vue-test-utils.cjs.js; Unresolved Vue dependencies require full validation; Unresolved dependencies in the declared Vue suite require full validation; Dependency graph confidence is UNSAFE; full validation required","1160","493","5.685635","41","0","0","9725","9725","-1160","DETECTED"
"vue-test-utils","3","8e499e7c74e080ece97febe49ffa8e095a2d67ed","1c3f00a41db8dad63eafff54c05dd8246fc5c86c","1","incremental","FULL_POLICY_MEASURED","True","FULL","13","Vue scoped Vitest config has an unsupported plugin or config helper; Vue scope supports only the default Vue compiler plugin; Vue scoped setup paths must be literal package-local files; Vue: runtime component/directive resolution requires full validation; Resolved implementation cannot be included in the scoped source inventory: dist/vue-test-utils.cjs.js; Unresolved Vue dependencies require full validation; Unresolved dependencies in the declared Vue suite require full validation; Dependency graph confidence is UNSAFE; full validation required","1236","618","202.107411","0","41","0","9725","9725","-1236","DETECTED"
"vue-test-utils","3","8e499e7c74e080ece97febe49ffa8e095a2d67ed","1c3f00a41db8dad63eafff54c05dd8246fc5c86c","2","uncached","FULL_POLICY_MEASURED","True","FULL","13","Vue scoped Vitest config has an unsupported plugin or config helper; Vue scope supports only the default Vue compiler plugin; Vue scoped setup paths must be literal package-local files; Vue: runtime component/directive resolution requires full validation; Resolved implementation cannot be included in the scoped source inventory: dist/vue-test-utils.cjs.js; Unresolved Vue dependencies require full validation; Unresolved dependencies in the declared Vue suite require full validation; Dependency graph confidence is UNSAFE; full validation required","1231","578","176.889794",,,,"9591","9591","-1231","DETECTED"
"vue-test-utils","3","8e499e7c74e080ece97febe49ffa8e095a2d67ed","1c3f00a41db8dad63eafff54c05dd8246fc5c86c","2","cold","FULL_POLICY_MEASURED","True","FULL","13","Vue scoped Vitest config has an unsupported plugin or config helper; Vue scope supports only the default Vue compiler plugin; Vue scoped setup paths must be literal package-local files; Vue: runtime component/directive resolution requires full validation; Resolved implementation cannot be included in the scoped source inventory: dist/vue-test-utils.cjs.js; Unresolved Vue dependencies require full validation; Unresolved dependencies in the declared Vue suite require full validation; Dependency graph confidence is UNSAFE; full validation required","1348","725","248.012023","0","41","0","9591","9591","-1348","DETECTED"
"vue-test-utils","3","8e499e7c74e080ece97febe49ffa8e095a2d67ed","1c3f00a41db8dad63eafff54c05dd8246fc5c86c","2","warm","FULL_POLICY_MEASURED","True","FULL","13","Vue scoped Vitest config has an unsupported plugin or config helper; Vue scope supports only the default Vue compiler plugin; Vue scoped setup paths must be literal package-local files; Vue: runtime component/directive resolution requires full validation; Resolved implementation cannot be included in the scoped source inventory: dist/vue-test-utils.cjs.js; Unresolved Vue dependencies require full validation; Unresolved dependencies in the declared Vue suite require full validation; Dependency graph confidence is UNSAFE; full validation required","1096","424","6.073688","41","0","0","9591","9591","-1096","DETECTED"
"vue-test-utils","3","8e499e7c74e080ece97febe49ffa8e095a2d67ed","1c3f00a41db8dad63eafff54c05dd8246fc5c86c","2","incremental","FULL_POLICY_MEASURED","True","FULL","13","Vue scoped Vitest config has an unsupported plugin or config helper; Vue scope supports only the default Vue compiler plugin; Vue scoped setup paths must be literal package-local files; Vue: runtime component/directive resolution requires full validation; Resolved implementation cannot be included in the scoped source inventory: dist/vue-test-utils.cjs.js; Unresolved Vue dependencies require full validation; Unresolved dependencies in the declared Vue suite require full validation; Dependency graph confidence is UNSAFE; full validation required","1365","740","284.709803","0","41","0","9591","9591","-1365","DETECTED"
"vue-test-utils","4","5c22b4e6b1ebf0303c9c92bcd445bf1d3de41b21","4e3bda3e2b7d929e5d45648fc13cc6b2a3e5b895","1","uncached","FULL_POLICY_MEASURED","True","FULL","13","Vue scoped Vitest config has an unsupported plugin or config helper; Vue scope supports only the default Vue compiler plugin; Vue scoped setup paths must be literal package-local files; Vue: runtime component/directive resolution requires full validation; Resolved implementation cannot be included in the scoped source inventory: dist/vue-test-utils.cjs.js; Unresolved Vue dependencies require full validation; Unresolved dependencies in the declared Vue suite require full validation; Dependency graph confidence is UNSAFE; full validation required","1368","688","222.21739",,,,"8890","8890","-1368",
"vue-test-utils","4","5c22b4e6b1ebf0303c9c92bcd445bf1d3de41b21","4e3bda3e2b7d929e5d45648fc13cc6b2a3e5b895","1","cold","FULL_POLICY_MEASURED","True","FULL","13","Vue scoped Vitest config has an unsupported plugin or config helper; Vue scope supports only the default Vue compiler plugin; Vue scoped setup paths must be literal package-local files; Vue: runtime component/directive resolution requires full validation; Resolved implementation cannot be included in the scoped source inventory: dist/vue-test-utils.cjs.js; Unresolved Vue dependencies require full validation; Unresolved dependencies in the declared Vue suite require full validation; Dependency graph confidence is UNSAFE; full validation required","1321","663","234.625587","0","41","0","8890","8890","-1321",
"vue-test-utils","4","5c22b4e6b1ebf0303c9c92bcd445bf1d3de41b21","4e3bda3e2b7d929e5d45648fc13cc6b2a3e5b895","1","warm","FULL_POLICY_MEASURED","True","FULL","13","Vue scoped Vitest config has an unsupported plugin or config helper; Vue scope supports only the default Vue compiler plugin; Vue scoped setup paths must be literal package-local files; Vue: runtime component/directive resolution requires full validation; Resolved implementation cannot be included in the scoped source inventory: dist/vue-test-utils.cjs.js; Unresolved Vue dependencies require full validation; Unresolved dependencies in the declared Vue suite require full validation; Dependency graph confidence is UNSAFE; full validation required","1056","479","5.416622","41","0","0","8890","8890","-1056",
"vue-test-utils","4","5c22b4e6b1ebf0303c9c92bcd445bf1d3de41b21","4e3bda3e2b7d929e5d45648fc13cc6b2a3e5b895","1","incremental","FULL_POLICY_MEASURED","True","FULL","13","Vue scoped Vitest config has an unsupported plugin or config helper; Vue scope supports only the default Vue compiler plugin; Vue scoped setup paths must be literal package-local files; Vue: runtime component/directive resolution requires full validation; Resolved implementation cannot be included in the scoped source inventory: dist/vue-test-utils.cjs.js; Unresolved Vue dependencies require full validation; Unresolved dependencies in the declared Vue suite require full validation; Dependency graph confidence is UNSAFE; full validation required","1084","429","5.743242","41","0","0","8890","8890","-1084",
"vue-test-utils","4","5c22b4e6b1ebf0303c9c92bcd445bf1d3de41b21","4e3bda3e2b7d929e5d45648fc13cc6b2a3e5b895","2","uncached","FULL_POLICY_MEASURED","True","FULL","13","Vue scoped Vitest config has an unsupported plugin or config helper; Vue scope supports only the default Vue compiler plugin; Vue scoped setup paths must be literal package-local files; Vue: runtime component/directive resolution requires full validation; Resolved implementation cannot be included in the scoped source inventory: dist/vue-test-utils.cjs.js; Unresolved Vue dependencies require full validation; Unresolved dependencies in the declared Vue suite require full validation; Dependency graph confidence is UNSAFE; full validation required","1339","696","236.482785",,,,"9281","9281","-1339",
"vue-test-utils","4","5c22b4e6b1ebf0303c9c92bcd445bf1d3de41b21","4e3bda3e2b7d929e5d45648fc13cc6b2a3e5b895","2","cold","FULL_POLICY_MEASURED","True","FULL","13","Vue scoped Vitest config has an unsupported plugin or config helper; Vue scope supports only the default Vue compiler plugin; Vue scoped setup paths must be literal package-local files; Vue: runtime component/directive resolution requires full validation; Resolved implementation cannot be included in the scoped source inventory: dist/vue-test-utils.cjs.js; Unresolved Vue dependencies require full validation; Unresolved dependencies in the declared Vue suite require full validation; Dependency graph confidence is UNSAFE; full validation required","1250","570","195.641785","0","41","0","9281","9281","-1250",
"vue-test-utils","4","5c22b4e6b1ebf0303c9c92bcd445bf1d3de41b21","4e3bda3e2b7d929e5d45648fc13cc6b2a3e5b895","2","warm","FULL_POLICY_MEASURED","True","FULL","13","Vue scoped Vitest config has an unsupported plugin or config helper; Vue scope supports only the default Vue compiler plugin; Vue scoped setup paths must be literal package-local files; Vue: runtime component/directive resolution requires full validation; Resolved implementation cannot be included in the scoped source inventory: dist/vue-test-utils.cjs.js; Unresolved Vue dependencies require full validation; Unresolved dependencies in the declared Vue suite require full validation; Dependency graph confidence is UNSAFE; full validation required","1004","435","4.744842","41","0","0","9281","9281","-1004",
"vue-test-utils","4","5c22b4e6b1ebf0303c9c92bcd445bf1d3de41b21","4e3bda3e2b7d929e5d45648fc13cc6b2a3e5b895","2","incremental","FULL_POLICY_MEASURED","True","FULL","13","Vue scoped Vitest config has an unsupported plugin or config helper; Vue scope supports only the default Vue compiler plugin; Vue scoped setup paths must be literal package-local files; Vue: runtime component/directive resolution requires full validation; Resolved implementation cannot be included in the scoped source inventory: dist/vue-test-utils.cjs.js; Unresolved Vue dependencies require full validation; Unresolved dependencies in the declared Vue suite require full validation; Dependency graph confidence is UNSAFE; full validation required","1149","436","5.892136","41","0","0","9281","9281","-1149",
"vue-test-utils","5","05d9745734f7c734dbb96335f0f0ae0a0abf4ab5","ea8654b186a2770b7423304bc66e5bd6266374c9","1","uncached","FULL_POLICY_MEASURED","True","FULL","13","Vue scoped Vitest config has an unsupported plugin or config helper; Vue scope supports only the default Vue compiler plugin; Vue scoped setup paths must be literal package-local files; Vue: runtime component/directive resolution requires full validation; Resolved implementation cannot be included in the scoped source inventory: dist/vue-test-utils.cjs.js; Unresolved Vue dependencies require full validation; Unresolved dependencies in the declared Vue suite require full validation; Dependency graph confidence is UNSAFE; full validation required","1147","558","166.663113",,,,"9933","9933","-1147",
"vue-test-utils","5","05d9745734f7c734dbb96335f0f0ae0a0abf4ab5","ea8654b186a2770b7423304bc66e5bd6266374c9","1","cold","FULL_POLICY_MEASURED","True","FULL","13","Vue scoped Vitest config has an unsupported plugin or config helper; Vue scope supports only the default Vue compiler plugin; Vue scoped setup paths must be literal package-local files; Vue: runtime component/directive resolution requires full validation; Resolved implementation cannot be included in the scoped source inventory: dist/vue-test-utils.cjs.js; Unresolved Vue dependencies require full validation; Unresolved dependencies in the declared Vue suite require full validation; Dependency graph confidence is UNSAFE; full validation required","1359","717","250.714319","0","41","0","9933","9933","-1359",
"vue-test-utils","5","05d9745734f7c734dbb96335f0f0ae0a0abf4ab5","ea8654b186a2770b7423304bc66e5bd6266374c9","1","warm","FULL_POLICY_MEASURED","True","FULL","13","Vue scoped Vitest config has an unsupported plugin or config helper; Vue scope supports only the default Vue compiler plugin; Vue scoped setup paths must be literal package-local files; Vue: runtime component/directive resolution requires full validation; Resolved implementation cannot be included in the scoped source inventory: dist/vue-test-utils.cjs.js; Unresolved Vue dependencies require full validation; Unresolved dependencies in the declared Vue suite require full validation; Dependency graph confidence is UNSAFE; full validation required","969","406","6.071955","41","0","0","9933","9933","-969",
"vue-test-utils","5","05d9745734f7c734dbb96335f0f0ae0a0abf4ab5","ea8654b186a2770b7423304bc66e5bd6266374c9","1","incremental","FULL_POLICY_MEASURED","True","FULL","13","Vue scoped Vitest config has an unsupported plugin or config helper; Vue scope supports only the default Vue compiler plugin; Vue scoped setup paths must be literal package-local files; Vue: runtime component/directive resolution requires full validation; Resolved implementation cannot be included in the scoped source inventory: dist/vue-test-utils.cjs.js; Unresolved Vue dependencies require full validation; Unresolved dependencies in the declared Vue suite require full validation; Dependency graph confidence is UNSAFE; full validation required","1264","671","209.30106","0","41","0","9933","9933","-1264",
"vue-test-utils","5","05d9745734f7c734dbb96335f0f0ae0a0abf4ab5","ea8654b186a2770b7423304bc66e5bd6266374c9","2","uncached","FULL_POLICY_MEASURED","True","FULL","13","Vue scoped Vitest config has an unsupported plugin or config helper; Vue scope supports only the default Vue compiler plugin; Vue scoped setup paths must be literal package-local files; Vue: runtime component/directive resolution requires full validation; Resolved implementation cannot be included in the scoped source inventory: dist/vue-test-utils.cjs.js; Unresolved Vue dependencies require full validation; Unresolved dependencies in the declared Vue suite require full validation; Dependency graph confidence is UNSAFE; full validation required","1188","574","194.675555",,,,"9638","9638","-1188",
"vue-test-utils","5","05d9745734f7c734dbb96335f0f0ae0a0abf4ab5","ea8654b186a2770b7423304bc66e5bd6266374c9","2","cold","FULL_POLICY_MEASURED","True","FULL","13","Vue scoped Vitest config has an unsupported plugin or config helper; Vue scope supports only the default Vue compiler plugin; Vue scoped setup paths must be literal package-local files; Vue: runtime component/directive resolution requires full validation; Resolved implementation cannot be included in the scoped source inventory: dist/vue-test-utils.cjs.js; Unresolved Vue dependencies require full validation; Unresolved dependencies in the declared Vue suite require full validation; Dependency graph confidence is UNSAFE; full validation required","1278","678","201.235051","0","41","0","9638","9638","-1278",
"vue-test-utils","5","05d9745734f7c734dbb96335f0f0ae0a0abf4ab5","ea8654b186a2770b7423304bc66e5bd6266374c9","2","warm","FULL_POLICY_MEASURED","True","FULL","13","Vue scoped Vitest config has an unsupported plugin or config helper; Vue scope supports only the default Vue compiler plugin; Vue scoped setup paths must be literal package-local files; Vue: runtime component/directive resolution requires full validation; Resolved implementation cannot be included in the scoped source inventory: dist/vue-test-utils.cjs.js; Unresolved Vue dependencies require full validation; Unresolved dependencies in the declared Vue suite require full validation; Dependency graph confidence is UNSAFE; full validation required","1051","397","5.701159","41","0","0","9638","9638","-1051",
"vue-test-utils","5","05d9745734f7c734dbb96335f0f0ae0a0abf4ab5","ea8654b186a2770b7423304bc66e5bd6266374c9","2","incremental","FULL_POLICY_MEASURED","True","FULL","13","Vue scoped Vitest config has an unsupported plugin or config helper; Vue scope supports only the default Vue compiler plugin; Vue scoped setup paths must be literal package-local files; Vue: runtime component/directive resolution requires full validation; Resolved implementation cannot be included in the scoped source inventory: dist/vue-test-utils.cjs.js; Unresolved Vue dependencies require full validation; Unresolved dependencies in the declared Vue suite require full validation; Dependency graph confidence is UNSAFE; full validation required","1332","737","249.921789","0","41","0","9638","9638","-1332",
"vue-test-utils","6","b12beb07f1d1f34a10cd938c6ff478a6d9d768da","ccf8756942bd35b93896b7e68525c8faf25f78a3","1","uncached","FULL_POLICY_MEASURED","True","FULL","13","Vue scoped Vitest config has an unsupported plugin or config helper; Vue scope supports only the default Vue compiler plugin; Vue scoped setup paths must be literal package-local files; Vue: runtime component/directive resolution requires full validation; Resolved implementation cannot be included in the scoped source inventory: dist/vue-test-utils.cjs.js; Unresolved Vue dependencies require full validation; Unresolved dependencies in the declared Vue suite require full validation; Dependency graph confidence is UNSAFE; full validation required","1184","612","186.500642",,,,"9326","9326","-1184",
"vue-test-utils","6","b12beb07f1d1f34a10cd938c6ff478a6d9d768da","ccf8756942bd35b93896b7e68525c8faf25f78a3","1","cold","FULL_POLICY_MEASURED","True","FULL","13","Vue scoped Vitest config has an unsupported plugin or config helper; Vue scope supports only the default Vue compiler plugin; Vue scoped setup paths must be literal package-local files; Vue: runtime component/directive resolution requires full validation; Resolved implementation cannot be included in the scoped source inventory: dist/vue-test-utils.cjs.js; Unresolved Vue dependencies require full validation; Unresolved dependencies in the declared Vue suite require full validation; Dependency graph confidence is UNSAFE; full validation required","1281","732","262.28581","0","41","0","9326","9326","-1281",
"vue-test-utils","6","b12beb07f1d1f34a10cd938c6ff478a6d9d768da","ccf8756942bd35b93896b7e68525c8faf25f78a3","1","warm","FULL_POLICY_MEASURED","True","FULL","13","Vue scoped Vitest config has an unsupported plugin or config helper; Vue scope supports only the default Vue compiler plugin; Vue scoped setup paths must be literal package-local files; Vue: runtime component/directive resolution requires full validation; Resolved implementation cannot be included in the scoped source inventory: dist/vue-test-utils.cjs.js; Unresolved Vue dependencies require full validation; Unresolved dependencies in the declared Vue suite require full validation; Dependency graph confidence is UNSAFE; full validation required","983","422","4.471593","41","0","0","9326","9326","-983",
"vue-test-utils","6","b12beb07f1d1f34a10cd938c6ff478a6d9d768da","ccf8756942bd35b93896b7e68525c8faf25f78a3","1","incremental","FULL_POLICY_MEASURED","True","FULL","13","Vue scoped Vitest config has an unsupported plugin or config helper; Vue scope supports only the default Vue compiler plugin; Vue scoped setup paths must be literal package-local files; Vue: runtime component/directive resolution requires full validation; Resolved implementation cannot be included in the scoped source inventory: dist/vue-test-utils.cjs.js; Unresolved Vue dependencies require full validation; Unresolved dependencies in the declared Vue suite require full validation; Dependency graph confidence is UNSAFE; full validation required","1289","713","240.263861","0","41","0","9326","9326","-1289",
"vue-test-utils","6","b12beb07f1d1f34a10cd938c6ff478a6d9d768da","ccf8756942bd35b93896b7e68525c8faf25f78a3","2","uncached","FULL_POLICY_MEASURED","True","FULL","13","Vue scoped Vitest config has an unsupported plugin or config helper; Vue scope supports only the default Vue compiler plugin; Vue scoped setup paths must be literal package-local files; Vue: runtime component/directive resolution requires full validation; Resolved implementation cannot be included in the scoped source inventory: dist/vue-test-utils.cjs.js; Unresolved Vue dependencies require full validation; Unresolved dependencies in the declared Vue suite require full validation; Dependency graph confidence is UNSAFE; full validation required","1295","744","237.031598",,,,"9405","9405","-1295",
"vue-test-utils","6","b12beb07f1d1f34a10cd938c6ff478a6d9d768da","ccf8756942bd35b93896b7e68525c8faf25f78a3","2","cold","FULL_POLICY_MEASURED","True","FULL","13","Vue scoped Vitest config has an unsupported plugin or config helper; Vue scope supports only the default Vue compiler plugin; Vue scoped setup paths must be literal package-local files; Vue: runtime component/directive resolution requires full validation; Resolved implementation cannot be included in the scoped source inventory: dist/vue-test-utils.cjs.js; Unresolved Vue dependencies require full validation; Unresolved dependencies in the declared Vue suite require full validation; Dependency graph confidence is UNSAFE; full validation required","1315","742","227.129854","0","41","0","9405","9405","-1315",
"vue-test-utils","6","b12beb07f1d1f34a10cd938c6ff478a6d9d768da","ccf8756942bd35b93896b7e68525c8faf25f78a3","2","warm","FULL_POLICY_MEASURED","True","FULL","13","Vue scoped Vitest config has an unsupported plugin or config helper; Vue scope supports only the default Vue compiler plugin; Vue scoped setup paths must be literal package-local files; Vue: runtime component/directive resolution requires full validation; Resolved implementation cannot be included in the scoped source inventory: dist/vue-test-utils.cjs.js; Unresolved Vue dependencies require full validation; Unresolved dependencies in the declared Vue suite require full validation; Dependency graph confidence is UNSAFE; full validation required","1047","449","6.376292","41","0","0","9405","9405","-1047",
"vue-test-utils","6","b12beb07f1d1f34a10cd938c6ff478a6d9d768da","ccf8756942bd35b93896b7e68525c8faf25f78a3","2","incremental","FULL_POLICY_MEASURED","True","FULL","13","Vue scoped Vitest config has an unsupported plugin or config helper; Vue scope supports only the default Vue compiler plugin; Vue scoped setup paths must be literal package-local files; Vue: runtime component/directive resolution requires full validation; Resolved implementation cannot be included in the scoped source inventory: dist/vue-test-utils.cjs.js; Unresolved Vue dependencies require full validation; Unresolved dependencies in the declared Vue suite require full validation; Dependency graph confidence is UNSAFE; full validation required","1174","603","195.24557","0","41","0","9405","9405","-1174",
"vue-test-utils","7","93321272b33fe931da71d636654b41f45058ed0c","f3bbb6b4a40b195924df3198a59bd1b1db82533e","1","uncached","FULL_POLICY_MEASURED","True","FULL","13","Vue scoped Vitest config has an unsupported plugin or config helper; Vue scope supports only the default Vue compiler plugin; Vue scoped setup paths must be literal package-local files; Vue: runtime component/directive resolution requires full validation; Resolved implementation cannot be included in the scoped source inventory: dist/vue-test-utils.cjs.js; Unresolved Vue dependencies require full validation; Unresolved dependencies in the declared Vue suite require full validation; Dependency graph confidence is UNSAFE; full validation required","1239","655","211.187021",,,,"9349","9349","-1239","DETECTED"
"vue-test-utils","7","93321272b33fe931da71d636654b41f45058ed0c","f3bbb6b4a40b195924df3198a59bd1b1db82533e","1","cold","FULL_POLICY_MEASURED","True","FULL","13","Vue scoped Vitest config has an unsupported plugin or config helper; Vue scope supports only the default Vue compiler plugin; Vue scoped setup paths must be literal package-local files; Vue: runtime component/directive resolution requires full validation; Resolved implementation cannot be included in the scoped source inventory: dist/vue-test-utils.cjs.js; Unresolved Vue dependencies require full validation; Unresolved dependencies in the declared Vue suite require full validation; Dependency graph confidence is UNSAFE; full validation required","1308","712","253.074002","0","41","0","9349","9349","-1308","DETECTED"
"vue-test-utils","7","93321272b33fe931da71d636654b41f45058ed0c","f3bbb6b4a40b195924df3198a59bd1b1db82533e","1","warm","FULL_POLICY_MEASURED","True","FULL","13","Vue scoped Vitest config has an unsupported plugin or config helper; Vue scope supports only the default Vue compiler plugin; Vue scoped setup paths must be literal package-local files; Vue: runtime component/directive resolution requires full validation; Resolved implementation cannot be included in the scoped source inventory: dist/vue-test-utils.cjs.js; Unresolved Vue dependencies require full validation; Unresolved dependencies in the declared Vue suite require full validation; Dependency graph confidence is UNSAFE; full validation required","1164","514","6.131064","41","0","0","9349","9349","-1164","DETECTED"
"vue-test-utils","7","93321272b33fe931da71d636654b41f45058ed0c","f3bbb6b4a40b195924df3198a59bd1b1db82533e","1","incremental","FULL_POLICY_MEASURED","True","FULL","13","Vue scoped Vitest config has an unsupported plugin or config helper; Vue scope supports only the default Vue compiler plugin; Vue scoped setup paths must be literal package-local files; Vue: runtime component/directive resolution requires full validation; Resolved implementation cannot be included in the scoped source inventory: dist/vue-test-utils.cjs.js; Unresolved Vue dependencies require full validation; Unresolved dependencies in the declared Vue suite require full validation; Dependency graph confidence is UNSAFE; full validation required","1210","601","216.877954","0","41","0","9349","9349","-1210","DETECTED"
"vue-test-utils","7","93321272b33fe931da71d636654b41f45058ed0c","f3bbb6b4a40b195924df3198a59bd1b1db82533e","2","uncached","FULL_POLICY_MEASURED","True","FULL","13","Vue scoped Vitest config has an unsupported plugin or config helper; Vue scope supports only the default Vue compiler plugin; Vue scoped setup paths must be literal package-local files; Vue: runtime component/directive resolution requires full validation; Resolved implementation cannot be included in the scoped source inventory: dist/vue-test-utils.cjs.js; Unresolved Vue dependencies require full validation; Unresolved dependencies in the declared Vue suite require full validation; Dependency graph confidence is UNSAFE; full validation required","1245","587","174.852417",,,,"9571","9571","-1245","DETECTED"
"vue-test-utils","7","93321272b33fe931da71d636654b41f45058ed0c","f3bbb6b4a40b195924df3198a59bd1b1db82533e","2","cold","FULL_POLICY_MEASURED","True","FULL","13","Vue scoped Vitest config has an unsupported plugin or config helper; Vue scope supports only the default Vue compiler plugin; Vue scoped setup paths must be literal package-local files; Vue: runtime component/directive resolution requires full validation; Resolved implementation cannot be included in the scoped source inventory: dist/vue-test-utils.cjs.js; Unresolved Vue dependencies require full validation; Unresolved dependencies in the declared Vue suite require full validation; Dependency graph confidence is UNSAFE; full validation required","1363","715","254.335275","0","41","0","9571","9571","-1363","DETECTED"
"vue-test-utils","7","93321272b33fe931da71d636654b41f45058ed0c","f3bbb6b4a40b195924df3198a59bd1b1db82533e","2","warm","FULL_POLICY_MEASURED","True","FULL","13","Vue scoped Vitest config has an unsupported plugin or config helper; Vue scope supports only the default Vue compiler plugin; Vue scoped setup paths must be literal package-local files; Vue: runtime component/directive resolution requires full validation; Resolved implementation cannot be included in the scoped source inventory: dist/vue-test-utils.cjs.js; Unresolved Vue dependencies require full validation; Unresolved dependencies in the declared Vue suite require full validation; Dependency graph confidence is UNSAFE; full validation required","1073","402","5.299987","41","0","0","9571","9571","-1073","DETECTED"
"vue-test-utils","7","93321272b33fe931da71d636654b41f45058ed0c","f3bbb6b4a40b195924df3198a59bd1b1db82533e","2","incremental","FULL_POLICY_MEASURED","True","FULL","13","Vue scoped Vitest config has an unsupported plugin or config helper; Vue scope supports only the default Vue compiler plugin; Vue scoped setup paths must be literal package-local files; Vue: runtime component/directive resolution requires full validation; Resolved implementation cannot be included in the scoped source inventory: dist/vue-test-utils.cjs.js; Unresolved Vue dependencies require full validation; Unresolved dependencies in the declared Vue suite require full validation; Dependency graph confidence is UNSAFE; full validation required","1271","679","237.759521","0","41","0","9571","9571","-1271","DETECTED"
"vue-router","0","d992bb2085cadf01b270e4f04b3d91c4fd5a70e3","846e287b68b41b2014b7b24060f3873fe2539658","1","uncached","SELECTIVE_POLICY_MEASURED","True","SELECTIVE","0","","1930","562","0.237066",,,,"15617","15124","-1437","DETECTED"
"vue-router","0","d992bb2085cadf01b270e4f04b3d91c4fd5a70e3","846e287b68b41b2014b7b24060f3873fe2539658","1","cold","SELECTIVE_POLICY_MEASURED","True","SELECTIVE","0","","1096","573","0.122213",,,,"15617","15124","-603","DETECTED"
"vue-router","0","d992bb2085cadf01b270e4f04b3d91c4fd5a70e3","846e287b68b41b2014b7b24060f3873fe2539658","1","warm","SELECTIVE_POLICY_MEASURED","True","SELECTIVE","0","","1006","484","0.131047",,,,"15617","15124","-513","DETECTED"
"vue-router","0","d992bb2085cadf01b270e4f04b3d91c4fd5a70e3","846e287b68b41b2014b7b24060f3873fe2539658","1","incremental","SELECTIVE_POLICY_MEASURED","True","SELECTIVE","0","","1065","512","0.118478",,,,"15617","15124","-572","DETECTED"
"vue-router","0","d992bb2085cadf01b270e4f04b3d91c4fd5a70e3","846e287b68b41b2014b7b24060f3873fe2539658","2","uncached","SELECTIVE_POLICY_MEASURED","True","SELECTIVE","0","","1020","478","0.083085",,,,"15672","16046","-1394","DETECTED"
"vue-router","0","d992bb2085cadf01b270e4f04b3d91c4fd5a70e3","846e287b68b41b2014b7b24060f3873fe2539658","2","cold","SELECTIVE_POLICY_MEASURED","True","SELECTIVE","0","","2008","502","0.174411",,,,"15672","16046","-2382","DETECTED"
"vue-router","0","d992bb2085cadf01b270e4f04b3d91c4fd5a70e3","846e287b68b41b2014b7b24060f3873fe2539658","2","warm","SELECTIVE_POLICY_MEASURED","True","SELECTIVE","0","","1004","439","0.097376",,,,"15672","16046","-1378","DETECTED"
"vue-router","0","d992bb2085cadf01b270e4f04b3d91c4fd5a70e3","846e287b68b41b2014b7b24060f3873fe2539658","2","incremental","SELECTIVE_POLICY_MEASURED","True","SELECTIVE","0","","1112","487","0.103475",,,,"15672","16046","-1486","DETECTED"
"vue-router","1","e978eb8efeef193dfaf5f358a56109633d17fc56","d992bb2085cadf01b270e4f04b3d91c4fd5a70e3","1","uncached","SELECTIVE_POLICY_MEASURED","True","SELECTIVE","0","","1101","555","0.073561",,,,"16971","16023","-153",
"vue-router","1","e978eb8efeef193dfaf5f358a56109633d17fc56","d992bb2085cadf01b270e4f04b3d91c4fd5a70e3","1","cold","SELECTIVE_POLICY_MEASURED","True","SELECTIVE","0","","1155","533","0.117366",,,,"16971","16023","-207",
"vue-router","1","e978eb8efeef193dfaf5f358a56109633d17fc56","d992bb2085cadf01b270e4f04b3d91c4fd5a70e3","1","warm","SELECTIVE_POLICY_MEASURED","True","SELECTIVE","0","","1117","538","0.120361",,,,"16971","16023","-169",
"vue-router","1","e978eb8efeef193dfaf5f358a56109633d17fc56","d992bb2085cadf01b270e4f04b3d91c4fd5a70e3","1","incremental","SELECTIVE_POLICY_MEASURED","True","SELECTIVE","0","","1050","518","0.138437",,,,"16971","16023","-102",
"vue-router","1","e978eb8efeef193dfaf5f358a56109633d17fc56","d992bb2085cadf01b270e4f04b3d91c4fd5a70e3","2","uncached","SELECTIVE_POLICY_MEASURED","True","SELECTIVE","0","","1233","607","0.179629",,,,"14883","15214","-1564",
"vue-router","1","e978eb8efeef193dfaf5f358a56109633d17fc56","d992bb2085cadf01b270e4f04b3d91c4fd5a70e3","2","cold","SELECTIVE_POLICY_MEASURED","True","SELECTIVE","0","","1064","507","0.102564",,,,"14883","15214","-1395",
"vue-router","1","e978eb8efeef193dfaf5f358a56109633d17fc56","d992bb2085cadf01b270e4f04b3d91c4fd5a70e3","2","warm","SELECTIVE_POLICY_MEASURED","True","SELECTIVE","0","","1153","532","0.135624",,,,"14883","15214","-1484",
"vue-router","1","e978eb8efeef193dfaf5f358a56109633d17fc56","d992bb2085cadf01b270e4f04b3d91c4fd5a70e3","2","incremental","SELECTIVE_POLICY_MEASURED","True","SELECTIVE","0","","1125","529","0.145478",,,,"14883","15214","-1456",
"vue-router","2","84dd1a17607ed0dc173f244893bdf1730bea88a2","0eaaeb9697acd40ad524d913d0348748e9797acb","1","uncached","FULL_POLICY_MEASURED","True","FULL","5","Changes outside the declared Vue package require full validation; Configuration file(s) changed; full validation required; Dependency manifest changed; full validation required; Lockfile changed; full validation required; Deleted source/asset packages/router/vitest.workspace.js not present in HEAD dependency graph; legacy dependents cannot be determined","1605","502","0.111007",,,,"16675","16675","-1605",
"vue-router","2","84dd1a17607ed0dc173f244893bdf1730bea88a2","0eaaeb9697acd40ad524d913d0348748e9797acb","1","cold","FULL_POLICY_MEASURED","True","FULL","5","Changes outside the declared Vue package require full validation; Configuration file(s) changed; full validation required; Dependency manifest changed; full validation required; Lockfile changed; full validation required; Deleted source/asset packages/router/vitest.workspace.js not present in HEAD dependency graph; legacy dependents cannot be determined","1128","532","0.14016",,,,"16675","16675","-1128",
"vue-router","2","84dd1a17607ed0dc173f244893bdf1730bea88a2","0eaaeb9697acd40ad524d913d0348748e9797acb","1","warm","FULL_POLICY_MEASURED","True","FULL","5","Changes outside the declared Vue package require full validation; Configuration file(s) changed; full validation required; Dependency manifest changed; full validation required; Lockfile changed; full validation required; Deleted source/asset packages/router/vitest.workspace.js not present in HEAD dependency graph; legacy dependents cannot be determined","1162","570","0.13287",,,,"16675","16675","-1162",
"vue-router","2","84dd1a17607ed0dc173f244893bdf1730bea88a2","0eaaeb9697acd40ad524d913d0348748e9797acb","1","incremental","FULL_POLICY_MEASURED","True","FULL","5","Changes outside the declared Vue package require full validation; Configuration file(s) changed; full validation required; Dependency manifest changed; full validation required; Lockfile changed; full validation required; Deleted source/asset packages/router/vitest.workspace.js not present in HEAD dependency graph; legacy dependents cannot be determined","1032","511","0.149874",,,,"16675","16675","-1032",
"vue-router","2","84dd1a17607ed0dc173f244893bdf1730bea88a2","0eaaeb9697acd40ad524d913d0348748e9797acb","2","uncached","FULL_POLICY_MEASURED","True","FULL","5","Changes outside the declared Vue package require full validation; Configuration file(s) changed; full validation required; Dependency manifest changed; full validation required; Lockfile changed; full validation required; Deleted source/asset packages/router/vitest.workspace.js not present in HEAD dependency graph; legacy dependents cannot be determined","1200","618","0.090476",,,,"15275","15275","-1200",
"vue-router","2","84dd1a17607ed0dc173f244893bdf1730bea88a2","0eaaeb9697acd40ad524d913d0348748e9797acb","2","cold","FULL_POLICY_MEASURED","True","FULL","5","Changes outside the declared Vue package require full validation; Configuration file(s) changed; full validation required; Dependency manifest changed; full validation required; Lockfile changed; full validation required; Deleted source/asset packages/router/vitest.workspace.js not present in HEAD dependency graph; legacy dependents cannot be determined","1214","567","0.137085",,,,"15275","15275","-1214",
"vue-router","2","84dd1a17607ed0dc173f244893bdf1730bea88a2","0eaaeb9697acd40ad524d913d0348748e9797acb","2","warm","FULL_POLICY_MEASURED","True","FULL","5","Changes outside the declared Vue package require full validation; Configuration file(s) changed; full validation required; Dependency manifest changed; full validation required; Lockfile changed; full validation required; Deleted source/asset packages/router/vitest.workspace.js not present in HEAD dependency graph; legacy dependents cannot be determined","1129","506","0.111988",,,,"15275","15275","-1129",
"vue-router","2","84dd1a17607ed0dc173f244893bdf1730bea88a2","0eaaeb9697acd40ad524d913d0348748e9797acb","2","incremental","FULL_POLICY_MEASURED","True","FULL","5","Changes outside the declared Vue package require full validation; Configuration file(s) changed; full validation required; Dependency manifest changed; full validation required; Lockfile changed; full validation required; Deleted source/asset packages/router/vitest.workspace.js not present in HEAD dependency graph; legacy dependents cannot be determined","1096","493","0.097506",,,,"15275","15275","-1096",
"vue-router","3","c73e83f25471e1690b3f6d32cdc793819408f0ff","84dd1a17607ed0dc173f244893bdf1730bea88a2","1","uncached","FULL_POLICY_MEASURED","True","FULL","4","Changes outside the declared Vue package require full validation; Configuration file(s) changed; full validation required; Dependency manifest changed; full validation required; Lockfile changed; full validation required","1188","577","0.093781",,,,"15722","15722","-1188","DETECTED"
"vue-router","3","c73e83f25471e1690b3f6d32cdc793819408f0ff","84dd1a17607ed0dc173f244893bdf1730bea88a2","1","cold","FULL_POLICY_MEASURED","True","FULL","4","Changes outside the declared Vue package require full validation; Configuration file(s) changed; full validation required; Dependency manifest changed; full validation required; Lockfile changed; full validation required","1206","589","0.115142",,,,"15722","15722","-1206","DETECTED"
"vue-router","3","c73e83f25471e1690b3f6d32cdc793819408f0ff","84dd1a17607ed0dc173f244893bdf1730bea88a2","1","warm","FULL_POLICY_MEASURED","True","FULL","4","Changes outside the declared Vue package require full validation; Configuration file(s) changed; full validation required; Dependency manifest changed; full validation required; Lockfile changed; full validation required","1162","546","0.123355",,,,"15722","15722","-1162","DETECTED"
"vue-router","3","c73e83f25471e1690b3f6d32cdc793819408f0ff","84dd1a17607ed0dc173f244893bdf1730bea88a2","1","incremental","FULL_POLICY_MEASURED","True","FULL","4","Changes outside the declared Vue package require full validation; Configuration file(s) changed; full validation required; Dependency manifest changed; full validation required; Lockfile changed; full validation required","1148","518","0.176816",,,,"15722","15722","-1148","DETECTED"
"vue-router","3","c73e83f25471e1690b3f6d32cdc793819408f0ff","84dd1a17607ed0dc173f244893bdf1730bea88a2","2","uncached","FULL_POLICY_MEASURED","True","FULL","4","Changes outside the declared Vue package require full validation; Configuration file(s) changed; full validation required; Dependency manifest changed; full validation required; Lockfile changed; full validation required","1176","550","0.0871",,,,"14693","14693","-1176","DETECTED"
"vue-router","3","c73e83f25471e1690b3f6d32cdc793819408f0ff","84dd1a17607ed0dc173f244893bdf1730bea88a2","2","cold","FULL_POLICY_MEASURED","True","FULL","4","Changes outside the declared Vue package require full validation; Configuration file(s) changed; full validation required; Dependency manifest changed; full validation required; Lockfile changed; full validation required","1132","561","0.159469",,,,"14693","14693","-1132","DETECTED"
"vue-router","3","c73e83f25471e1690b3f6d32cdc793819408f0ff","84dd1a17607ed0dc173f244893bdf1730bea88a2","2","warm","FULL_POLICY_MEASURED","True","FULL","4","Changes outside the declared Vue package require full validation; Configuration file(s) changed; full validation required; Dependency manifest changed; full validation required; Lockfile changed; full validation required","1148","550","0.134191",,,,"14693","14693","-1148","DETECTED"
"vue-router","3","c73e83f25471e1690b3f6d32cdc793819408f0ff","84dd1a17607ed0dc173f244893bdf1730bea88a2","2","incremental","FULL_POLICY_MEASURED","True","FULL","4","Changes outside the declared Vue package require full validation; Configuration file(s) changed; full validation required; Dependency manifest changed; full validation required; Lockfile changed; full validation required","1176","585","0.145458",,,,"14693","14693","-1176","DETECTED"
"vue-router","4","3753ede2e6bf2cdf8955bb6b22deb7af8de45d94","b2e08358956055fb86eb544e390d18ff31bf073a","1","uncached","FULL_POLICY_MEASURED","True","FULL","15","Changes outside the declared Vue package require full validation; Configuration file(s) changed; full validation required; Dependency manifest changed; full validation required; Lockfile changed; full validation required; Unknown changed file: packages/playground/index.html; Unknown changed file: packages/router/e2e/encoding/index.html; Unknown changed file: packages/router/e2e/guards-instances/index.html; Unknown changed file: packages/router/e2e/hash/index.html; Unknown changed file: packages/router/e2e/index.html; Unknown changed file: packages/router/e2e/keep-alive/index.html; Unknown changed file: packages/router/e2e/modal/index.html; Unknown changed file: packages/router/e2e/multi-app/index.html; Unknown changed file: packages/router/e2e/scroll-behavior/index.html; Unknown changed file: packages/router/e2e/suspense/index.html; Unknown changed file: packages/router/e2e/transitions/index.html","1849","598","0.110756",,,,"15774","15774","-1849",
"vue-router","4","3753ede2e6bf2cdf8955bb6b22deb7af8de45d94","b2e08358956055fb86eb544e390d18ff31bf073a","1","cold","FULL_POLICY_MEASURED","True","FULL","15","Changes outside the declared Vue package require full validation; Configuration file(s) changed; full validation required; Dependency manifest changed; full validation required; Lockfile changed; full validation required; Unknown changed file: packages/playground/index.html; Unknown changed file: packages/router/e2e/encoding/index.html; Unknown changed file: packages/router/e2e/guards-instances/index.html; Unknown changed file: packages/router/e2e/hash/index.html; Unknown changed file: packages/router/e2e/index.html; Unknown changed file: packages/router/e2e/keep-alive/index.html; Unknown changed file: packages/router/e2e/modal/index.html; Unknown changed file: packages/router/e2e/multi-app/index.html; Unknown changed file: packages/router/e2e/scroll-behavior/index.html; Unknown changed file: packages/router/e2e/suspense/index.html; Unknown changed file: packages/router/e2e/transitions/index.html","1224","578","0.190836",,,,"15774","15774","-1224",
"vue-router","4","3753ede2e6bf2cdf8955bb6b22deb7af8de45d94","b2e08358956055fb86eb544e390d18ff31bf073a","1","warm","FULL_POLICY_MEASURED","True","FULL","15","Changes outside the declared Vue package require full validation; Configuration file(s) changed; full validation required; Dependency manifest changed; full validation required; Lockfile changed; full validation required; Unknown changed file: packages/playground/index.html; Unknown changed file: packages/router/e2e/encoding/index.html; Unknown changed file: packages/router/e2e/guards-instances/index.html; Unknown changed file: packages/router/e2e/hash/index.html; Unknown changed file: packages/router/e2e/index.html; Unknown changed file: packages/router/e2e/keep-alive/index.html; Unknown changed file: packages/router/e2e/modal/index.html; Unknown changed file: packages/router/e2e/multi-app/index.html; Unknown changed file: packages/router/e2e/scroll-behavior/index.html; Unknown changed file: packages/router/e2e/suspense/index.html; Unknown changed file: packages/router/e2e/transitions/index.html","1256","562","0.1469",,,,"15774","15774","-1256",
"vue-router","4","3753ede2e6bf2cdf8955bb6b22deb7af8de45d94","b2e08358956055fb86eb544e390d18ff31bf073a","1","incremental","FULL_POLICY_MEASURED","True","FULL","15","Changes outside the declared Vue package require full validation; Configuration file(s) changed; full validation required; Dependency manifest changed; full validation required; Lockfile changed; full validation required; Unknown changed file: packages/playground/index.html; Unknown changed file: packages/router/e2e/encoding/index.html; Unknown changed file: packages/router/e2e/guards-instances/index.html; Unknown changed file: packages/router/e2e/hash/index.html; Unknown changed file: packages/router/e2e/index.html; Unknown changed file: packages/router/e2e/keep-alive/index.html; Unknown changed file: packages/router/e2e/modal/index.html; Unknown changed file: packages/router/e2e/multi-app/index.html; Unknown changed file: packages/router/e2e/scroll-behavior/index.html; Unknown changed file: packages/router/e2e/suspense/index.html; Unknown changed file: packages/router/e2e/transitions/index.html","1258","567","0.110135",,,,"15774","15774","-1258",
"vue-router","4","3753ede2e6bf2cdf8955bb6b22deb7af8de45d94","b2e08358956055fb86eb544e390d18ff31bf073a","2","uncached","FULL_POLICY_MEASURED","True","FULL","15","Changes outside the declared Vue package require full validation; Configuration file(s) changed; full validation required; Dependency manifest changed; full validation required; Lockfile changed; full validation required; Unknown changed file: packages/playground/index.html; Unknown changed file: packages/router/e2e/encoding/index.html; Unknown changed file: packages/router/e2e/guards-instances/index.html; Unknown changed file: packages/router/e2e/hash/index.html; Unknown changed file: packages/router/e2e/index.html; Unknown changed file: packages/router/e2e/keep-alive/index.html; Unknown changed file: packages/router/e2e/modal/index.html; Unknown changed file: packages/router/e2e/multi-app/index.html; Unknown changed file: packages/router/e2e/scroll-behavior/index.html; Unknown changed file: packages/router/e2e/suspense/index.html; Unknown changed file: packages/router/e2e/transitions/index.html","1113","485","0.070285",,,,"14251","14251","-1113",
"vue-router","4","3753ede2e6bf2cdf8955bb6b22deb7af8de45d94","b2e08358956055fb86eb544e390d18ff31bf073a","2","cold","FULL_POLICY_MEASURED","True","FULL","15","Changes outside the declared Vue package require full validation; Configuration file(s) changed; full validation required; Dependency manifest changed; full validation required; Lockfile changed; full validation required; Unknown changed file: packages/playground/index.html; Unknown changed file: packages/router/e2e/encoding/index.html; Unknown changed file: packages/router/e2e/guards-instances/index.html; Unknown changed file: packages/router/e2e/hash/index.html; Unknown changed file: packages/router/e2e/index.html; Unknown changed file: packages/router/e2e/keep-alive/index.html; Unknown changed file: packages/router/e2e/modal/index.html; Unknown changed file: packages/router/e2e/multi-app/index.html; Unknown changed file: packages/router/e2e/scroll-behavior/index.html; Unknown changed file: packages/router/e2e/suspense/index.html; Unknown changed file: packages/router/e2e/transitions/index.html","1247","563","0.165018",,,,"14251","14251","-1247",
"vue-router","4","3753ede2e6bf2cdf8955bb6b22deb7af8de45d94","b2e08358956055fb86eb544e390d18ff31bf073a","2","warm","FULL_POLICY_MEASURED","True","FULL","15","Changes outside the declared Vue package require full validation; Configuration file(s) changed; full validation required; Dependency manifest changed; full validation required; Lockfile changed; full validation required; Unknown changed file: packages/playground/index.html; Unknown changed file: packages/router/e2e/encoding/index.html; Unknown changed file: packages/router/e2e/guards-instances/index.html; Unknown changed file: packages/router/e2e/hash/index.html; Unknown changed file: packages/router/e2e/index.html; Unknown changed file: packages/router/e2e/keep-alive/index.html; Unknown changed file: packages/router/e2e/modal/index.html; Unknown changed file: packages/router/e2e/multi-app/index.html; Unknown changed file: packages/router/e2e/scroll-behavior/index.html; Unknown changed file: packages/router/e2e/suspense/index.html; Unknown changed file: packages/router/e2e/transitions/index.html","1107","506","0.100682",,,,"14251","14251","-1107",
"vue-router","4","3753ede2e6bf2cdf8955bb6b22deb7af8de45d94","b2e08358956055fb86eb544e390d18ff31bf073a","2","incremental","FULL_POLICY_MEASURED","True","FULL","15","Changes outside the declared Vue package require full validation; Configuration file(s) changed; full validation required; Dependency manifest changed; full validation required; Lockfile changed; full validation required; Unknown changed file: packages/playground/index.html; Unknown changed file: packages/router/e2e/encoding/index.html; Unknown changed file: packages/router/e2e/guards-instances/index.html; Unknown changed file: packages/router/e2e/hash/index.html; Unknown changed file: packages/router/e2e/index.html; Unknown changed file: packages/router/e2e/keep-alive/index.html; Unknown changed file: packages/router/e2e/modal/index.html; Unknown changed file: packages/router/e2e/multi-app/index.html; Unknown changed file: packages/router/e2e/scroll-behavior/index.html; Unknown changed file: packages/router/e2e/suspense/index.html; Unknown changed file: packages/router/e2e/transitions/index.html","1280","583","0.150546",,,,"14251","14251","-1280",
"vue-router","5","0ce408dadbb45a4790e2ccee311a032cc7c6d957","9222413d81b7b6577b88ea304f9f24e0cfdbde94","1","uncached","FULL_POLICY_MEASURED","True","FULL","1","Changes outside the declared Vue package require full validation","1046","491","0.076345",,,,"15942","15942","-1046",
"vue-router","5","0ce408dadbb45a4790e2ccee311a032cc7c6d957","9222413d81b7b6577b88ea304f9f24e0cfdbde94","1","cold","FULL_POLICY_MEASURED","True","FULL","1","Changes outside the declared Vue package require full validation","1113","520","0.128573",,,,"15942","15942","-1113",
"vue-router","5","0ce408dadbb45a4790e2ccee311a032cc7c6d957","9222413d81b7b6577b88ea304f9f24e0cfdbde94","1","warm","FULL_POLICY_MEASURED","True","FULL","1","Changes outside the declared Vue package require full validation","1132","530","0.128302",,,,"15942","15942","-1132",
"vue-router","5","0ce408dadbb45a4790e2ccee311a032cc7c6d957","9222413d81b7b6577b88ea304f9f24e0cfdbde94","1","incremental","FULL_POLICY_MEASURED","True","FULL","1","Changes outside the declared Vue package require full validation","1204","575","0.118318",,,,"15942","15942","-1204",
"vue-router","5","0ce408dadbb45a4790e2ccee311a032cc7c6d957","9222413d81b7b6577b88ea304f9f24e0cfdbde94","2","uncached","FULL_POLICY_MEASURED","True","FULL","1","Changes outside the declared Vue package require full validation","1043","471","0.0663",,,,"14018","14018","-1043",
"vue-router","5","0ce408dadbb45a4790e2ccee311a032cc7c6d957","9222413d81b7b6577b88ea304f9f24e0cfdbde94","2","cold","FULL_POLICY_MEASURED","True","FULL","1","Changes outside the declared Vue package require full validation","1037","485","0.12653",,,,"14018","14018","-1037",
"vue-router","5","0ce408dadbb45a4790e2ccee311a032cc7c6d957","9222413d81b7b6577b88ea304f9f24e0cfdbde94","2","warm","FULL_POLICY_MEASURED","True","FULL","1","Changes outside the declared Vue package require full validation","1242","560","0.137116",,,,"14018","14018","-1242",
"vue-router","5","0ce408dadbb45a4790e2ccee311a032cc7c6d957","9222413d81b7b6577b88ea304f9f24e0cfdbde94","2","incremental","FULL_POLICY_MEASURED","True","FULL","1","Changes outside the declared Vue package require full validation","1179","533","0.168142",,,,"14018","14018","-1179",
"vue-router","6","2ddd19fcfb9877b6952d55c75989fea6ba6a1367","b89559ce362ff5dfa1ebe2523405981ac1edcd0c","1","uncached","SELECTIVE_POLICY_MEASURED","True","SELECTIVE","0","","1083","560","0.080931",,,,"16238","14786","369",
"vue-router","6","2ddd19fcfb9877b6952d55c75989fea6ba6a1367","b89559ce362ff5dfa1ebe2523405981ac1edcd0c","1","cold","SELECTIVE_POLICY_MEASURED","True","SELECTIVE","0","","1102","521","0.148763",,,,"16238","14786","350",
"vue-router","6","2ddd19fcfb9877b6952d55c75989fea6ba6a1367","b89559ce362ff5dfa1ebe2523405981ac1edcd0c","1","warm","SELECTIVE_POLICY_MEASURED","True","SELECTIVE","0","","1142","579","0.158097",,,,"16238","14786","310",
"vue-router","6","2ddd19fcfb9877b6952d55c75989fea6ba6a1367","b89559ce362ff5dfa1ebe2523405981ac1edcd0c","1","incremental","SELECTIVE_POLICY_MEASURED","True","SELECTIVE","0","","1059","490","0.097126",,,,"16238","14786","393",
"vue-router","6","2ddd19fcfb9877b6952d55c75989fea6ba6a1367","b89559ce362ff5dfa1ebe2523405981ac1edcd0c","2","uncached","SELECTIVE_POLICY_MEASURED","True","SELECTIVE","0","","1238","583","0.154893",,,,"14737","14567","-1068",
"vue-router","6","2ddd19fcfb9877b6952d55c75989fea6ba6a1367","b89559ce362ff5dfa1ebe2523405981ac1edcd0c","2","cold","SELECTIVE_POLICY_MEASURED","True","SELECTIVE","0","","1186","565","0.174862",,,,"14737","14567","-1016",
"vue-router","6","2ddd19fcfb9877b6952d55c75989fea6ba6a1367","b89559ce362ff5dfa1ebe2523405981ac1edcd0c","2","warm","SELECTIVE_POLICY_MEASURED","True","SELECTIVE","0","","1134","530","0.141662",,,,"14737","14567","-964",
"vue-router","6","2ddd19fcfb9877b6952d55c75989fea6ba6a1367","b89559ce362ff5dfa1ebe2523405981ac1edcd0c","2","incremental","SELECTIVE_POLICY_MEASURED","True","SELECTIVE","0","","1049","482","0.09983",,,,"14737","14567","-879",
"vue-router","7","24ff936bed41166a03f365ab1437960f6426bed1","ec0bff17f1a37b815219cd6a5b0a12e4a595af59","1","uncached","SELECTIVE_POLICY_MEASURED","True","SELECTIVE","0","","999","477","0.071868",,,,"15381","14695","-313","DETECTED"
"vue-router","7","24ff936bed41166a03f365ab1437960f6426bed1","ec0bff17f1a37b815219cd6a5b0a12e4a595af59","1","cold","SELECTIVE_POLICY_MEASURED","True","SELECTIVE","0","","1012","491","0.157607",,,,"15381","14695","-326","DETECTED"
"vue-router","7","24ff936bed41166a03f365ab1437960f6426bed1","ec0bff17f1a37b815219cd6a5b0a12e4a595af59","1","warm","SELECTIVE_POLICY_MEASURED","True","SELECTIVE","0","","977","461","0.104648",,,,"15381","14695","-291","DETECTED"
"vue-router","7","24ff936bed41166a03f365ab1437960f6426bed1","ec0bff17f1a37b815219cd6a5b0a12e4a595af59","1","incremental","SELECTIVE_POLICY_MEASURED","True","SELECTIVE","0","","1077","520","0.126549",,,,"15381","14695","-391","DETECTED"
"vue-router","7","24ff936bed41166a03f365ab1437960f6426bed1","ec0bff17f1a37b815219cd6a5b0a12e4a595af59","2","uncached","SELECTIVE_POLICY_MEASURED","True","SELECTIVE","0","","1153","607","0.151226",,,,"14975","14492","-670","DETECTED"
"vue-router","7","24ff936bed41166a03f365ab1437960f6426bed1","ec0bff17f1a37b815219cd6a5b0a12e4a595af59","2","cold","SELECTIVE_POLICY_MEASURED","True","SELECTIVE","0","","1338","600","0.176565",,,,"14975","14492","-855","DETECTED"
"vue-router","7","24ff936bed41166a03f365ab1437960f6426bed1","ec0bff17f1a37b815219cd6a5b0a12e4a595af59","2","warm","SELECTIVE_POLICY_MEASURED","True","SELECTIVE","0","","1176","557","0.108493",,,,"14975","14492","-693","DETECTED"
"vue-router","7","24ff936bed41166a03f365ab1437960f6426bed1","ec0bff17f1a37b815219cd6a5b0a12e4a595af59","2","incremental","SELECTIVE_POLICY_MEASURED","True","SELECTIVE","0","","1225","617","0.224227",,,,"14975","14492","-742","DETECTED"
"chi","0","cbaac313e4f2c7140eba9863f2be951c7804139a","134f373b64a79c16e0d4e72acf47a355ae37dfe9","1","uncached","SELECTIVE_POLICY_MEASURED","True","SELECTIVE","0","","1119","463","436.528382",,,,"40927","25587","14221","DETECTED"
"chi","0","cbaac313e4f2c7140eba9863f2be951c7804139a","134f373b64a79c16e0d4e72acf47a355ae37dfe9","1","cold","SELECTIVE_POLICY_MEASURED","True","SELECTIVE","0","","889","203","181.216894",,,,"40927","25587","14451","DETECTED"
"chi","0","cbaac313e4f2c7140eba9863f2be951c7804139a","134f373b64a79c16e0d4e72acf47a355ae37dfe9","1","warm","SELECTIVE_POLICY_MEASURED","True","SELECTIVE","0","","837","208","182.582996",,,,"40927","25587","14503","DETECTED"
"chi","0","cbaac313e4f2c7140eba9863f2be951c7804139a","134f373b64a79c16e0d4e72acf47a355ae37dfe9","1","incremental","SELECTIVE_POLICY_MEASURED","True","SELECTIVE","0","","832","197","173.893168",,,,"40927","25587","14508","DETECTED"
"chi","0","cbaac313e4f2c7140eba9863f2be951c7804139a","134f373b64a79c16e0d4e72acf47a355ae37dfe9","2","uncached","SELECTIVE_POLICY_MEASURED","True","SELECTIVE","0","","930","221","193.479265",,,,"25554","25632","-1008","DETECTED"
"chi","0","cbaac313e4f2c7140eba9863f2be951c7804139a","134f373b64a79c16e0d4e72acf47a355ae37dfe9","2","cold","SELECTIVE_POLICY_MEASURED","True","SELECTIVE","0","","832","222","195.151276",,,,"25554","25632","-910","DETECTED"
"chi","0","cbaac313e4f2c7140eba9863f2be951c7804139a","134f373b64a79c16e0d4e72acf47a355ae37dfe9","2","warm","SELECTIVE_POLICY_MEASURED","True","SELECTIVE","0","","840","205","178.877912",,,,"25554","25632","-918","DETECTED"
"chi","0","cbaac313e4f2c7140eba9863f2be951c7804139a","134f373b64a79c16e0d4e72acf47a355ae37dfe9","2","incremental","SELECTIVE_POLICY_MEASURED","True","SELECTIVE","0","","774","198","170.788606",,,,"25554","25632","-852","DETECTED"
"chi","1","df0303d61b1dc0933b60c550f9a02e7784a42ed5","cbaac313e4f2c7140eba9863f2be951c7804139a","1","uncached","SELECTIVE_POLICY_MEASURED","True","SELECTIVE","0","","738","206","174.470789",,,,"26173","25636","-201",
"chi","1","df0303d61b1dc0933b60c550f9a02e7784a42ed5","cbaac313e4f2c7140eba9863f2be951c7804139a","1","cold","SELECTIVE_POLICY_MEASURED","True","SELECTIVE","0","","734","197","169.601895",,,,"26173","25636","-197",
"chi","1","df0303d61b1dc0933b60c550f9a02e7784a42ed5","cbaac313e4f2c7140eba9863f2be951c7804139a","1","warm","SELECTIVE_POLICY_MEASURED","True","SELECTIVE","0","","798","207","180.277583",,,,"26173","25636","-261",
"chi","1","df0303d61b1dc0933b60c550f9a02e7784a42ed5","cbaac313e4f2c7140eba9863f2be951c7804139a","1","incremental","SELECTIVE_POLICY_MEASURED","True","SELECTIVE","0","","726","196","175.56397",,,,"26173","25636","-189",
"chi","1","df0303d61b1dc0933b60c550f9a02e7784a42ed5","cbaac313e4f2c7140eba9863f2be951c7804139a","2","uncached","SELECTIVE_POLICY_MEASURED","True","SELECTIVE","0","","725","190","166.066262",,,,"25675","25653","-703",
"chi","1","df0303d61b1dc0933b60c550f9a02e7784a42ed5","cbaac313e4f2c7140eba9863f2be951c7804139a","2","cold","SELECTIVE_POLICY_MEASURED","True","SELECTIVE","0","","771","179","159.540116",,,,"25675","25653","-749",
"chi","1","df0303d61b1dc0933b60c550f9a02e7784a42ed5","cbaac313e4f2c7140eba9863f2be951c7804139a","2","warm","SELECTIVE_POLICY_MEASURED","True","SELECTIVE","0","","701","180","158.845065",,,,"25675","25653","-679",
"chi","1","df0303d61b1dc0933b60c550f9a02e7784a42ed5","cbaac313e4f2c7140eba9863f2be951c7804139a","2","incremental","SELECTIVE_POLICY_MEASURED","True","SELECTIVE","0","","802","192","170.596865",,,,"25675","25653","-780",
"chi","2","5dd77169551921a41dd3cb54ad01c4d7facab7d0","73350509aa6e198d6677df0f09c5611446e96da4","1","uncached","SELECTIVE_POLICY_MEASURED","True","SELECTIVE","0","","1548","200","178.640422",,,,"26017","25600","-1131",
"chi","2","5dd77169551921a41dd3cb54ad01c4d7facab7d0","73350509aa6e198d6677df0f09c5611446e96da4","1","cold","SELECTIVE_POLICY_MEASURED","True","SELECTIVE","0","","808","204","180.563814",,,,"26017","25600","-391",
"chi","2","5dd77169551921a41dd3cb54ad01c4d7facab7d0","73350509aa6e198d6677df0f09c5611446e96da4","1","warm","SELECTIVE_POLICY_MEASURED","True","SELECTIVE","0","","813","190","165.987732",,,,"26017","25600","-396",
"chi","2","5dd77169551921a41dd3cb54ad01c4d7facab7d0","73350509aa6e198d6677df0f09c5611446e96da4","1","incremental","SELECTIVE_POLICY_MEASURED","True","SELECTIVE","0","","832","206","183.983386",,,,"26017","25600","-415",
"chi","2","5dd77169551921a41dd3cb54ad01c4d7facab7d0","73350509aa6e198d6677df0f09c5611446e96da4","2","uncached","SELECTIVE_POLICY_MEASURED","True","SELECTIVE","0","","807","186","162.764928",,,,"25670","25589","-726",
"chi","2","5dd77169551921a41dd3cb54ad01c4d7facab7d0","73350509aa6e198d6677df0f09c5611446e96da4","2","cold","SELECTIVE_POLICY_MEASURED","True","SELECTIVE","0","","797","187","165.730971",,,,"25670","25589","-716",
"chi","2","5dd77169551921a41dd3cb54ad01c4d7facab7d0","73350509aa6e198d6677df0f09c5611446e96da4","2","warm","SELECTIVE_POLICY_MEASURED","True","SELECTIVE","0","","780","202","177.297071",,,,"25670","25589","-699",
"chi","2","5dd77169551921a41dd3cb54ad01c4d7facab7d0","73350509aa6e198d6677df0f09c5611446e96da4","2","incremental","SELECTIVE_POLICY_MEASURED","True","SELECTIVE","0","","785","194","170.296145",,,,"25670","25589","-704",
"chi","3","1f927a8ec868a307ad892b454d2aacfab463d5d0","2c4d128ffd487f49b3e5cfeb70e3bdd39a2fe462","1","uncached","BASELINE_RED_OR_UNREADABLE","False","SELECTIVE","0","","763","197","173.444738",,,,,,,
"chi","3","1f927a8ec868a307ad892b454d2aacfab463d5d0","2c4d128ffd487f49b3e5cfeb70e3bdd39a2fe462","1","cold","BASELINE_RED_OR_UNREADABLE","False","SELECTIVE","0","","753","192","170.088395",,,,,,,
"chi","3","1f927a8ec868a307ad892b454d2aacfab463d5d0","2c4d128ffd487f49b3e5cfeb70e3bdd39a2fe462","1","warm","BASELINE_RED_OR_UNREADABLE","False","SELECTIVE","0","","847","208","180.228094",,,,,,,
"chi","3","1f927a8ec868a307ad892b454d2aacfab463d5d0","2c4d128ffd487f49b3e5cfeb70e3bdd39a2fe462","1","incremental","BASELINE_RED_OR_UNREADABLE","False","SELECTIVE","0","","795","209","187.09755",,,,,,,
"chi","3","1f927a8ec868a307ad892b454d2aacfab463d5d0","2c4d128ffd487f49b3e5cfeb70e3bdd39a2fe462","2","uncached","BASELINE_RED_OR_UNREADABLE","False","SELECTIVE","0","","793","207","182.340986",,,,,,,
"chi","3","1f927a8ec868a307ad892b454d2aacfab463d5d0","2c4d128ffd487f49b3e5cfeb70e3bdd39a2fe462","2","cold","BASELINE_RED_OR_UNREADABLE","False","SELECTIVE","0","","877","214","185.450628",,,,,,,
"chi","3","1f927a8ec868a307ad892b454d2aacfab463d5d0","2c4d128ffd487f49b3e5cfeb70e3bdd39a2fe462","2","warm","BASELINE_RED_OR_UNREADABLE","False","SELECTIVE","0","","831","205","176.54048",,,,,,,
"chi","3","1f927a8ec868a307ad892b454d2aacfab463d5d0","2c4d128ffd487f49b3e5cfeb70e3bdd39a2fe462","2","incremental","BASELINE_RED_OR_UNREADABLE","False","SELECTIVE","0","","841","194","168.733974",,,,,,,
"chi","4","882c15e6462ce0630529d04c330e84942ebd059d","1f927a8ec868a307ad892b454d2aacfab463d5d0","1","uncached","SELECTIVE_POLICY_MEASURED","True","SELECTIVE","0","","828","236","213.507702",,,,"26218","25599","-209",
"chi","4","882c15e6462ce0630529d04c330e84942ebd059d","1f927a8ec868a307ad892b454d2aacfab463d5d0","1","cold","SELECTIVE_POLICY_MEASURED","True","SELECTIVE","0","","904","244","214.202202",,,,"26218","25599","-285",
"chi","4","882c15e6462ce0630529d04c330e84942ebd059d","1f927a8ec868a307ad892b454d2aacfab463d5d0","1","warm","SELECTIVE_POLICY_MEASURED","True","SELECTIVE","0","","888","233","204.862335",,,,"26218","25599","-269",
"chi","4","882c15e6462ce0630529d04c330e84942ebd059d","1f927a8ec868a307ad892b454d2aacfab463d5d0","1","incremental","SELECTIVE_POLICY_MEASURED","True","SELECTIVE","0","","872","224","188.38024",,,,"26218","25599","-253",
"chi","4","882c15e6462ce0630529d04c330e84942ebd059d","1f927a8ec868a307ad892b454d2aacfab463d5d0","2","uncached","SELECTIVE_POLICY_MEASURED","True","SELECTIVE","0","","863","220","191.847954",,,,"25592","25539","-810",
"chi","4","882c15e6462ce0630529d04c330e84942ebd059d","1f927a8ec868a307ad892b454d2aacfab463d5d0","2","cold","SELECTIVE_POLICY_MEASURED","True","SELECTIVE","0","","843","233","204.096254",,,,"25592","25539","-790",
"chi","4","882c15e6462ce0630529d04c330e84942ebd059d","1f927a8ec868a307ad892b454d2aacfab463d5d0","2","warm","SELECTIVE_POLICY_MEASURED","True","SELECTIVE","0","","985","230","201.294011",,,,"25592","25539","-932",
"chi","4","882c15e6462ce0630529d04c330e84942ebd059d","1f927a8ec868a307ad892b454d2aacfab463d5d0","2","incremental","SELECTIVE_POLICY_MEASURED","True","SELECTIVE","0","","783","174","149.717488",,,,"25592","25539","-730",
"chi","5","6ceb498b221efa11f559602beb2463b8b52c2161","882c15e6462ce0630529d04c330e84942ebd059d","1","uncached","UNSTABLE_OR_POLICY_FAILED","False","SELECTIVE","0","","822","200","177.048051",,,,,,,
"chi","5","6ceb498b221efa11f559602beb2463b8b52c2161","882c15e6462ce0630529d04c330e84942ebd059d","1","cold","UNSTABLE_OR_POLICY_FAILED","False","SELECTIVE","0","","737","181","160.815337",,,,,,,
"chi","5","6ceb498b221efa11f559602beb2463b8b52c2161","882c15e6462ce0630529d04c330e84942ebd059d","1","warm","UNSTABLE_OR_POLICY_FAILED","False","SELECTIVE","0","","803","194","168.100243",,,,,,,
"chi","5","6ceb498b221efa11f559602beb2463b8b52c2161","882c15e6462ce0630529d04c330e84942ebd059d","1","incremental","UNSTABLE_OR_POLICY_FAILED","False","SELECTIVE","0","","844","205","185.088518",,,,,,,
"chi","5","6ceb498b221efa11f559602beb2463b8b52c2161","882c15e6462ce0630529d04c330e84942ebd059d","2","uncached","UNSTABLE_OR_POLICY_FAILED","False","SELECTIVE","0","","746","189","164.76368",,,,,,,
"chi","5","6ceb498b221efa11f559602beb2463b8b52c2161","882c15e6462ce0630529d04c330e84942ebd059d","2","cold","UNSTABLE_OR_POLICY_FAILED","False","SELECTIVE","0","","765","206","179.993633",,,,,,,
"chi","5","6ceb498b221efa11f559602beb2463b8b52c2161","882c15e6462ce0630529d04c330e84942ebd059d","2","warm","UNSTABLE_OR_POLICY_FAILED","False","SELECTIVE","0","","831","198","172.764527",,,,,,,
"chi","5","6ceb498b221efa11f559602beb2463b8b52c2161","882c15e6462ce0630529d04c330e84942ebd059d","2","incremental","UNSTABLE_OR_POLICY_FAILED","False","SELECTIVE","0","","868","192","169.628215",,,,,,,
"chi","6","d9d5e318c2701f0dfd1decf6f77566501d720d20","6ceb498b221efa11f559602beb2463b8b52c2161","1","uncached","SELECTIVE_POLICY_MEASURED","True","SELECTIVE","0","","747","189","168.717854",,,,"26105","25622","-264",
"chi","6","d9d5e318c2701f0dfd1decf6f77566501d720d20","6ceb498b221efa11f559602beb2463b8b52c2161","1","cold","SELECTIVE_POLICY_MEASURED","True","SELECTIVE","0","","789","183","163.58795",,,,"26105","25622","-306",
"chi","6","d9d5e318c2701f0dfd1decf6f77566501d720d20","6ceb498b221efa11f559602beb2463b8b52c2161","1","warm","SELECTIVE_POLICY_MEASURED","True","SELECTIVE","0","","735","187","162.887658",,,,"26105","25622","-252",
"chi","6","d9d5e318c2701f0dfd1decf6f77566501d720d20","6ceb498b221efa11f559602beb2463b8b52c2161","1","incremental","SELECTIVE_POLICY_MEASURED","True","SELECTIVE","0","","818","183","161.658798",,,,"26105","25622","-335",
"chi","6","d9d5e318c2701f0dfd1decf6f77566501d720d20","6ceb498b221efa11f559602beb2463b8b52c2161","2","uncached","SELECTIVE_POLICY_MEASURED","True","SELECTIVE","0","","876","186","164.40706",,,,"25640","25556","-792",
"chi","6","d9d5e318c2701f0dfd1decf6f77566501d720d20","6ceb498b221efa11f559602beb2463b8b52c2161","2","cold","SELECTIVE_POLICY_MEASURED","True","SELECTIVE","0","","704","175","151.88557",,,,"25640","25556","-620",
"chi","6","d9d5e318c2701f0dfd1decf6f77566501d720d20","6ceb498b221efa11f559602beb2463b8b52c2161","2","warm","SELECTIVE_POLICY_MEASURED","True","SELECTIVE","0","","781","219","196.262607",,,,"25640","25556","-697",
"chi","6","d9d5e318c2701f0dfd1decf6f77566501d720d20","6ceb498b221efa11f559602beb2463b8b52c2161","2","incremental","SELECTIVE_POLICY_MEASURED","True","SELECTIVE","0","","695","162","142.132251",,,,"25640","25556","-611",
"chi","7","0a20a0e3400e551803f463d17a0ab84ee8afef3c","d9d5e318c2701f0dfd1decf6f77566501d720d20","1","uncached","SELECTIVE_POLICY_MEASURED","True","SELECTIVE","0","","798","214","186.413859",,,,"26078","25576","-296","DETECTED"
"chi","7","0a20a0e3400e551803f463d17a0ab84ee8afef3c","d9d5e318c2701f0dfd1decf6f77566501d720d20","1","cold","SELECTIVE_POLICY_MEASURED","True","SELECTIVE","0","","937","239","212.354581",,,,"26078","25576","-435","DETECTED"
"chi","7","0a20a0e3400e551803f463d17a0ab84ee8afef3c","d9d5e318c2701f0dfd1decf6f77566501d720d20","1","warm","SELECTIVE_POLICY_MEASURED","True","SELECTIVE","0","","792","192","166.312322",,,,"26078","25576","-290","DETECTED"
"chi","7","0a20a0e3400e551803f463d17a0ab84ee8afef3c","d9d5e318c2701f0dfd1decf6f77566501d720d20","1","incremental","SELECTIVE_POLICY_MEASURED","True","SELECTIVE","0","","914","230","203.283033",,,,"26078","25576","-412","DETECTED"
"chi","7","0a20a0e3400e551803f463d17a0ab84ee8afef3c","d9d5e318c2701f0dfd1decf6f77566501d720d20","2","uncached","SELECTIVE_POLICY_MEASURED","True","SELECTIVE","0","","763","202","177.976221",,,,"25618","25620","-765","DETECTED"
"chi","7","0a20a0e3400e551803f463d17a0ab84ee8afef3c","d9d5e318c2701f0dfd1decf6f77566501d720d20","2","cold","SELECTIVE_POLICY_MEASURED","True","SELECTIVE","0","","775","198","174.973289",,,,"25618","25620","-777","DETECTED"
"chi","7","0a20a0e3400e551803f463d17a0ab84ee8afef3c","d9d5e318c2701f0dfd1decf6f77566501d720d20","2","warm","SELECTIVE_POLICY_MEASURED","True","SELECTIVE","0","","799","201","178.991893",,,,"25618","25620","-801","DETECTED"
"chi","7","0a20a0e3400e551803f463d17a0ab84ee8afef3c","d9d5e318c2701f0dfd1decf6f77566501d720d20","2","incremental","SELECTIVE_POLICY_MEASURED","True","SELECTIVE","0","","799","195","173.247698",,,,"25618","25620","-801","DETECTED"
"cobra","0","611e16c322e3b0413a9ba4e489fcd98ef904e406","09d5664f34e3f7571560e48ccb74c8904b671e87","1","uncached","SELECTIVE_POLICY_MEASURED","True","SELECTIVE","0","","2646","559","516.729266",,,,"26550","1396","22508","DETECTED"
"cobra","0","611e16c322e3b0413a9ba4e489fcd98ef904e406","09d5664f34e3f7571560e48ccb74c8904b671e87","1","cold","SELECTIVE_POLICY_MEASURED","True","SELECTIVE","0","","1516","273","240.127084",,,,"26550","1396","23638","DETECTED"
"cobra","0","611e16c322e3b0413a9ba4e489fcd98ef904e406","09d5664f34e3f7571560e48ccb74c8904b671e87","1","warm","SELECTIVE_POLICY_MEASURED","True","SELECTIVE","0","","1523","387","340.249532",,,,"26550","1396","23631","DETECTED"
"cobra","0","611e16c322e3b0413a9ba4e489fcd98ef904e406","09d5664f34e3f7571560e48ccb74c8904b671e87","1","incremental","SELECTIVE_POLICY_MEASURED","True","SELECTIVE","0","","1431","262","227.166229",,,,"26550","1396","23723","DETECTED"
"cobra","0","611e16c322e3b0413a9ba4e489fcd98ef904e406","09d5664f34e3f7571560e48ccb74c8904b671e87","2","uncached","SELECTIVE_POLICY_MEASURED","True","SELECTIVE","0","","1602","295","254.593172",,,,"1356","1339","-1585","DETECTED"
"cobra","0","611e16c322e3b0413a9ba4e489fcd98ef904e406","09d5664f34e3f7571560e48ccb74c8904b671e87","2","cold","SELECTIVE_POLICY_MEASURED","True","SELECTIVE","0","","1688","376","324.283775",,,,"1356","1339","-1671","DETECTED"
"cobra","0","611e16c322e3b0413a9ba4e489fcd98ef904e406","09d5664f34e3f7571560e48ccb74c8904b671e87","2","warm","SELECTIVE_POLICY_MEASURED","True","SELECTIVE","0","","1904","388","343.892954",,,,"1356","1339","-1887","DETECTED"
"cobra","0","611e16c322e3b0413a9ba4e489fcd98ef904e406","09d5664f34e3f7571560e48ccb74c8904b671e87","2","incremental","SELECTIVE_POLICY_MEASURED","True","SELECTIVE","0","","1367","337","296.150951",,,,"1356","1339","-1350","DETECTED"
"cobra","1","41b26ec8bb59dfba580f722201bf371c4f5703dd","611e16c322e3b0413a9ba4e489fcd98ef904e406","1","uncached","SELECTIVE_POLICY_MEASURED","True","SELECTIVE","0","","1964","516","453.185776",,,,"3572","1366","242",
"cobra","1","41b26ec8bb59dfba580f722201bf371c4f5703dd","611e16c322e3b0413a9ba4e489fcd98ef904e406","1","cold","SELECTIVE_POLICY_MEASURED","True","SELECTIVE","0","","1326","320","277.517722",,,,"3572","1366","880",
"cobra","1","41b26ec8bb59dfba580f722201bf371c4f5703dd","611e16c322e3b0413a9ba4e489fcd98ef904e406","1","warm","SELECTIVE_POLICY_MEASURED","True","SELECTIVE","0","","2256","565","495.778786",,,,"3572","1366","-50",
"cobra","1","41b26ec8bb59dfba580f722201bf371c4f5703dd","611e16c322e3b0413a9ba4e489fcd98ef904e406","1","incremental","SELECTIVE_POLICY_MEASURED","True","SELECTIVE","0","","1473","379","339.431332",,,,"3572","1366","733",
"cobra","1","41b26ec8bb59dfba580f722201bf371c4f5703dd","611e16c322e3b0413a9ba4e489fcd98ef904e406","2","uncached","SELECTIVE_POLICY_MEASURED","True","SELECTIVE","0","","1610","302","270.017389",,,,"1319","1399","-1690",
"cobra","1","41b26ec8bb59dfba580f722201bf371c4f5703dd","611e16c322e3b0413a9ba4e489fcd98ef904e406","2","cold","SELECTIVE_POLICY_MEASURED","True","SELECTIVE","0","","1471","332","292.736129",,,,"1319","1399","-1551",
"cobra","1","41b26ec8bb59dfba580f722201bf371c4f5703dd","611e16c322e3b0413a9ba4e489fcd98ef904e406","2","warm","SELECTIVE_POLICY_MEASURED","True","SELECTIVE","0","","1714","342","304.661696",,,,"1319","1399","-1794",
"cobra","1","41b26ec8bb59dfba580f722201bf371c4f5703dd","611e16c322e3b0413a9ba4e489fcd98ef904e406","2","incremental","SELECTIVE_POLICY_MEASURED","True","SELECTIVE","0","","1353","278","246.514348",,,,"1319","1399","-1433",
"cobra","2","4ba5566f5704a9c0d205e1ef3efc4896156d33fa","41b26ec8bb59dfba580f722201bf371c4f5703dd","1","uncached","SELECTIVE_POLICY_MEASURED","True","SELECTIVE","0","","1506","314","275.318811",,,,"3809","1587","716",
"cobra","2","4ba5566f5704a9c0d205e1ef3efc4896156d33fa","41b26ec8bb59dfba580f722201bf371c4f5703dd","1","cold","SELECTIVE_POLICY_MEASURED","True","SELECTIVE","0","","1318","226","195.544613",,,,"3809","1587","904",
"cobra","2","4ba5566f5704a9c0d205e1ef3efc4896156d33fa","41b26ec8bb59dfba580f722201bf371c4f5703dd","1","warm","SELECTIVE_POLICY_MEASURED","True","SELECTIVE","0","","1355","328","283.036775",,,,"3809","1587","867",
"cobra","2","4ba5566f5704a9c0d205e1ef3efc4896156d33fa","41b26ec8bb59dfba580f722201bf371c4f5703dd","1","incremental","SELECTIVE_POLICY_MEASURED","True","SELECTIVE","0","","1421","324","281.505544",,,,"3809","1587","801",
"cobra","2","4ba5566f5704a9c0d205e1ef3efc4896156d33fa","41b26ec8bb59dfba580f722201bf371c4f5703dd","2","uncached","SELECTIVE_POLICY_MEASURED","True","SELECTIVE","0","","1475","291","256.885802",,,,"1923","1978","-1530",
"cobra","2","4ba5566f5704a9c0d205e1ef3efc4896156d33fa","41b26ec8bb59dfba580f722201bf371c4f5703dd","2","cold","SELECTIVE_POLICY_MEASURED","True","SELECTIVE","0","","1515","281","243.717496",,,,"1923","1978","-1570",
"cobra","2","4ba5566f5704a9c0d205e1ef3efc4896156d33fa","41b26ec8bb59dfba580f722201bf371c4f5703dd","2","warm","SELECTIVE_POLICY_MEASURED","True","SELECTIVE","0","","1437","282","246.720988",,,,"1923","1978","-1492",
"cobra","2","4ba5566f5704a9c0d205e1ef3efc4896156d33fa","41b26ec8bb59dfba580f722201bf371c4f5703dd","2","incremental","SELECTIVE_POLICY_MEASURED","True","SELECTIVE","0","","1388","336","294.13261",,,,"1923","1978","-1443",
"cobra","3","ab5cadcc1bbe224b329726fc5f8b99d6f93e9805","4ba5566f5704a9c0d205e1ef3efc4896156d33fa","1","uncached","SELECTIVE_POLICY_MEASURED","True","SELECTIVE","0","","1345","282","245.913538",,,,"3670","1398","927","DETECTED"
"cobra","3","ab5cadcc1bbe224b329726fc5f8b99d6f93e9805","4ba5566f5704a9c0d205e1ef3efc4896156d33fa","1","cold","SELECTIVE_POLICY_MEASURED","True","SELECTIVE","0","","1799","429","382.764242",,,,"3670","1398","473","DETECTED"
"cobra","3","ab5cadcc1bbe224b329726fc5f8b99d6f93e9805","4ba5566f5704a9c0d205e1ef3efc4896156d33fa","1","warm","SELECTIVE_POLICY_MEASURED","True","SELECTIVE","0","","1526","324","285.106286",,,,"3670","1398","746","DETECTED"
"cobra","3","ab5cadcc1bbe224b329726fc5f8b99d6f93e9805","4ba5566f5704a9c0d205e1ef3efc4896156d33fa","1","incremental","SELECTIVE_POLICY_MEASURED","True","SELECTIVE","0","","1673","356","312.98104",,,,"3670","1398","599","DETECTED"
"cobra","3","ab5cadcc1bbe224b329726fc5f8b99d6f93e9805","4ba5566f5704a9c0d205e1ef3efc4896156d33fa","2","uncached","SELECTIVE_POLICY_MEASURED","True","SELECTIVE","0","","1294","252","218.465365",,,,"1217","1353","-1430","DETECTED"
"cobra","3","ab5cadcc1bbe224b329726fc5f8b99d6f93e9805","4ba5566f5704a9c0d205e1ef3efc4896156d33fa","2","cold","SELECTIVE_POLICY_MEASURED","True","SELECTIVE","0","","1726","359","317.289031",,,,"1217","1353","-1862","DETECTED"
"cobra","3","ab5cadcc1bbe224b329726fc5f8b99d6f93e9805","4ba5566f5704a9c0d205e1ef3efc4896156d33fa","2","warm","SELECTIVE_POLICY_MEASURED","True","SELECTIVE","0","","1646","380","332.710968",,,,"1217","1353","-1782","DETECTED"
"cobra","3","ab5cadcc1bbe224b329726fc5f8b99d6f93e9805","4ba5566f5704a9c0d205e1ef3efc4896156d33fa","2","incremental","SELECTIVE_POLICY_MEASURED","True","SELECTIVE","0","","1357","269","233.864001",,,,"1217","1353","-1493","DETECTED"
"cobra","4","8cb30f9ca53a004a6fe88c5cfcc79ac7b24fc638","17b6dca2ffaf6113cbd1cf433ec988fa7d63c6f3","1","uncached","FULL_POLICY_MEASURED","True","FULL","1","Changes in Go discovery-excluded paths require full validation, including runtime test data","1437","286","266.095227",,,,"4264","4264","-1437",
"cobra","4","8cb30f9ca53a004a6fe88c5cfcc79ac7b24fc638","17b6dca2ffaf6113cbd1cf433ec988fa7d63c6f3","1","cold","FULL_POLICY_MEASURED","True","FULL","1","Changes in Go discovery-excluded paths require full validation, including runtime test data","1592","437","410.302595",,,,"4264","4264","-1592",
"cobra","4","8cb30f9ca53a004a6fe88c5cfcc79ac7b24fc638","17b6dca2ffaf6113cbd1cf433ec988fa7d63c6f3","1","warm","FULL_POLICY_MEASURED","True","FULL","1","Changes in Go discovery-excluded paths require full validation, including runtime test data","1731","444","411.860937",,,,"4264","4264","-1731",
"cobra","4","8cb30f9ca53a004a6fe88c5cfcc79ac7b24fc638","17b6dca2ffaf6113cbd1cf433ec988fa7d63c6f3","1","incremental","FULL_POLICY_MEASURED","True","FULL","1","Changes in Go discovery-excluded paths require full validation, including runtime test data","1300","292","265.663456",,,,"4264","4264","-1300",
"cobra","4","8cb30f9ca53a004a6fe88c5cfcc79ac7b24fc638","17b6dca2ffaf6113cbd1cf433ec988fa7d63c6f3","2","uncached","FULL_POLICY_MEASURED","True","FULL","1","Changes in Go discovery-excluded paths require full validation, including runtime test data","1530","289","265.943937",,,,"1721","1721","-1530",
"cobra","4","8cb30f9ca53a004a6fe88c5cfcc79ac7b24fc638","17b6dca2ffaf6113cbd1cf433ec988fa7d63c6f3","2","cold","FULL_POLICY_MEASURED","True","FULL","1","Changes in Go discovery-excluded paths require full validation, including runtime test data","1369","256","237.050453",,,,"1721","1721","-1369",
"cobra","4","8cb30f9ca53a004a6fe88c5cfcc79ac7b24fc638","17b6dca2ffaf6113cbd1cf433ec988fa7d63c6f3","2","warm","FULL_POLICY_MEASURED","True","FULL","1","Changes in Go discovery-excluded paths require full validation, including runtime test data","1562","326","304.264225",,,,"1721","1721","-1562",
"cobra","4","8cb30f9ca53a004a6fe88c5cfcc79ac7b24fc638","17b6dca2ffaf6113cbd1cf433ec988fa7d63c6f3","2","incremental","FULL_POLICY_MEASURED","True","FULL","1","Changes in Go discovery-excluded paths require full validation, including runtime test data","1381","271","241.228195",,,,"1721","1721","-1381",
"cobra","5","24ada7fe71e3a3a8741dd52e0a7fc3b97450535a","680936a2200be363c61feda8cd29287f0726a48c","1","uncached","FULL_POLICY_MEASURED","True","FULL","1","Changes in Go discovery-excluded paths require full validation, including runtime test data","1701","339","298.175442",,,,"3127","3127","-1701",
"cobra","5","24ada7fe71e3a3a8741dd52e0a7fc3b97450535a","680936a2200be363c61feda8cd29287f0726a48c","1","cold","FULL_POLICY_MEASURED","True","FULL","1","Changes in Go discovery-excluded paths require full validation, including runtime test data","2201","429","372.689418",,,,"3127","3127","-2201",
"cobra","5","24ada7fe71e3a3a8741dd52e0a7fc3b97450535a","680936a2200be363c61feda8cd29287f0726a48c","1","warm","FULL_POLICY_MEASURED","True","FULL","1","Changes in Go discovery-excluded paths require full validation, including runtime test data","1674","422","383.966854",,,,"3127","3127","-1674",
"cobra","5","24ada7fe71e3a3a8741dd52e0a7fc3b97450535a","680936a2200be363c61feda8cd29287f0726a48c","1","incremental","FULL_POLICY_MEASURED","True","FULL","1","Changes in Go discovery-excluded paths require full validation, including runtime test data","2548","644","581.546038",,,,"3127","3127","-2548",
"cobra","5","24ada7fe71e3a3a8741dd52e0a7fc3b97450535a","680936a2200be363c61feda8cd29287f0726a48c","2","uncached","FULL_POLICY_MEASURED","True","FULL","1","Changes in Go discovery-excluded paths require full validation, including runtime test data","1683","349","310.645468",,,,"1147","1147","-1683",
"cobra","5","24ada7fe71e3a3a8741dd52e0a7fc3b97450535a","680936a2200be363c61feda8cd29287f0726a48c","2","cold","FULL_POLICY_MEASURED","True","FULL","1","Changes in Go discovery-excluded paths require full validation, including runtime test data","1373","290","257.737992",,,,"1147","1147","-1373",
"cobra","5","24ada7fe71e3a3a8741dd52e0a7fc3b97450535a","680936a2200be363c61feda8cd29287f0726a48c","2","warm","FULL_POLICY_MEASURED","True","FULL","1","Changes in Go discovery-excluded paths require full validation, including runtime test data","1372","275","242.547456",,,,"1147","1147","-1372",
"cobra","5","24ada7fe71e3a3a8741dd52e0a7fc3b97450535a","680936a2200be363c61feda8cd29287f0726a48c","2","incremental","FULL_POLICY_MEASURED","True","FULL","1","Changes in Go discovery-excluded paths require full validation, including runtime test data","1272","275","240.789105",,,,"1147","1147","-1272",
"cobra","6","a97f9fd47b290016526c8af2dac0531fea5cd773","5f9c40898e795a9fb0fd5ca83b6e05c3720523d1","1","uncached","SELECTIVE_POLICY_MEASURED","True","SELECTIVE","0","","1463","317","279.928233",,,,"4845","1476","1906",
"cobra","6","a97f9fd47b290016526c8af2dac0531fea5cd773","5f9c40898e795a9fb0fd5ca83b6e05c3720523d1","1","cold","SELECTIVE_POLICY_MEASURED","True","SELECTIVE","0","","1372","300","264.184436",,,,"4845","1476","1997",
"cobra","6","a97f9fd47b290016526c8af2dac0531fea5cd773","5f9c40898e795a9fb0fd5ca83b6e05c3720523d1","1","warm","SELECTIVE_POLICY_MEASURED","True","SELECTIVE","0","","1310","296","259.578724",,,,"4845","1476","2059",
"cobra","6","a97f9fd47b290016526c8af2dac0531fea5cd773","5f9c40898e795a9fb0fd5ca83b6e05c3720523d1","1","incremental","SELECTIVE_POLICY_MEASURED","True","SELECTIVE","0","","1388","276","242.542686",,,,"4845","1476","1981",
"cobra","6","a97f9fd47b290016526c8af2dac0531fea5cd773","5f9c40898e795a9fb0fd5ca83b6e05c3720523d1","2","uncached","SELECTIVE_POLICY_MEASURED","True","SELECTIVE","0","","1671","323","284.575276",,,,"1506","1304","-1469",
"cobra","6","a97f9fd47b290016526c8af2dac0531fea5cd773","5f9c40898e795a9fb0fd5ca83b6e05c3720523d1","2","cold","SELECTIVE_POLICY_MEASURED","True","SELECTIVE","0","","1619","386","343.241124",,,,"1506","1304","-1417",
"cobra","6","a97f9fd47b290016526c8af2dac0531fea5cd773","5f9c40898e795a9fb0fd5ca83b6e05c3720523d1","2","warm","SELECTIVE_POLICY_MEASURED","True","SELECTIVE","0","","1566","352","310.223238",,,,"1506","1304","-1364",
"cobra","6","a97f9fd47b290016526c8af2dac0531fea5cd773","5f9c40898e795a9fb0fd5ca83b6e05c3720523d1","2","incremental","SELECTIVE_POLICY_MEASURED","True","SELECTIVE","0","","1478","306","266.120237",,,,"1506","1304","-1276",
"cobra","7","40b5bc1437a564fc795d388b23835e84f54cd1d1","a97f9fd47b290016526c8af2dac0531fea5cd773","1","uncached","FULL_POLICY_MEASURED","True","FULL","2","Deleted source/asset command_go120.go not present in HEAD dependency graph; legacy dependents cannot be determined; Deleted source/asset command_go121.go not present in HEAD dependency graph; legacy dependents cannot be determined","1420","313","268.126768",,,,"3618","3618","-1420","DETECTED"
"cobra","7","40b5bc1437a564fc795d388b23835e84f54cd1d1","a97f9fd47b290016526c8af2dac0531fea5cd773","1","cold","FULL_POLICY_MEASURED","True","FULL","2","Deleted source/asset command_go120.go not present in HEAD dependency graph; legacy dependents cannot be determined; Deleted source/asset command_go121.go not present in HEAD dependency graph; legacy dependents cannot be determined","1456","392","348.484366",,,,"3618","3618","-1456","DETECTED"
"cobra","7","40b5bc1437a564fc795d388b23835e84f54cd1d1","a97f9fd47b290016526c8af2dac0531fea5cd773","1","warm","FULL_POLICY_MEASURED","True","FULL","2","Deleted source/asset command_go120.go not present in HEAD dependency graph; legacy dependents cannot be determined; Deleted source/asset command_go121.go not present in HEAD dependency graph; legacy dependents cannot be determined","1620","374","332.166698",,,,"3618","3618","-1620","DETECTED"
"cobra","7","40b5bc1437a564fc795d388b23835e84f54cd1d1","a97f9fd47b290016526c8af2dac0531fea5cd773","1","incremental","FULL_POLICY_MEASURED","True","FULL","2","Deleted source/asset command_go120.go not present in HEAD dependency graph; legacy dependents cannot be determined; Deleted source/asset command_go121.go not present in HEAD dependency graph; legacy dependents cannot be determined","1310","296","261.441855",,,,"3618","3618","-1310","DETECTED"
"cobra","7","40b5bc1437a564fc795d388b23835e84f54cd1d1","a97f9fd47b290016526c8af2dac0531fea5cd773","2","uncached","FULL_POLICY_MEASURED","True","FULL","2","Deleted source/asset command_go120.go not present in HEAD dependency graph; legacy dependents cannot be determined; Deleted source/asset command_go121.go not present in HEAD dependency graph; legacy dependents cannot be determined","1531","359","316.453261",,,,"1279","1279","-1531","DETECTED"
"cobra","7","40b5bc1437a564fc795d388b23835e84f54cd1d1","a97f9fd47b290016526c8af2dac0531fea5cd773","2","cold","FULL_POLICY_MEASURED","True","FULL","2","Deleted source/asset command_go120.go not present in HEAD dependency graph; legacy dependents cannot be determined; Deleted source/asset command_go121.go not present in HEAD dependency graph; legacy dependents cannot be determined","1644","429","383.653843",,,,"1279","1279","-1644","DETECTED"
"cobra","7","40b5bc1437a564fc795d388b23835e84f54cd1d1","a97f9fd47b290016526c8af2dac0531fea5cd773","2","warm","FULL_POLICY_MEASURED","True","FULL","2","Deleted source/asset command_go120.go not present in HEAD dependency graph; legacy dependents cannot be determined; Deleted source/asset command_go121.go not present in HEAD dependency graph; legacy dependents cannot be determined","1538","325","290.761048",,,,"1279","1279","-1538","DETECTED"
"cobra","7","40b5bc1437a564fc795d388b23835e84f54cd1d1","a97f9fd47b290016526c8af2dac0531fea5cd773","2","incremental","FULL_POLICY_MEASURED","True","FULL","2","Deleted source/asset command_go120.go not present in HEAD dependency graph; legacy dependents cannot be determined; Deleted source/asset command_go121.go not present in HEAD dependency graph; legacy dependents cannot be determined","1617","364","331.670438",,,,"1279","1279","-1617","DETECTED"
"validator","0","45dd6e3bd61a7659b16d9c624e3e0174223a5fd6","97d2bf07aad31b97b64fcd8213f922f159e62361","1","uncached","SELECTIVE_POLICY_MEASURED","True","SELECTIVE","0","","1446","616","587.724555",,,,"21306","564","19296","DETECTED"
"validator","0","45dd6e3bd61a7659b16d9c624e3e0174223a5fd6","97d2bf07aad31b97b64fcd8213f922f159e62361","1","cold","SELECTIVE_POLICY_MEASURED","True","SELECTIVE","0","","1024","345","316.118633",,,,"21306","564","19718","DETECTED"
"validator","0","45dd6e3bd61a7659b16d9c624e3e0174223a5fd6","97d2bf07aad31b97b64fcd8213f922f159e62361","1","warm","SELECTIVE_POLICY_MEASURED","True","SELECTIVE","0","","1078","371","343.550714",,,,"21306","564","19664","DETECTED"
"validator","0","45dd6e3bd61a7659b16d9c624e3e0174223a5fd6","97d2bf07aad31b97b64fcd8213f922f159e62361","1","incremental","SELECTIVE_POLICY_MEASURED","True","SELECTIVE","0","","1019","336","306.183559",,,,"21306","564","19723","DETECTED"
"validator","0","45dd6e3bd61a7659b16d9c624e3e0174223a5fd6","97d2bf07aad31b97b64fcd8213f922f159e62361","2","uncached","SELECTIVE_POLICY_MEASURED","True","SELECTIVE","0","","985","319","288.29154",,,,"2518","532","1001","DETECTED"
"validator","0","45dd6e3bd61a7659b16d9c624e3e0174223a5fd6","97d2bf07aad31b97b64fcd8213f922f159e62361","2","cold","SELECTIVE_POLICY_MEASURED","True","SELECTIVE","0","","953","321","291.873546",,,,"2518","532","1033","DETECTED"
"validator","0","45dd6e3bd61a7659b16d9c624e3e0174223a5fd6","97d2bf07aad31b97b64fcd8213f922f159e62361","2","warm","SELECTIVE_POLICY_MEASURED","True","SELECTIVE","0","","1164","353","325.532235",,,,"2518","532","822","DETECTED"
"validator","0","45dd6e3bd61a7659b16d9c624e3e0174223a5fd6","97d2bf07aad31b97b64fcd8213f922f159e62361","2","incremental","SELECTIVE_POLICY_MEASURED","True","SELECTIVE","0","","1072","310","281.756309",,,,"2518","532","914","DETECTED"
"validator","1","09c1323276ffada71562c1b8bf0554a0ed5ddd1d","45dd6e3bd61a7659b16d9c624e3e0174223a5fd6","1","uncached","SELECTIVE_POLICY_MEASURED","True","SELECTIVE","0","","1019","322","289.308216",,,,"2413","421","973",
"validator","1","09c1323276ffada71562c1b8bf0554a0ed5ddd1d","45dd6e3bd61a7659b16d9c624e3e0174223a5fd6","1","cold","SELECTIVE_POLICY_MEASURED","True","SELECTIVE","0","","1157","364","332.013855",,,,"2413","421","835",
"validator","1","09c1323276ffada71562c1b8bf0554a0ed5ddd1d","45dd6e3bd61a7659b16d9c624e3e0174223a5fd6","1","warm","SELECTIVE_POLICY_MEASURED","True","SELECTIVE","0","","948","290","262.253001",,,,"2413","421","1044",
"validator","1","09c1323276ffada71562c1b8bf0554a0ed5ddd1d","45dd6e3bd61a7659b16d9c624e3e0174223a5fd6","1","incremental","SELECTIVE_POLICY_MEASURED","True","SELECTIVE","0","","1149","392","363.404388",,,,"2413","421","843",
"validator","1","09c1323276ffada71562c1b8bf0554a0ed5ddd1d","45dd6e3bd61a7659b16d9c624e3e0174223a5fd6","2","uncached","SELECTIVE_POLICY_MEASURED","True","SELECTIVE","0","","1147","327","299.577181",,,,"2052","385","520",
"validator","1","09c1323276ffada71562c1b8bf0554a0ed5ddd1d","45dd6e3bd61a7659b16d9c624e3e0174223a5fd6","2","cold","SELECTIVE_POLICY_MEASURED","True","SELECTIVE","0","","1056","362","335.21531",,,,"2052","385","611",
"validator","1","09c1323276ffada71562c1b8bf0554a0ed5ddd1d","45dd6e3bd61a7659b16d9c624e3e0174223a5fd6","2","warm","SELECTIVE_POLICY_MEASURED","True","SELECTIVE","0","","1002","295","266.732094",,,,"2052","385","665",
"validator","1","09c1323276ffada71562c1b8bf0554a0ed5ddd1d","45dd6e3bd61a7659b16d9c624e3e0174223a5fd6","2","incremental","SELECTIVE_POLICY_MEASURED","True","SELECTIVE","0","","1019","355","321.074393",,,,"2052","385","648",
"validator","2","bae7f6d3cb253fbd5dddcdf339f8460fa8d091c3","909c504042f17c83dc76e8a2c11efd3dd41bd212","1","uncached","SELECTIVE_POLICY_MEASURED","True","SELECTIVE","0","","1166","431","390.648606",,,,"2830","539","1125",
"validator","2","bae7f6d3cb253fbd5dddcdf339f8460fa8d091c3","909c504042f17c83dc76e8a2c11efd3dd41bd212","1","cold","SELECTIVE_POLICY_MEASURED","True","SELECTIVE","0","","1161","347","315.922269",,,,"2830","539","1130",
"validator","2","bae7f6d3cb253fbd5dddcdf339f8460fa8d091c3","909c504042f17c83dc76e8a2c11efd3dd41bd212","1","warm","SELECTIVE_POLICY_MEASURED","True","SELECTIVE","0","","1087","408","368.24882",,,,"2830","539","1204",
"validator","2","bae7f6d3cb253fbd5dddcdf339f8460fa8d091c3","909c504042f17c83dc76e8a2c11efd3dd41bd212","1","incremental","SELECTIVE_POLICY_MEASURED","True","SELECTIVE","0","","1095","296","270.595394",,,,"2830","539","1196",
"validator","2","bae7f6d3cb253fbd5dddcdf339f8460fa8d091c3","909c504042f17c83dc76e8a2c11efd3dd41bd212","2","uncached","SELECTIVE_POLICY_MEASURED","True","SELECTIVE","0","","981","313","281.399513",,,,"2679","492","1206",
"validator","2","bae7f6d3cb253fbd5dddcdf339f8460fa8d091c3","909c504042f17c83dc76e8a2c11efd3dd41bd212","2","cold","SELECTIVE_POLICY_MEASURED","True","SELECTIVE","0","","1154","331","295.976176",,,,"2679","492","1033",
"validator","2","bae7f6d3cb253fbd5dddcdf339f8460fa8d091c3","909c504042f17c83dc76e8a2c11efd3dd41bd212","2","warm","SELECTIVE_POLICY_MEASURED","True","SELECTIVE","0","","1390","377","339.628075",,,,"2679","492","797",
"validator","2","bae7f6d3cb253fbd5dddcdf339f8460fa8d091c3","909c504042f17c83dc76e8a2c11efd3dd41bd212","2","incremental","SELECTIVE_POLICY_MEASURED","True","SELECTIVE","0","","1145","424","374.348497",,,,"2679","492","1042",
"validator","3","2cadaff20364eef00f8711e1b6a0dfcc2aceee14","bae7f6d3cb253fbd5dddcdf339f8460fa8d091c3","1","uncached","SELECTIVE_POLICY_MEASURED","True","SELECTIVE","0","","1021","351","324.58245",,,,"2749","459","1269","DETECTED"
"validator","3","2cadaff20364eef00f8711e1b6a0dfcc2aceee14","bae7f6d3cb253fbd5dddcdf339f8460fa8d091c3","1","cold","SELECTIVE_POLICY_MEASURED","True","SELECTIVE","0","","1020","324","292.203192",,,,"2749","459","1270","DETECTED"
"validator","3","2cadaff20364eef00f8711e1b6a0dfcc2aceee14","bae7f6d3cb253fbd5dddcdf339f8460fa8d091c3","1","warm","SELECTIVE_POLICY_MEASURED","True","SELECTIVE","0","","1081","415","390.265682",,,,"2749","459","1209","DETECTED"
"validator","3","2cadaff20364eef00f8711e1b6a0dfcc2aceee14","bae7f6d3cb253fbd5dddcdf339f8460fa8d091c3","1","incremental","SELECTIVE_POLICY_MEASURED","True","SELECTIVE","0","","1122","348","319.163273",,,,"2749","459","1168","DETECTED"
"validator","3","2cadaff20364eef00f8711e1b6a0dfcc2aceee14","bae7f6d3cb253fbd5dddcdf339f8460fa8d091c3","2","uncached","SELECTIVE_POLICY_MEASURED","True","SELECTIVE","0","","1107","393","356.634816",,,,"2809","545","1157","DETECTED"
"validator","3","2cadaff20364eef00f8711e1b6a0dfcc2aceee14","bae7f6d3cb253fbd5dddcdf339f8460fa8d091c3","2","cold","SELECTIVE_POLICY_MEASURED","True","SELECTIVE","0","","1019","333","300.456421",,,,"2809","545","1245","DETECTED"
"validator","3","2cadaff20364eef00f8711e1b6a0dfcc2aceee14","bae7f6d3cb253fbd5dddcdf339f8460fa8d091c3","2","warm","SELECTIVE_POLICY_MEASURED","True","SELECTIVE","0","","1186","354","322.678191",,,,"2809","545","1078","DETECTED"
"validator","3","2cadaff20364eef00f8711e1b6a0dfcc2aceee14","bae7f6d3cb253fbd5dddcdf339f8460fa8d091c3","2","incremental","SELECTIVE_POLICY_MEASURED","True","SELECTIVE","0","","1216","383","351.838325",,,,"2809","545","1048","DETECTED"
"validator","4","79c42ad73c1fdebee04c93ac6a0e132353662dc6","2cadaff20364eef00f8711e1b6a0dfcc2aceee14","1","uncached","SELECTIVE_POLICY_MEASURED","True","SELECTIVE","0","","1291","442","410.576262",,,,"6436","2562","2583",
"validator","4","79c42ad73c1fdebee04c93ac6a0e132353662dc6","2cadaff20364eef00f8711e1b6a0dfcc2aceee14","1","cold","SELECTIVE_POLICY_MEASURED","True","SELECTIVE","0","","1178","363","333.931424",,,,"6436","2562","2696",
"validator","4","79c42ad73c1fdebee04c93ac6a0e132353662dc6","2cadaff20364eef00f8711e1b6a0dfcc2aceee14","1","warm","SELECTIVE_POLICY_MEASURED","True","SELECTIVE","0","","1037","312","283.572144",,,,"6436","2562","2837",
"validator","4","79c42ad73c1fdebee04c93ac6a0e132353662dc6","2cadaff20364eef00f8711e1b6a0dfcc2aceee14","1","incremental","SELECTIVE_POLICY_MEASURED","True","SELECTIVE","0","","1189","328","297.796358",,,,"6436","2562","2685",
"validator","4","79c42ad73c1fdebee04c93ac6a0e132353662dc6","2cadaff20364eef00f8711e1b6a0dfcc2aceee14","2","uncached","SELECTIVE_POLICY_MEASURED","True","SELECTIVE","0","","1067","307","274.488819",,,,"2811","2805","-1061",
"validator","4","79c42ad73c1fdebee04c93ac6a0e132353662dc6","2cadaff20364eef00f8711e1b6a0dfcc2aceee14","2","cold","SELECTIVE_POLICY_MEASURED","True","SELECTIVE","0","","1054","322","294.195482",,,,"2811","2805","-1048",
"validator","4","79c42ad73c1fdebee04c93ac6a0e132353662dc6","2cadaff20364eef00f8711e1b6a0dfcc2aceee14","2","warm","SELECTIVE_POLICY_MEASURED","True","SELECTIVE","0","","965","272","247.016768",,,,"2811","2805","-959",
"validator","4","79c42ad73c1fdebee04c93ac6a0e132353662dc6","2cadaff20364eef00f8711e1b6a0dfcc2aceee14","2","incremental","SELECTIVE_POLICY_MEASURED","True","SELECTIVE","0","","1080","326","297.185331",,,,"2811","2805","-1074",
"validator","5","271abb312cd958fd1c61b58983ecab31026eb252","79c42ad73c1fdebee04c93ac6a0e132353662dc6","1","uncached","SELECTIVE_POLICY_MEASURED","True","SELECTIVE","0","","1000","345","314.327584",,,,"4302","2860","442",
"validator","5","271abb312cd958fd1c61b58983ecab31026eb252","79c42ad73c1fdebee04c93ac6a0e132353662dc6","1","cold","SELECTIVE_POLICY_MEASURED","True","SELECTIVE","0","","1072","326","297.345331",,,,"4302","2860","370",
"validator","5","271abb312cd958fd1c61b58983ecab31026eb252","79c42ad73c1fdebee04c93ac6a0e132353662dc6","1","warm","SELECTIVE_POLICY_MEASURED","True","SELECTIVE","0","","1033","346","318.746558",,,,"4302","2860","409",
"validator","5","271abb312cd958fd1c61b58983ecab31026eb252","79c42ad73c1fdebee04c93ac6a0e132353662dc6","1","incremental","SELECTIVE_POLICY_MEASURED","True","SELECTIVE","0","","1265","400","372.483648",,,,"4302","2860","177",
"validator","5","271abb312cd958fd1c61b58983ecab31026eb252","79c42ad73c1fdebee04c93ac6a0e132353662dc6","2","uncached","SELECTIVE_POLICY_MEASURED","True","SELECTIVE","0","","1208","373","344.356553",,,,"2760","2723","-1171",
"validator","5","271abb312cd958fd1c61b58983ecab31026eb252","79c42ad73c1fdebee04c93ac6a0e132353662dc6","2","cold","SELECTIVE_POLICY_MEASURED","True","SELECTIVE","0","","1011","340","309.842772",,,,"2760","2723","-974",
"validator","5","271abb312cd958fd1c61b58983ecab31026eb252","79c42ad73c1fdebee04c93ac6a0e132353662dc6","2","warm","SELECTIVE_POLICY_MEASURED","True","SELECTIVE","0","","1037","277","251.62769",,,,"2760","2723","-1000",
"validator","5","271abb312cd958fd1c61b58983ecab31026eb252","79c42ad73c1fdebee04c93ac6a0e132353662dc6","2","incremental","SELECTIVE_POLICY_MEASURED","True","SELECTIVE","0","","990","298","272.840034",,,,"2760","2723","-953",
"validator","6","859202275556dac82d4460234867c5c5988d06fd","271abb312cd958fd1c61b58983ecab31026eb252","1","uncached","SELECTIVE_POLICY_MEASURED","True","SELECTIVE","0","","1143","414","383.641007",,,,"6479","2900","2436",
"validator","6","859202275556dac82d4460234867c5c5988d06fd","271abb312cd958fd1c61b58983ecab31026eb252","1","cold","SELECTIVE_POLICY_MEASURED","True","SELECTIVE","0","","1135","334","305.995877",,,,"6479","2900","2444",
"validator","6","859202275556dac82d4460234867c5c5988d06fd","271abb312cd958fd1c61b58983ecab31026eb252","1","warm","SELECTIVE_POLICY_MEASURED","True","SELECTIVE","0","","1269","395","361.409013",,,,"6479","2900","2310",
"validator","6","859202275556dac82d4460234867c5c5988d06fd","271abb312cd958fd1c61b58983ecab31026eb252","1","incremental","SELECTIVE_POLICY_MEASURED","True","SELECTIVE","0","","1196","345","311.597746",,,,"6479","2900","2383",
"validator","6","859202275556dac82d4460234867c5c5988d06fd","271abb312cd958fd1c61b58983ecab31026eb252","2","uncached","SELECTIVE_POLICY_MEASURED","True","SELECTIVE","0","","1028","312","283.10276",,,,"2928","2732","-832",
"validator","6","859202275556dac82d4460234867c5c5988d06fd","271abb312cd958fd1c61b58983ecab31026eb252","2","cold","SELECTIVE_POLICY_MEASURED","True","SELECTIVE","0","","1345","431","392.98909",,,,"2928","2732","-1149",
"validator","6","859202275556dac82d4460234867c5c5988d06fd","271abb312cd958fd1c61b58983ecab31026eb252","2","warm","SELECTIVE_POLICY_MEASURED","True","SELECTIVE","0","","1088","347","317.034928",,,,"2928","2732","-892",
"validator","6","859202275556dac82d4460234867c5c5988d06fd","271abb312cd958fd1c61b58983ecab31026eb252","2","incremental","SELECTIVE_POLICY_MEASURED","True","SELECTIVE","0","","1237","341","303.194611",,,,"2928","2732","-1041",
"validator","7","433b08283c14b1def28e8f05e36c2bed2f13b3f4","859202275556dac82d4460234867c5c5988d06fd","1","uncached","FULL_POLICY_MEASURED","True","FULL","5","Changes in Go discovery-excluded paths require full validation, including runtime test data; Configuration file(s) changed; full validation required; GitHub workflow definition(s) changed; full validation required; Unknown changed file: .golangci.yaml; Unknown changed file: Makefile","1297","414","386.055101",,,,"7033","7033","-1297","DETECTED"
"validator","7","433b08283c14b1def28e8f05e36c2bed2f13b3f4","859202275556dac82d4460234867c5c5988d06fd","1","cold","FULL_POLICY_MEASURED","True","FULL","5","Changes in Go discovery-excluded paths require full validation, including runtime test data; Configuration file(s) changed; full validation required; GitHub workflow definition(s) changed; full validation required; Unknown changed file: .golangci.yaml; Unknown changed file: Makefile","1219","416","384.741278",,,,"7033","7033","-1219","DETECTED"
"validator","7","433b08283c14b1def28e8f05e36c2bed2f13b3f4","859202275556dac82d4460234867c5c5988d06fd","1","warm","FULL_POLICY_MEASURED","True","FULL","5","Changes in Go discovery-excluded paths require full validation, including runtime test data; Configuration file(s) changed; full validation required; GitHub workflow definition(s) changed; full validation required; Unknown changed file: .golangci.yaml; Unknown changed file: Makefile","1650","548","504.436874",,,,"7033","7033","-1650","DETECTED"
"validator","7","433b08283c14b1def28e8f05e36c2bed2f13b3f4","859202275556dac82d4460234867c5c5988d06fd","1","incremental","FULL_POLICY_MEASURED","True","FULL","5","Changes in Go discovery-excluded paths require full validation, including runtime test data; Configuration file(s) changed; full validation required; GitHub workflow definition(s) changed; full validation required; Unknown changed file: .golangci.yaml; Unknown changed file: Makefile","1269","439","408.158112",,,,"7033","7033","-1269","DETECTED"
"validator","7","433b08283c14b1def28e8f05e36c2bed2f13b3f4","859202275556dac82d4460234867c5c5988d06fd","2","uncached","FULL_POLICY_MEASURED","True","FULL","5","Changes in Go discovery-excluded paths require full validation, including runtime test data; Configuration file(s) changed; full validation required; GitHub workflow definition(s) changed; full validation required; Unknown changed file: .golangci.yaml; Unknown changed file: Makefile","1183","442","406.922126",,,,"2565","2565","-1183","DETECTED"
"validator","7","433b08283c14b1def28e8f05e36c2bed2f13b3f4","859202275556dac82d4460234867c5c5988d06fd","2","cold","FULL_POLICY_MEASURED","True","FULL","5","Changes in Go discovery-excluded paths require full validation, including runtime test data; Configuration file(s) changed; full validation required; GitHub workflow definition(s) changed; full validation required; Unknown changed file: .golangci.yaml; Unknown changed file: Makefile","1255","374","340.24423",,,,"2565","2565","-1255","DETECTED"
"validator","7","433b08283c14b1def28e8f05e36c2bed2f13b3f4","859202275556dac82d4460234867c5c5988d06fd","2","warm","FULL_POLICY_MEASURED","True","FULL","5","Changes in Go discovery-excluded paths require full validation, including runtime test data; Configuration file(s) changed; full validation required; GitHub workflow definition(s) changed; full validation required; Unknown changed file: .golangci.yaml; Unknown changed file: Makefile","1369","396","359.24219",,,,"2565","2565","-1369","DETECTED"
"validator","7","433b08283c14b1def28e8f05e36c2bed2f13b3f4","859202275556dac82d4460234867c5c5988d06fd","2","incremental","FULL_POLICY_MEASURED","True","FULL","5","Changes in Go discovery-excluded paths require full validation, including runtime test data; Configuration file(s) changed; full validation required; GitHub workflow definition(s) changed; full validation required; Unknown changed file: .golangci.yaml; Unknown changed file: Makefile","1342","437","394.504325",,,,"2565","2565","-1342","DETECTED"
