"repository","index","base","head","subject","status","policy","observerMs","firstFullMs","fault","fallbackReasons"
"vue-test-utils","0","f3bbb6b4a40b195924df3198a59bd1b1db82533e","93321272b33fe931da71d636654b41f45058ed0c","fix(mount): throw the first error encountered during mount (#2428)","FULL_POLICY_MEASURED","FULL","4061","8832","DETECTED","Vue tests/components/AutoImportScriptSetup.vue: runtime component/directive resolution requires full validation ; Vue tests/components/DynamicComponentWithComputedProperty.vue: runtime component/directive resolution requires full validation ; Vue tests/components/Issue425.vue: runtime component/directive resolution requires full validation ; Vue tests/components/RecursiveComponent.vue: runtime component/directive resolution requires full validation ; Vue tests/components/Suspense.vue: runtime component/directive resolution requires full validation ; Unresolved Vue dependencies require full validation ; Dependency graph confidence is UNSAFE; full validation required"
"vue-test-utils","1","ccf8756942bd35b93896b7e68525c8faf25f78a3","b12beb07f1d1f34a10cd938c6ff478a6d9d768da","fix: set global provides before running vue plugins","FULL_POLICY_MEASURED","FULL","3089","8754",,"Vue tests/components/AutoImportScriptSetup.vue: runtime component/directive resolution requires full validation ; Vue tests/components/DynamicComponentWithComputedProperty.vue: runtime component/directive resolution requires full validation ; Vue tests/components/Issue425.vue: runtime component/directive resolution requires full validation ; Vue tests/components/RecursiveComponent.vue: runtime component/directive resolution requires full validation ; Vue tests/components/Suspense.vue: runtime component/directive resolution requires full validation ; Unresolved Vue dependencies require full validation ; Dependency graph confidence is UNSAFE; full validation required"
"vue-test-utils","2","ea8654b186a2770b7423304bc66e5bd6266374c9","05d9745734f7c734dbb96335f0f0ae0a0abf4ab5","fix(stubs): avoid warning on normalized props with Vue v3.4.22","FULL_POLICY_MEASURED","FULL","3477","8941",,"Vue tests/components/AutoImportScriptSetup.vue: runtime component/directive resolution requires full validation ; Vue tests/components/DynamicComponentWithComputedProperty.vue: runtime component/directive resolution requires full validation ; Vue tests/components/Issue425.vue: runtime component/directive resolution requires full validation ; Vue tests/components/RecursiveComponent.vue: runtime component/directive resolution requires full validation ; Vue tests/components/Suspense.vue: runtime component/directive resolution requires full validation ; Unresolved Vue dependencies require full validation ; Dependency graph confidence is UNSAFE; full validation required"
"vue-test-utils","3","4e3bda3e2b7d929e5d45648fc13cc6b2a3e5b895","5c22b4e6b1ebf0303c9c92bcd445bf1d3de41b21","feat: improve returned type for element getter (#2406)","FULL_POLICY_MEASURED","FULL","3156","9358","DETECTED","Vue tests/components/AutoImportScriptSetup.vue: runtime component/directive resolution requires full validation ; Vue tests/components/DynamicComponentWithComputedProperty.vue: runtime component/directive resolution requires full validation ; Vue tests/components/Issue425.vue: runtime component/directive resolution requires full validation ; Vue tests/components/RecursiveComponent.vue: runtime component/directive resolution requires full validation ; Vue tests/components/Suspense.vue: runtime component/directive resolution requires full validation ; Unresolved Vue dependencies require full validation ; Dependency graph confidence is UNSAFE; full validation required"
"vue-test-utils","4","1c3f00a41db8dad63eafff54c05dd8246fc5c86c","8e499e7c74e080ece97febe49ffa8e095a2d67ed","fix: renderStubDefaultSlot with scoped slots","FULL_POLICY_MEASURED","FULL","2939","8576",,"Vue tests/components/AutoImportScriptSetup.vue: runtime component/directive resolution requires full validation ; Vue tests/components/DynamicComponentWithComputedProperty.vue: runtime component/directive resolution requires full validation ; Vue tests/components/Issue425.vue: runtime component/directive resolution requires full validation ; Vue tests/components/RecursiveComponent.vue: runtime component/directive resolution requires full validation ; Vue tests/components/Suspense.vue: runtime component/directive resolution requires full validation ; Unresolved Vue dependencies require full validation ; Dependency graph confidence is UNSAFE; full validation required"
"vue-test-utils","5","6aa82265f04b4ce0767c59a12405ca3cbca7a9fa","05f76b63b7a45fc05c0ec840dbaf179fa0d750ab","fix: always provide access to global property (#2386)","FULL_POLICY_MEASURED","FULL","3208","8774",,"Vue tests/components/AutoImportScriptSetup.vue: runtime component/directive resolution requires full validation ; Vue tests/components/DynamicComponentWithComputedProperty.vue: runtime component/directive resolution requires full validation ; Vue tests/components/Issue425.vue: runtime component/directive resolution requires full validation ; Vue tests/components/RecursiveComponent.vue: runtime component/directive resolution requires full validation ; Vue tests/components/Suspense.vue: runtime component/directive resolution requires full validation ; Unresolved Vue dependencies require full validation ; Dependency graph confidence is UNSAFE; full validation required"
"vue-test-utils","6","2f518e3d7cf5053c204ef8ce448bf301770112eb","38ed11b64bbd795bbd17519157bc386ac81af44b","fix: update attachTo type to support SVGElement (#2375)","FULL_POLICY_MEASURED","FULL","3403","8784",,"Vue tests/components/AutoImportScriptSetup.vue: runtime component/directive resolution requires full validation ; Vue tests/components/DynamicComponentWithComputedProperty.vue: runtime component/directive resolution requires full validation ; Vue tests/components/Issue425.vue: runtime component/directive resolution requires full validation ; Vue tests/components/RecursiveComponent.vue: runtime component/directive resolution requires full validation ; Vue tests/components/Suspense.vue: runtime component/directive resolution requires full validation ; Unresolved Vue dependencies require full validation ; Dependency graph confidence is UNSAFE; full validation required"
"vue-test-utils","7","d5e5064b42874d8432b8e15018f3256664eaf4c4","362d04be50f262ca7ee2278d7f9c1fe021b06622","fix: circular references in props cause maximum call stack size exceeded","FULL_POLICY_MEASURED","FULL","3349","9321","DETECTED","Vue tests/components/AutoImportScriptSetup.vue: runtime component/directive resolution requires full validation ; Vue tests/components/DynamicComponentWithComputedProperty.vue: runtime component/directive resolution requires full validation ; Vue tests/components/Issue425.vue: runtime component/directive resolution requires full validation ; Vue tests/components/RecursiveComponent.vue: runtime component/directive resolution requires full validation ; Vue tests/components/Suspense.vue: runtime component/directive resolution requires full validation ; Dependency graph confidence is UNSAFE; full validation required"
"vue-router","0","ec0bff17f1a37b815219cd6a5b0a12e4a595af59","24ff936bed41166a03f365ab1437960f6426bed1","feat: memory history stores state (#2491)","FULL_POLICY_MEASURED","FULL","6790","33118","DETECTED","Vue packages/docs/.vitepress/theme/components/VueMasteryBanner.vue: style imports or URLs require full validation ; Vue packages/playground/src/App.vue: runtime component/directive resolution requires full validation ; Vue packages/playground/src/views/LongView.vue: runtime component/directive resolution requires full validation ; Vue packages/playground/src/views/Nested.vue: runtime component/directive resolution requires full validation ; Vue packages/playground/src/views/NestedWithId.vue: runtime component/directive resolution requires full validation ; Vue packages/playground/src/views/RepeatedParams.vue: runtime component/directive resolution requires full validation ; Unresolved Vue dependencies require full validation ; Dependency graph confidence is UNSAFE; full validation required"
"vue-router","1","b89559ce362ff5dfa1ebe2523405981ac1edcd0c","2ddd19fcfb9877b6952d55c75989fea6ba6a1367","fix: missing viewTransition prop on RouterLink (#2465)","FULL_POLICY_MEASURED","FULL","6209","32818",,"Vue packages/docs/.vitepress/theme/components/VueMasteryBanner.vue: style imports or URLs require full validation ; Vue packages/playground/src/App.vue: runtime component/directive resolution requires full validation ; Vue packages/playground/src/views/LongView.vue: runtime component/directive resolution requires full validation ; Vue packages/playground/src/views/Nested.vue: runtime component/directive resolution requires full validation ; Vue packages/playground/src/views/NestedWithId.vue: runtime component/directive resolution requires full validation ; Vue packages/playground/src/views/RepeatedParams.vue: runtime component/directive resolution requires full validation ; Unresolved Vue dependencies require full validation ; Dependency graph confidence is UNSAFE; full validation required"
"vue-router","2","9222413d81b7b6577b88ea304f9f24e0cfdbde94","0ce408dadbb45a4790e2ccee311a032cc7c6d957","feat(types): add support for children routes as union (#2475)","FULL_POLICY_MEASURED","FULL","6525","33349",,"Vue packages/docs/.vitepress/theme/components/VueMasteryBanner.vue: style imports or URLs require full validation ; Vue packages/playground/src/App.vue: runtime component/directive resolution requires full validation ; Vue packages/playground/src/views/LongView.vue: runtime component/directive resolution requires full validation ; Vue packages/playground/src/views/Nested.vue: runtime component/directive resolution requires full validation ; Vue packages/playground/src/views/NestedWithId.vue: runtime component/directive resolution requires full validation ; Vue packages/playground/src/views/RepeatedParams.vue: runtime component/directive resolution requires full validation ; Unresolved Vue dependencies require full validation ; Dependency graph confidence is UNSAFE; full validation required"
"vue-router","3","b2e08358956055fb86eb544e390d18ff31bf073a","3753ede2e6bf2cdf8955bb6b22deb7af8de45d94","chore: upgrade to Prettier 3 (#2467)","FULL_POLICY_MEASURED","FULL","6891","34127","DETECTED","Vue packages/docs/.vitepress/theme/components/VueMasteryBanner.vue: style imports or URLs require full validation ; Vue packages/playground/src/App.vue: runtime component/directive resolution requires full validation ; Vue packages/playground/src/views/LongView.vue: runtime component/directive resolution requires full validation ; Vue packages/playground/src/views/Nested.vue: runtime component/directive resolution requires full validation ; Vue packages/playground/src/views/NestedWithId.vue: runtime component/directive resolution requires full validation ; Vue packages/playground/src/views/RepeatedParams.vue: runtime component/directive resolution requires full validation ; Unresolved Vue dependencies require full validation ; Configuration file(s) changed; full validation required ; Dependency manifest changed; full validation required ; Lockfile changed; full validation required ; Dependency graph confidence is UNSAFE; full validation required ; Unknown changed file: packages/playground/index.html ; Unknown changed file: packages/router/e2e/encoding/index.html ; Unknown changed file: packages/router/e2e/guards-instances/index.html ; Unknown changed file: packages/router/e2e/hash/index.html ; Unknown changed file: packages/router/e2e/index.html ; Unknown changed file: packages/router/e2e/keep-alive/index.html ; Unknown changed file: packages/router/e2e/modal/index.html ; Unknown changed file: packages/router/e2e/multi-app/index.html ; Unknown changed file: packages/router/e2e/scroll-behavior/index.html ; Unknown changed file: packages/router/e2e/suspense/index.html ; Unknown changed file: packages/router/e2e/transitions/index.html"
"vue-router","4","84dd1a17607ed0dc173f244893bdf1730bea88a2","c73e83f25471e1690b3f6d32cdc793819408f0ff","chore: up ts and docs","FULL_POLICY_MEASURED","FULL","6720","33379",,"Vue packages/docs/.vitepress/theme/components/VueMasteryBanner.vue: style imports or URLs require full validation ; Vue packages/playground/src/App.vue: runtime component/directive resolution requires full validation ; Vue packages/playground/src/views/LongView.vue: runtime component/directive resolution requires full validation ; Vue packages/playground/src/views/Nested.vue: runtime component/directive resolution requires full validation ; Vue packages/playground/src/views/NestedWithId.vue: runtime component/directive resolution requires full validation ; Vue packages/playground/src/views/RepeatedParams.vue: runtime component/directive resolution requires full validation ; Unresolved Vue dependencies require full validation ; Configuration file(s) changed; full validation required ; Dependency manifest changed; full validation required ; Lockfile changed; full validation required ; Dependency graph confidence is UNSAFE; full validation required"
"vue-router","5","0eaaeb9697acd40ad524d913d0348748e9797acb","84dd1a17607ed0dc173f244893bdf1730bea88a2","chore: up deps","FULL_POLICY_MEASURED","FULL","7669","31679",,"Vue packages/docs/.vitepress/theme/components/VueMasteryBanner.vue: style imports or URLs require full validation ; Vue packages/playground/src/App.vue: runtime component/directive resolution requires full validation ; Vue packages/playground/src/views/LongView.vue: runtime component/directive resolution requires full validation ; Vue packages/playground/src/views/Nested.vue: runtime component/directive resolution requires full validation ; Vue packages/playground/src/views/NestedWithId.vue: runtime component/directive resolution requires full validation ; Vue packages/playground/src/views/RepeatedParams.vue: runtime component/directive resolution requires full validation ; Unresolved Vue dependencies require full validation ; Configuration file(s) changed; full validation required ; Dependency manifest changed; full validation required ; Lockfile changed; full validation required ; Dependency graph confidence is UNSAFE; full validation required ; Deleted source/asset packages/router/vitest.workspace.js not present in HEAD dependency graph; legacy dependents cannot be determined"
"vue-router","6","d992bb2085cadf01b270e4f04b3d91c4fd5a70e3","e978eb8efeef193dfaf5f358a56109633d17fc56","feat(link): add view-transition prop (#2356)","FULL_POLICY_MEASURED","FULL","6954","29450",,"Vue packages/docs/.vitepress/theme/components/VueMasteryBanner.vue: style imports or URLs require full validation ; Vue packages/playground/src/App.vue: runtime component/directive resolution requires full validation ; Vue packages/playground/src/views/LongView.vue: runtime component/directive resolution requires full validation ; Vue packages/playground/src/views/Nested.vue: runtime component/directive resolution requires full validation ; Vue packages/playground/src/views/NestedWithId.vue: runtime component/directive resolution requires full validation ; Vue packages/playground/src/views/RepeatedParams.vue: runtime component/directive resolution requires full validation ; Unresolved Vue dependencies require full validation ; Dependency graph confidence is UNSAFE; full validation required"
"vue-router","7","846e287b68b41b2014b7b24060f3873fe2539658","d992bb2085cadf01b270e4f04b3d91c4fd5a70e3","fix(router): allow duplicated navigation on back + redirect (#2133)","FULL_POLICY_MEASURED","FULL","7637","32925","DETECTED","Vue packages/docs/.vitepress/theme/components/VueMasteryBanner.vue: style imports or URLs require full validation ; Vue packages/playground/src/App.vue: runtime component/directive resolution requires full validation ; Vue packages/playground/src/views/LongView.vue: runtime component/directive resolution requires full validation ; Vue packages/playground/src/views/Nested.vue: runtime component/directive resolution requires full validation ; Vue packages/playground/src/views/NestedWithId.vue: runtime component/directive resolution requires full validation ; Vue packages/playground/src/views/RepeatedParams.vue: runtime component/directive resolution requires full validation ; Unresolved Vue dependencies require full validation ; Dependency graph confidence is UNSAFE; full validation required"
"reka-ui","0","764f0781ef3927cebdf8a5825dcf56d055d37b06","c06c994dc1d85ebce1e69947454b6273b9fc7692","refactor(RovingFocus): data-active attribute should be only present when active","FULL_POLICY_MEASURED","FULL","8930","89299","DETECTED","Nuxt implicit routes and auto-imports require a dedicated framework adapter ; Vue docs/.vitepress/components/ComponentLoader.vue: runtime component/directive resolution requires full validation ; Vue docs/.vitepress/components/DocOutlineItem.vue: runtime component/directive resolution requires full validation ; Vue docs/.vitepress/components/HeroCodeGroup.vue: runtime component/directive resolution requires full validation ; Vue docs/.vitepress/components/HomePage.vue: runtime component/directive resolution requires full validation ; Vue docs/components/Demos.vue: runtime component/directive resolution requires full validation ; Vue docs/components/demo/DialogToaster/tailwind/index.vue: runtime component/directive resolution requires full validation ; Vue docs/components/prose/ProseA.vue: runtime component/directive resolution requires full validation ; Vue docs/components/prose/ProseH1.vue: runtime component/directive resolution requires full validation ; Vue docs/components/prose/ProseH2.vue: runtime component/directive resolution requires full validation ; Vue docs/components/prose/ProseH3.vue: runtime component/directive resolution requires full validation ; Vue packages/core/src/Accordion/AccordionContent.vue: component could not be analyzed ; Vue packages/core/src/Accordion/AccordionHeader.vue: component could not be analyzed ; Vue packages/core/src/Accordion/AccordionItem.vue: component could not be analyzed ; Vue packages/core/src/Accordion/AccordionRoot.vue: component could not be analyzed ; Vue packages/core/src/Accordion/AccordionTrigger.vue: component could not be analyzed ; Vue packages/core/src/Accordion/story/AccordionAnimated.story.vue: runtime component/directive resolution requires full validation ; Vue packages/core/src/Accordion/story/AccordionChromatic.story.vue: runtime component/directive resolution requires full validation ; Vue packages/core/src/Accordion/story/AccordionHorizontal.story.vue: runtime component/directive resolution requires full validation ; Vue packages/core/src/Accordion/story/AccordionMultiple.story.vue: runtime component/directive resolution requires full validation ; Vue packages/core/src/Accordion/story/AccordionSingle.story.vue: runtime component/directive resolution requires full validation ; Vue packages/core/src/Accordion/story/AccordionViewport.story.vue: runtime component/directive resolution requires full validation ; Vue packages/core/src/Accordion/story/_Accordion.vue: component could not be analyzed ; Vue packages/core/src/AlertDialog/AlertDialogAction.vue: component could not be analyzed ; Vue packages/core/src/AlertDialog/AlertDialogCancel.vue: component could not be analyzed ; Vue packages/core/src/AlertDialog/AlertDialogContent.vue: component could not be analyzed ; Vue packages/core/src/AlertDialog/AlertDialogDescription.vue: component could not be analyzed ; Vue packages/core/src/AlertDialog/AlertDialogOverlay.vue: component could not be analyzed ; Vue packages/core/src/AlertDialog/AlertDialogPortal.vue: component could not be analyzed ; Vue packages/core/src/AlertDialog/AlertDialogRoot.vue: component could not be analyzed ; Vue packages/core/src/AlertDialog/AlertDialogTitle.vue: component could not be analyzed ; Vue packages/core/src/AlertDialog/AlertDialogTrigger.vue: component could not be analyzed ; Vue packages/core/src/AlertDialog/story/AlertDialog.story.vue: runtime component/directive resolution requires full validation ; Vue packages/core/src/AspectRatio/AspectRatio.vue: component could not be analyzed ; Vue packages/core/src/AspectRatio/story/AspectRatio.story.vue: runtime component/directive resolution requires full validation ; Vue packages/core/src/Avatar/AvatarFallback.vue: component could not be analyzed ; Vue packages/core/src/Avatar/AvatarImage.vue: component could not be analyzed ; Vue packages/core/src/Avatar/AvatarRoot.vue: component could not be analyzed ; Vue packages/core/src/Avatar/story/Avatar.story.vue: runtime component/directive resolution requires full validation ; Vue packages/core/src/Calendar/CalendarCell.vue: component could not be analyzed ; Vue packages/core/src/Calendar/CalendarCellTrigger.vue: component could not be analyzed ; Vue packages/core/src/Calendar/CalendarGrid.vue: component could not be analyzed ; Vue packages/core/src/Calendar/CalendarGridBody.vue: component could not be analyzed ; Vue packages/core/src/Calendar/CalendarGridHead.vue: component could not be analyzed ; Vue packages/core/src/Calendar/CalendarGridRow.vue: component could not be analyzed ; Vue packages/core/src/Calendar/CalendarHeadCell.vue: component could not be analyzed ; Vue packages/core/src/Calendar/CalendarHeader.vue: component could not be analyzed ; Vue packages/core/src/Calendar/CalendarHeading.vue: component could not be analyzed ; Vue packages/core/src/Calendar/CalendarNext.vue: component could not be analyzed ; Vue packages/core/src/Calendar/CalendarPrev.vue: component could not be analyzed ; Vue packages/core/src/Calendar/CalendarRoot.vue: component could not be analyzed ; Vue packages/core/src/Calendar/story/CalendarChromatic.story.vue: runtime component/directive resolution requires full validation ; Vue packages/core/src/Calendar/story/CalendarDefault.story.vue: runtime component/directive resolution requires full validation ; Vue packages/core/src/Calendar/story/CalendarDir.story.vue: runtime component/directive resolution requires full validation ; Vue packages/core/src/Calendar/story/CalendarFixedWeeksForLocales.story.vue: runtime component/directive resolution requires full validation ; Vue packages/core/src/Calendar/story/CalendarLocales.story.vue: runtime component/directive resolution requires full validation ; Vue packages/core/src/Calendar/story/CalendarMultiple.story.vue: runtime component/directive resolution requires full validation ; Vue packages/core/src/Calendar/story/CalendarPopover.story.vue: runtime component/directive resolution requires full validation ; Vue packages/core/src/Calendar/story/CalendarSelect.story.vue: runtime component/directive resolution requires full validation ; Vue packages/core/src/Calendar/story/CalendarValidation.story.vue: runtime component/directive resolution requires full validation ; Vue packages/core/src/Calendar/story/CalendarYearIncrement.story.vue: runtime component/directive resolution requires full validation ; Vue packages/core/src/Calendar/story/_DummyCalendar.vue: component could not be analyzed ; Vue packages/core/src/Checkbox/CheckboxGroupRoot.vue: component could not be analyzed ; Vue packages/core/src/Checkbox/CheckboxIndicator.vue: component could not be analyzed ; Vue packages/core/src/Checkbox/CheckboxRoot.vue: component could not be analyzed ; Vue packages/core/src/Checkbox/story/Checkbox.story.vue: runtime component/directive resolution requires full validation ; Vue packages/core/src/Checkbox/story/CheckboxGroup.story.vue: runtime component/directive resolution requires full validation ; Vue packages/core/src/Checkbox/story/_Checkbox.vue: component could not be analyzed ; Vue packages/core/src/Checkbox/story/_CheckboxGroup.vue: component could not be analyzed ; Vue packages/core/src/Collapsible/CollapsibleContent.vue: component could not be analyzed ; Vue packages/core/src/Collapsible/CollapsibleRoot.vue: component could not be analyzed ; Vue packages/core/src/Collapsible/CollapsibleTrigger.vue: component could not be analyzed ; Vue packages/core/src/Collapsible/story/Collapsible.story.vue: runtime component/directive resolution requires full validation ; Vue packages/core/src/Collapsible/story/_Collapsible.vue: component could not be analyzed ; Vue packages/core/src/Combobox/ComboboxAnchor.vue: component could not be analyzed ; Vue packages/core/src/Combobox/ComboboxArrow.vue: component could not be analyzed ; Vue packages/core/src/Combobox/ComboboxCancel.vue: component could not be analyzed ; Vue packages/core/src/Combobox/ComboboxContent.vue: component could not be analyzed ; Vue packages/core/src/Combobox/ComboboxContentImpl.vue: component could not be analyzed ; Vue packages/core/src/Combobox/ComboboxEmpty.vue: component could not be analyzed ; Vue packages/core/src/Combobox/ComboboxGroup.vue: component could not be analyzed ; Vue packages/core/src/Combobox/ComboboxInput.vue: component could not be analyzed ; Vue packages/core/src/Combobox/ComboboxItem.vue: component could not be analyzed ; Vue packages/core/src/Combobox/ComboboxItemIndicator.vue: component could not be analyzed ; Vue packages/core/src/Combobox/ComboboxLabel.vue: component could not be analyzed ; Vue packages/core/src/Combobox/ComboboxPortal.vue: component could not be analyzed ; Vue packages/core/src/Combobox/ComboboxRoot.vue: component could not be analyzed ; Vue packages/core/src/Combobox/ComboboxSeparator.vue: component could not be analyzed ; Vue packages/core/src/Combobox/ComboboxTrigger.vue: component could not be analyzed ; Vue packages/core/src/Combobox/ComboboxViewport.vue: component could not be analyzed ; Vue packages/core/src/Combobox/ComboboxVirtualizer.vue: component could not be analyzed ; Vue packages/core/src/Combobox/story/ComboboxAsync.story.vue: runtime component/directive resolution requires full validation ; Vue packages/core/src/Combobox/story/ComboboxBasic.story.vue: runtime component/directive resolution requires full validation ; Vue packages/core/src/Combobox/story/ComboboxCustom.story.vue: runtime component/directive resolution requires full validation ; Vue packages/core/src/Combobox/story/ComboboxMultiple.story.vue: runtime component/directive resolution requires full validation ; Vue packages/core/src/Combobox/story/ComboboxObject.story.vue: runtime component/directive resolution requires full validation ; Vue packages/core/src/Combobox/story/ComboboxReactive.story.vue: runtime component/directive resolution requires full validation ; Vue packages/core/src/Combobox/story/ComboboxScrolling.story.vue: runtime component/directive resolution requires full validation ; Vue packages/core/src/Combobox/story/ComboboxSelectMenu.story.vue: runtime component/directive resolution requires full validation ; Vue packages/core/src/Combobox/story/ComboboxVirtual.story.vue: runtime component/directive resolution requires full validation ; Vue packages/core/src/Combobox/story/_Combobox.vue: component could not be analyzed ; Vue packages/core/src/Combobox/story/_ComboboxManualFilter.vue: component could not be analyzed ; Vue packages/core/src/Combobox/story/_ComboboxObject.vue: component could not be analyzed ; Vue packages/core/src/ConfigProvider/_ConfigProvider.vue: component could not be analyzed ; Vue packages/core/src/ContextMenu/ContextMenuArrow.vue: component could not be analyzed ; Vue packages/core/src/ContextMenu/ContextMenuCheckboxItem.vue: component could not be analyzed ; Vue packages/core/src/ContextMenu/ContextMenuContent.vue: component could not be analyzed ; Vue packages/core/src/ContextMenu/ContextMenuGroup.vue: component could not be analyzed ; Vue packages/core/src/ContextMenu/ContextMenuItem.vue: component could not be analyzed ; Vue packages/core/src/ContextMenu/ContextMenuItemIndicator.vue: component could not be analyzed ; Vue packages/core/src/ContextMenu/ContextMenuLabel.vue: component could not be analyzed ; Vue packages/core/src/ContextMenu/ContextMenuPortal.vue: component could not be analyzed ; Vue packages/core/src/ContextMenu/ContextMenuRadioGroup.vue: component could not be analyzed ; Vue packages/core/src/ContextMenu/ContextMenuRadioItem.vue: component could not be analyzed ; Vue packages/core/src/ContextMenu/ContextMenuRoot.vue: component could not be analyzed ; Vue packages/core/src/ContextMenu/ContextMenuSeparator.vue: component could not be analyzed ; Vue packages/core/src/ContextMenu/ContextMenuSub.vue: component could not be analyzed ; Vue packages/core/src/ContextMenu/ContextMenuSubContent.vue: component could not be analyzed ; Vue packages/core/src/ContextMenu/ContextMenuSubTrigger.vue: component could not be analyzed ; Vue packages/core/src/ContextMenu/ContextMenuTrigger.vue: component could not be analyzed ; Vue packages/core/src/ContextMenu/story/ContextMenu.story.vue: runtime component/directive resolution requires full validation ; Vue packages/core/src/DateField/DateFieldInput.vue: component could not be analyzed ; Vue packages/core/src/DateField/DateFieldRoot.vue: component could not be analyzed ; Vue packages/core/src/DateField/story/DateFieldChromatic.story.vue: runtime component/directive resolution requires full validation ; Vue packages/core/src/DateField/story/DateFieldDefault.story.vue: runtime component/directive resolution requires full validation ; Vue packages/core/src/DateField/story/DateFieldGranular.story.vue: runtime component/directive resolution requires full validation ; Vue packages/core/src/DateField/story/DateFieldInvalid.story.vue: runtime component/directive resolution requires full validation ; Vue packages/core/src/DateField/story/DateFieldLocales.story.vue: runtime component/directive resolution requires full validation ; Vue packages/core/src/DatePicker/DatePickerAnchor.vue: component could not be analyzed ; Vue packages/core/src/DatePicker/DatePickerArrow.vue: component could not be analyzed ; Vue packages/core/src/DatePicker/DatePickerCell.vue: component could not be analyzed ; Vue packages/core/src/DatePicker/DatePickerCellTrigger.vue: component could not be analyzed ; Vue packages/core/src/DatePicker/DatePickerClose.vue: component could not be analyzed ; Vue packages/core/src/DatePicker/DatePickerContent.vue: component could not be analyzed ; Vue packages/core/src/DatePicker/DatePickerGrid.vue: component could not be analyzed ; Vue packages/core/src/DatePicker/DatePickerGridBody.vue: component could not be analyzed ; Vue packages/core/src/DatePicker/DatePickerGridHead.vue: component could not be analyzed ; Vue packages/core/src/DatePicker/DatePickerGridRow.vue: component could not be analyzed ; Vue packages/core/src/DatePicker/DatePickerHeadCell.vue: component could not be analyzed ; Vue packages/core/src/DatePicker/DatePickerHeader.vue: component could not be analyzed ; Vue packages/core/src/DatePicker/DatePickerHeading.vue: component could not be analyzed ; Vue packages/core/src/DatePicker/DatePickerInput.vue: component could not be analyzed ; Vue packages/core/src/DatePicker/DatePickerNext.vue: component could not be analyzed ; Vue packages/core/src/DatePicker/DatePickerPrev.vue: component could not be analyzed ; Vue packages/core/src/DatePicker/DatePickerRoot.vue: component could not be analyzed ; Vue packages/core/src/DatePicker/DatePickerTrigger.vue: component could not be analyzed ; Vue packages/core/src/DatePicker/story/DatePickerChromatic.story.vue: runtime component/directive resolution requires full validation ; Vue packages/core/src/DatePicker/story/DatePickerDefault.story.vue: runtime component/directive resolution requires full validation ; Vue packages/core/src/DatePicker/story/DatePickerGranular.story.vue: runtime component/directive resolution requires full validation ; Vue packages/core/src/DatePicker/story/DatePickerValidation.story.vue: runtime component/directive resolution requires full validation ; Vue packages/core/src/DatePicker/story/_DummyDatePicker.vue: component could not be analyzed ; Vue packages/core/src/DateRangeField/DateRangeFieldInput.vue: component could not be analyzed ; Vue packages/core/src/DateRangeField/DateRangeFieldRoot.vue: component could not be analyzed ; Vue packages/core/src/DateRangeField/story/DateRangeFieldChromatic.story.vue: runtime component/directive resolution requires full validation ; Vue packages/core/src/DateRangeField/story/DateRangeFieldDefault.story.vue: runtime component/directive resolution requires full validation ; Vue packages/core/src/DateRangeField/story/DateRangeFieldGranular.story.vue: runtime component/directive resolution requires full validation ; Vue packages/core/src/DateRangeField/story/DateRangeFieldValidation.story.vue: runtime component/directive resolution requires full validation ; Vue packages/core/src/DateRangeField/story/_DummyDateRangeField.vue: component could not be analyzed ; Vue packages/core/src/DateRangePicker/DateRangePickerAnchor.vue: component could not be analyzed ; Vue packages/core/src/DateRangePicker/DateRangePickerArrow.vue: component could not be analyzed ; Vue packages/core/src/DateRangePicker/DateRangePickerCell.vue: component could not be analyzed ; Vue packages/core/src/DateRangePicker/DateRangePickerCellTrigger.vue: component could not be analyzed ; Vue packages/core/src/DateRangePicker/DateRangePickerClose.vue: component could not be analyzed ; Vue packages/core/src/DateRangePicker/DateRangePickerContent.vue: component could not be analyzed ; Vue packages/core/src/DateRangePicker/DateRangePickerGrid.vue: component could not be analyzed ; Vue packages/core/src/DateRangePicker/DateRangePickerGridBody.vue: component could not be analyzed ; Vue packages/core/src/DateRangePicker/DateRangePickerGridHead.vue: component could not be analyzed ; Vue packages/core/src/DateRangePicker/DateRangePickerGridRow.vue: component could not be analyzed ; Vue packages/core/src/DateRangePicker/DateRangePickerHeadCell.vue: component could not be analyzed ; Vue packages/core/src/DateRangePicker/DateRangePickerHeader.vue: component could not be analyzed ; Vue packages/core/src/DateRangePicker/DateRangePickerHeading.vue: component could not be analyzed ; Vue packages/core/src/DateRangePicker/DateRangePickerInput.vue: component could not be analyzed ; Vue packages/core/src/DateRangePicker/DateRangePickerNext.vue: component could not be analyzed ; Vue packages/core/src/DateRangePicker/DateRangePickerPrev.vue: component could not be analyzed ; Vue packages/core/src/DateRangePicker/DateRangePickerRoot.vue: component could not be analyzed ; Vue packages/core/src/DateRangePicker/DateRangePickerTrigger.vue: component could not be analyzed ; Vue packages/core/src/DateRangePicker/story/DateRangePickerChromatic.story.vue: runtime component/directive resolution requires full validation ; Vue packages/core/src/DateRangePicker/story/DateRangePickerDefault.story.vue: runtime component/directive resolution requires full validation ; Vue packages/core/src/DateRangePicker/story/DateRangePickerGranular.story.vue: runtime component/directive resolution requires full validation ; Vue packages/core/src/DateRangePicker/story/DateRangePickerValidation.story.vue: runtime component/directive resolution requires full validation ; Vue packages/core/src/DateRangePicker/story/_DummyDateRangePicker.vue: component could not be analyzed ; Vue packages/core/src/Dialog/DialogClose.vue: component could not be analyzed ; Vue packages/core/src/Dialog/DialogContent.vue: component could not be analyzed ; Vue packages/core/src/Dialog/DialogContentImpl.vue: component could not be analyzed ; Vue packages/core/src/Dialog/DialogContentModal.vue: component could not be analyzed ; Vue packages/core/src/Dialog/DialogContentNonModal.vue: component could not be analyzed ; Vue packages/core/src/Dialog/DialogDescription.vue: component could not be analyzed ; Vue packages/core/src/Dialog/DialogOverlay.vue: component could not be analyzed ; Vue packages/core/src/Dialog/DialogOverlayImpl.vue: component could not be analyzed ; Vue packages/core/src/Dialog/DialogPortal.vue: component could not be analyzed ; Vue packages/core/src/Dialog/DialogTitle.vue: component could not be analyzed ; Vue packages/core/src/Dialog/DialogTrigger.vue: component could not be analyzed ; Vue packages/core/src/Dialog/story/Dialog.story.vue: runtime component/directive resolution requires full validation ; Vue packages/core/src/Dialog/story/DialogExternalTrigger.story.vue: runtime component/directive resolution requires full validation ; Vue packages/core/src/Dialog/story/DialogProgrammatic.story.vue: runtime component/directive resolution requires full validation ; Vue packages/core/src/Dialog/story/DialogWithDropdown.story.vue: runtime component/directive resolution requires full validation ; Vue packages/core/src/DismissableLayer/DismissableLayer.vue: component could not be analyzed ; Vue packages/core/src/DismissableLayer/DismissableLayerBranch.vue: component could not be analyzed ; Vue packages/core/src/DismissableLayer/story/DismissableLayerBasic.story.vue: runtime component/directive resolution requires full validation ; Vue packages/core/src/DismissableLayer/story/DismissableLayerDialog.story.vue: runtime component/directive resolution requires full validation ; Vue packages/core/src/DismissableLayer/story/DismissableLayerPopoverNested.story.vue: runtime component/directive resolution requires full validation ; Vue packages/core/src/DismissableLayer/story/_DismissableLayer.vue: component could not be analyzed ; Vue packages/core/src/DropdownMenu/DropdownMenuArrow.vue: component could not be analyzed ; Vue packages/core/src/DropdownMenu/DropdownMenuCheckboxItem.vue: component could not be analyzed ; Vue packages/core/src/DropdownMenu/DropdownMenuContent.vue: component could not be analyzed ; Vue packages/core/src/DropdownMenu/DropdownMenuGroup.vue: component could not be analyzed ; Vue packages/core/src/DropdownMenu/DropdownMenuItem.vue: component could not be analyzed ; Vue packages/core/src/DropdownMenu/DropdownMenuItemIndicator.vue: component could not be analyzed ; Vue packages/core/src/DropdownMenu/DropdownMenuLabel.vue: component could not be analyzed ; Vue packages/core/src/DropdownMenu/DropdownMenuPortal.vue: component could not be analyzed ; Vue packages/core/src/DropdownMenu/DropdownMenuRadioGroup.vue: component could not be analyzed ; Vue packages/core/src/DropdownMenu/DropdownMenuRadioItem.vue: component could not be analyzed ; Vue packages/core/src/DropdownMenu/DropdownMenuRoot.vue: component could not be analyzed ; Vue packages/core/src/DropdownMenu/DropdownMenuSeparator.vue: component could not be analyzed ; Vue packages/core/src/DropdownMenu/DropdownMenuSub.vue: component could not be analyzed ; Vue packages/core/src/DropdownMenu/DropdownMenuSubContent.vue: component could not be analyzed ; Vue packages/core/src/DropdownMenu/DropdownMenuSubTrigger.vue: component could not be analyzed ; Vue packages/core/src/DropdownMenu/DropdownMenuTrigger.vue: component could not be analyzed ; Vue packages/core/src/DropdownMenu/story/DropdownMenu.story.vue: runtime component/directive resolution requires full validation ; Vue packages/core/src/DropdownMenu/story/_DropdownMenu.vue: component could not be analyzed ; Vue packages/core/src/Editable/EditableArea.vue: component could not be analyzed ; Vue packages/core/src/Editable/EditableCancelTrigger.vue: component could not be analyzed ; Vue packages/core/src/Editable/EditableEditTrigger.vue: component could not be analyzed ; Vue packages/core/src/Editable/EditableInput.vue: component could not be analyzed ; Vue packages/core/src/Editable/EditablePreview.vue: component could not be analyzed ; Vue packages/core/src/Editable/EditableRoot.vue: component could not be analyzed ; Vue packages/core/src/Editable/EditableSubmitTrigger.vue: component could not be analyzed ; Vue packages/core/src/Editable/story/EditableChromatic.story.vue: runtime component/directive resolution requires full validation ; Vue packages/core/src/Editable/story/EditableDefault.story.vue: runtime component/directive resolution requires full validation ; Vue packages/core/src/Editable/story/_DummyEditable.vue: component could not be analyzed ; Vue packages/core/src/FocusScope/FocusScope.vue: component could not be analyzed ; Vue packages/core/src/FocusScope/story/FocusScopeMultiple.story.vue: runtime component/directive resolution requires full validation ; Vue packages/core/src/HoverCard/HoverCardArrow.vue: component could not be analyzed ; Vue packages/core/src/HoverCard/HoverCardContent.vue: component could not be analyzed ; Vue packages/core/src/HoverCard/HoverCardContentImpl.vue: component could not be analyzed ; Vue packages/core/src/HoverCard/HoverCardPortal.vue: component could not be analyzed ; Vue packages/core/src/HoverCard/HoverCardTrigger.vue: component could not be analyzed ; Vue packages/core/src/HoverCard/story/HoverCard.story.vue: runtime component/directive resolution requires full validation ; Vue packages/core/src/HoverCard/story/HoverMultiCard.story.vue: runtime component/directive resolution requires full validation ; Vue packages/core/src/Label/Label.story.vue: runtime component/directive resolution requires full validation ; Vue packages/core/src/Label/Label.vue: component could not be analyzed ; Vue packages/core/src/Listbox/ListboxContent.vue: component could not be analyzed ; Vue packages/core/src/Listbox/ListboxFilter.vue: component could not be analyzed ; Vue packages/core/src/Listbox/ListboxGroup.vue: component could not be analyzed ; Vue packages/core/src/Listbox/ListboxGroupLabel.vue: component could not be analyzed ; Vue packages/core/src/Listbox/ListboxItem.vue: component could not be analyzed ; Vue packages/core/src/Listbox/ListboxItemIndicator.vue: component could not be analyzed ; Vue packages/core/src/Listbox/ListboxRoot.vue: component could not be analyzed ; Vue packages/core/src/Listbox/ListboxVirtualizer.vue: runtime component/directive resolution requires full validation ; Vue packages/core/src/Listbox/story/ListboxChromatic.story.vue: runtime component/directive resolution requires full validation ; Vue packages/core/src/Listbox/story/ListboxDemo.story.vue: runtime component/directive resolution requires full validation ; Vue packages/core/src/Listbox/story/ListboxFilter.story.vue: runtime component/directive resolution requires full validation ; Vue packages/core/src/Listbox/story/ListboxVirtual.story.vue: runtime component/directive resolution requires full validation ; Vue packages/core/src/Listbox/story/_Listbox.vue: component could not be analyzed ; Vue packages/core/src/Menu/MenuAnchor.vue: component could not be analyzed ; Vue packages/core/src/Menu/MenuArrow.vue: component could not be analyzed ; Vue packages/core/src/Menu/MenuCheckboxItem.vue: component could not be analyzed ; Vue packages/core/src/Menu/MenuContent.vue: component could not be analyzed ; Vue packages/core/src/Menu/MenuContentImpl.vue: component could not be analyzed ; Vue packages/core/src/Menu/MenuGroup.vue: component could not be analyzed ; Vue packages/core/src/Menu/MenuItem.vue: component could not be analyzed ; Vue packages/core/src/Menu/MenuItemImpl.vue: component could not be analyzed ; Vue packages/core/src/Menu/MenuItemIndicator.vue: component could not be analyzed ; Vue packages/core/src/Menu/MenuLabel.vue: component could not be analyzed ; Vue packages/core/src/Menu/MenuPortal.vue: component could not be analyzed ; Vue packages/core/src/Menu/MenuRadioGroup.vue: component could not be analyzed ; Vue packages/core/src/Menu/MenuRadioItem.vue: component could not be analyzed ; Vue packages/core/src/Menu/MenuRootContentModal.vue: component could not be analyzed ; Vue packages/core/src/Menu/MenuRootContentNonModal.vue: component could not be analyzed ; Vue packages/core/src/Menu/MenuSeparator.vue: component could not be analyzed ; Vue packages/core/src/Menu/MenuSubContent.vue: component could not be analyzed ; Vue packages/core/src/Menu/MenuSubTrigger.vue: component could not be analyzed ; Vue packages/core/src/Menu/story/MenuCheckboxItems.story.vue: runtime component/directive resolution requires full validation ; Vue packages/core/src/Menu/story/MenuRadioItems.story.vue: runtime component/directive resolution requires full validation ; Vue packages/core/src/Menu/story/MenuStyled.story.vue: runtime component/directive resolution requires full validation ; Vue packages/core/src/Menu/story/MenuSubMenu.story.vue: runtime component/directive resolution requires full validation ; Vue packages/core/src/Menu/story/MenuWithLabels.story.vue: runtime component/directive resolution requires full validation ; Vue packages/core/src/Menu/story/_Menu.vue: component could not be analyzed ; Vue packages/core/src/Menu/story/_MenuWithAnchor.vue: component could not be analyzed ; Vue packages/core/src/Menubar/MenubarArrow.vue: component could not be analyzed ; Vue packages/core/src/Menubar/MenubarCheckboxItem.vue: component could not be analyzed ; Vue packages/core/src/Menubar/MenubarContent.vue: component could not be analyzed ; Vue packages/core/src/Menubar/MenubarGroup.vue: component could not be analyzed ; Vue packages/core/src/Menubar/MenubarItem.vue: component could not be analyzed ; Vue packages/core/src/Menubar/MenubarItemIndicator.vue: component could not be analyzed ; Vue packages/core/src/Menubar/MenubarLabel.vue: component could not be analyzed ; Vue packages/core/src/Menubar/MenubarPortal.vue: component could not be analyzed ; Vue packages/core/src/Menubar/MenubarRadioGroup.vue: component could not be analyzed ; Vue packages/core/src/Menubar/MenubarRadioItem.vue: component could not be analyzed ; Vue packages/core/src/Menubar/MenubarSeparator.vue: component could not be analyzed ; Vue packages/core/src/Menubar/MenubarSub.vue: component could not be analyzed ; Vue packages/core/src/Menubar/MenubarSubContent.vue: component could not be analyzed ; Vue packages/core/src/Menubar/MenubarSubTrigger.vue: component could not be analyzed ; Vue packages/core/src/Menubar/MenubarTrigger.vue: component could not be analyzed ; Vue packages/core/src/Menubar/story/Menubar.story.vue: runtime component/directive resolution requires full validation ; Vue packages/core/src/Menubar/story/_Menubar.vue: component could not be analyzed ; Vue packages/core/src/NavigationMenu/NavigationMenuContent.vue: component could not be analyzed ; Vue packages/core/src/NavigationMenu/NavigationMenuContentImpl.vue: component could not be analyzed ; Vue packages/core/src/NavigationMenu/NavigationMenuIndicator.vue: component could not be analyzed ; Vue packages/core/src/NavigationMenu/NavigationMenuItem.vue: component could not be analyzed ; Vue packages/core/src/NavigationMenu/NavigationMenuLink.vue: component could not be analyzed ; Vue packages/core/src/NavigationMenu/NavigationMenuList.vue: component could not be analyzed ; Vue packages/core/src/NavigationMenu/NavigationMenuRoot.vue: component could not be analyzed ; Vue packages/core/src/NavigationMenu/NavigationMenuSub.vue: component could not be analyzed ; Vue packages/core/src/NavigationMenu/NavigationMenuTrigger.vue: component could not be analyzed ; Vue packages/core/src/NavigationMenu/NavigationMenuViewport.vue: component could not be analyzed ; Vue packages/core/src/NavigationMenu/story/NavigationMenuAlignment.story.vue: runtime component/directive resolution requires full validation ; Vue packages/core/src/NavigationMenu/story/NavigationMenuBasic.story.vue: runtime component/directive resolution requires full validation ; Vue packages/core/src/NavigationMenu/story/NavigationMenuChromatic.story.vue: runtime component/directive resolution requires full validation ; Vue packages/core/src/NavigationMenu/story/NavigationMenuDemo.story.vue: runtime component/directive resolution requires full validation ; Vue packages/core/src/NavigationMenu/story/NavigationMenuSubmenus.story.vue: runtime component/directive resolution requires full validation ; Vue packages/core/src/NavigationMenu/story/NavigationMenuViewport.story.vue: runtime component/directive resolution requires full validation ; Vue packages/core/src/NumberField/NumberFieldDecrement.vue: component could not be analyzed ; Vue packages/core/src/NumberField/NumberFieldIncrement.vue: component could not be analyzed ; Vue packages/core/src/NumberField/NumberFieldInput.vue: component could not be analyzed ; Vue packages/core/src/NumberField/NumberFieldRoot.vue: component could not be analyzed ; Vue packages/core/src/NumberField/story/NumberField.story.vue: runtime component/directive resolution requires full validation ; Vue packages/core/src/NumberField/story/NumberFieldChromatic.story.vue: runtime component/directive resolution requires full validation ; Vue packages/core/src/NumberField/story/_NumberField.vue: component could not be analyzed ; Vue packages/core/src/Pagination/PaginationEllipsis.vue: component could not be analyzed ; Vue packages/core/src/Pagination/PaginationFirst.vue: component could not be analyzed ; Vue packages/core/src/Pagination/PaginationLast.vue: component could not be analyzed ; Vue packages/core/src/Pagination/PaginationList.vue: component could not be analyzed ; Vue packages/core/src/Pagination/PaginationListItem.vue: component could not be analyzed ; Vue packages/core/src/Pagination/PaginationNext.vue: component could not be analyzed ; Vue packages/core/src/Pagination/PaginationPrev.vue: component could not be analyzed ; Vue packages/core/src/Pagination/PaginationRoot.vue: component could not be analyzed ; Vue packages/core/src/Pagination/story/PaginationDefault.story.vue: runtime component/directive resolution requires full validation ; Vue packages/core/src/PinInput/PinInputInput.vue: component could not be analyzed ; Vue packages/core/src/PinInput/PinInputRoot.vue: component could not be analyzed ; Vue packages/core/src/PinInput/story/PinInput.story.vue: runtime component/directive resolution requires full validation ; Vue packages/core/src/PinInput/story/PinInputNumeric.story.vue: runtime component/directive resolution requires full validation ; Vue packages/core/src/PinInput/story/_PinInput.vue: component could not be analyzed ; Vue packages/core/src/Popover/PopoverAnchor.vue: component could not be analyzed ; Vue packages/core/src/Popover/PopoverArrow.vue: component could not be analyzed ; Vue packages/core/src/Popover/PopoverClose.vue: component could not be analyzed ; Vue packages/core/src/Popover/PopoverContent.vue: component could not be analyzed ; Vue packages/core/src/Popover/PopoverContentImpl.vue: component could not be analyzed ; Vue packages/core/src/Popover/PopoverContentModal.vue: component could not be analyzed ; Vue packages/core/src/Popover/PopoverContentNonModal.vue: component could not be analyzed ; Vue packages/core/src/Popover/PopoverPortal.vue: component could not be analyzed ; Vue packages/core/src/Popover/PopoverTrigger.vue: component could not be analyzed ; Vue packages/core/src/Popover/story/PopoverBodyLock.story.vue: runtime component/directive resolution requires full validation ; Vue packages/core/src/Popover/story/PopoverBoundary.story.vue: runtime component/directive resolution requires full validation ; Vue packages/core/src/Popover/story/PopoverCustomAnchor.story.vue: runtime component/directive resolution requires full validation ; Vue packages/core/src/Popover/story/PopoverCustomArrow.story.vue: runtime component/directive resolution requires full validation ; Vue packages/core/src/Popover/story/PopoverDemo.story.vue: runtime component/directive resolution requires full validation ; Vue packages/core/src/Popover/story/PopoverForceMount.story.vue: runtime component/directive resolution requires full validation ; Vue packages/core/src/Popover/story/PopoverModality.story.vue: runtime component/directive resolution requires full validation ; Vue packages/core/src/Popover/story/PopoverNested.story.vue: runtime component/directive resolution requires full validation ; Vue packages/core/src/Popper/PopperAnchor.vue: component could not be analyzed ; Vue packages/core/src/Popper/PopperArrow.vue: component could not be analyzed ; Vue packages/core/src/Popper/PopperContent.vue: component could not be analyzed ; Vue packages/core/src/Presence/story/PresenceAnimation.story.vue: runtime component/directive resolution requires full validation ; Vue packages/core/src/Presence/story/PresenceBasic.story.vue: runtime component/directive resolution requires full validation ; Vue packages/core/src/Presence/story/PresenceTransition.story.vue: runtime component/directive resolution requires full validation ; Vue packages/core/src/Progress/ProgressIndicator.vue: component could not be analyzed ; Vue packages/core/src/Progress/ProgressRoot.vue: component could not be analyzed ; Vue packages/core/src/Progress/story/Progress.story.vue: runtime component/directive resolution requires full validation ; Vue packages/core/src/RadioGroup/Radio.vue: component could not be analyzed ; Vue packages/core/src/RadioGroup/RadioGroupIndicator.vue: component could not be analyzed ; Vue packages/core/src/RadioGroup/RadioGroupItem.vue: component could not be analyzed ; Vue packages/core/src/RadioGroup/RadioGroupRoot.vue: component could not be analyzed ; Vue packages/core/src/RadioGroup/story/RadioGroup.story.vue: runtime component/directive resolution requires full validation ; Vue packages/core/src/RangeCalendar/RangeCalendarCell.vue: component could not be analyzed ; Vue packages/core/src/RangeCalendar/RangeCalendarCellTrigger.vue: component could not be analyzed ; Vue packages/core/src/RangeCalendar/RangeCalendarGrid.vue: component could not be analyzed ; Vue packages/core/src/RangeCalendar/RangeCalendarGridBody.vue: component could not be analyzed ; Vue packages/core/src/RangeCalendar/RangeCalendarGridHead.vue: component could not be analyzed ; Vue packages/core/src/RangeCalendar/RangeCalendarGridRow.vue: component could not be analyzed ; Vue packages/core/src/RangeCalendar/RangeCalendarHeadCell.vue: component could not be analyzed ; Vue packages/core/src/RangeCalendar/RangeCalendarHeader.vue: component could not be analyzed ; Vue packages/core/src/RangeCalendar/RangeCalendarHeading.vue: component could not be analyzed ; Vue packages/core/src/RangeCalendar/RangeCalendarNext.vue: component could not be analyzed ; Vue packages/core/src/RangeCalendar/RangeCalendarPrev.vue: component could not be analyzed ; Vue packages/core/src/RangeCalendar/RangeCalendarRoot.vue: component could not be analyzed ; Vue packages/core/src/RangeCalendar/story/RangeCalendarChromatic.story.vue: runtime component/directive resolution requires full validation ; Vue packages/core/src/RangeCalendar/story/RangeCalendarDefault.story.vue: runtime component/directive resolution requires full validation ; Vue packages/core/src/RangeCalendar/story/RangeCalendarMultiple.story.vue: runtime component/directive resolution requires full validation ; Vue packages/core/src/RangeCalendar/story/RangeCalendarPopover.story.vue: runtime component/directive resolution requires full validation ; Vue packages/core/src/RangeCalendar/story/RangeCalendarValidation.story.vue: runtime component/directive resolution requires full validation ; Vue packages/core/src/RangeCalendar/story/_DummyRangeCalendar.vue: component could not be analyzed ; Vue packages/core/src/RovingFocus/RovingFocusGroup.vue: component could not be analyzed ; Vue packages/core/src/RovingFocus/RovingFocusItem.vue: component could not be analyzed ; Vue packages/core/src/RovingFocus/story/RovingFocusBasic.story.vue: runtime component/directive resolution requires full validation ; Vue packages/core/src/RovingFocus/story/_Button.vue: component could not be analyzed ; Vue packages/core/src/RovingFocus/story/_ButtonGroup.vue: component could not be analyzed ; Vue packages/core/src/ScrollArea/ScrollAreaCorner.vue: component could not be analyzed ; Vue packages/core/src/ScrollArea/ScrollAreaRoot.vue: component could not be analyzed ; Vue packages/core/src/ScrollArea/ScrollAreaScrollbar.vue: component could not be analyzed ; Vue packages/core/src/ScrollArea/ScrollAreaScrollbarHover.vue: component could not be analyzed ; Vue packages/core/src/ScrollArea/ScrollAreaThumb.vue: component could not be analyzed ; Vue packages/core/src/ScrollArea/ScrollAreaViewport.vue: component could not be analyzed ; Vue packages/core/src/ScrollArea/story/ScrollAreaBasic.story.vue: runtime component/directive resolution requires full validation ; Vue packages/core/src/ScrollArea/story/ScrollAreaChromatic.story.vue: runtime component/directive resolution requires full validation ; Vue packages/core/src/ScrollArea/story/ScrollAreaChromaticBoth.story.vue: runtime component/directive resolution requires full validation ; Vue packages/core/src/ScrollArea/story/ScrollAreaChromaticHorizontal.story.vue: runtime component/directive resolution requires full validation ; Vue packages/core/src/ScrollArea/story/ScrollAreaChromaticVertical.story.vue: runtime component/directive resolution requires full validation ; Vue packages/core/src/ScrollArea/story/_ScrollArea.vue: component could not be analyzed ; Vue packages/core/src/ScrollArea/story/_ScrollAreaStory.vue: component could not be analyzed ; Vue packages/core/src/Select/SelectArrow.vue: component could not be analyzed ; Vue packages/core/src/Select/SelectContent.vue: component could not be analyzed ; Vue packages/core/src/Select/SelectContentImpl.vue: component could not be analyzed ; Vue packages/core/src/Select/SelectGroup.vue: component could not be analyzed ; Vue packages/core/src/Select/SelectIcon.vue: component could not be analyzed ; Vue packages/core/src/Select/SelectItem.vue: component could not be analyzed ; Vue packages/core/src/Select/SelectItemAlignedPosition.vue: component could not be analyzed ; Vue packages/core/src/Select/SelectItemIndicator.vue: component could not be analyzed ; Vue packages/core/src/Select/SelectItemText.vue: component could not be analyzed ; Vue packages/core/src/Select/SelectLabel.vue: component could not be analyzed ; Vue packages/core/src/Select/SelectPopperPosition.vue: component could not be analyzed ; Vue packages/core/src/Select/SelectPortal.vue: component could not be analyzed ; Vue packages/core/src/Select/SelectRoot.vue: component could not be analyzed ; Vue packages/core/src/Select/SelectScrollDownButton.vue: component could not be analyzed ; Vue packages/core/src/Select/SelectScrollUpButton.vue: component could not be analyzed ; Vue packages/core/src/Select/SelectSeparator.vue: component could not be analyzed ; Vue packages/core/src/Select/SelectTrigger.vue: component could not be analyzed ; Vue packages/core/src/Select/SelectValue.vue: component could not be analyzed ; Vue packages/core/src/Select/SelectViewport.vue: component could not be analyzed ; Vue packages/core/src/Select/story/SelectDemo.story.vue: runtime component/directive resolution requires full validation ; Vue packages/core/src/Select/story/SelectForm.story.vue: runtime component/directive resolution requires full validation ; Vue packages/core/src/Select/story/SelectWithinDialog.story.vue: runtime component/directive resolution requires full validation ; Vue packages/core/src/Select/story/_SelectTest.vue: component could not be analyzed ; Vue packages/core/src/Separator/Separator.story.vue: runtime component/directive resolution requires full validation ; Vue packages/core/src/Separator/Separator.vue: component could not be analyzed ; Vue packages/core/src/Slider/SliderHorizontal.vue: component could not be analyzed ; Vue packages/core/src/Slider/SliderImpl.vue: component could not be analyzed ; Vue packages/core/src/Slider/SliderRange.vue: component could not be analyzed ; Vue packages/core/src/Slider/SliderRoot.vue: component could not be analyzed ; Vue packages/core/src/Slider/SliderThumb.vue: component could not be analyzed ; Vue packages/core/src/Slider/SliderThumbImpl.vue: component could not be analyzed ; Vue packages/core/src/Slider/SliderTrack.vue: component could not be analyzed ; Vue packages/core/src/Slider/SliderVertical.vue: component could not be analyzed ; Vue packages/core/src/Slider/story/SliderChromatic.story.vue: runtime component/directive resolution requires full validation ; Vue packages/core/src/Slider/story/SliderDemo.story.vue: runtime component/directive resolution requires full validation ; Vue packages/core/src/Slider/story/SliderExtremes.story.vue: runtime component/directive resolution requires full validation ; Vue packages/core/src/Slider/story/_Slider.vue: component could not be analyzed ; Vue packages/core/src/Splitter/SplitterGroup.vue: component could not be analyzed ; Vue packages/core/src/Splitter/SplitterPanel.vue: component could not be analyzed ; Vue packages/core/src/Splitter/SplitterResizeHandle.vue: component could not be analyzed ; Vue packages/core/src/Splitter/story/SplitterAction.story.vue: runtime component/directive resolution requires full validation ; Vue packages/core/src/Splitter/story/SplitterChromatic.story.vue: runtime component/directive resolution requires full validation ; Vue packages/core/src/Splitter/story/SplitterCollapsible.story.vue: runtime component/directive resolution requires full validation ; Vue packages/core/src/Splitter/story/SplitterConditional.story.vue: runtime component/directive resolution requires full validation ; Vue packages/core/src/Splitter/story/SplitterDemo.story.vue: runtime component/directive resolution requires full validation ; Vue packages/core/src/Splitter/story/SplitterDirection.story.vue: runtime component/directive resolution requires full validation ; Vue packages/core/src/Splitter/story/SplitterOverflow.story.vue: runtime component/directive resolution requires full validation ; Vue packages/core/src/Splitter/story/SplitterPersistence.story.vue: runtime component/directive resolution requires full validation ; Vue packages/core/src/Stepper/StepperDescription.vue: component could not be analyzed ; Vue packages/core/src/Stepper/StepperIndicator.vue: component could not be analyzed ; Vue packages/core/src/Stepper/StepperItem.vue: component could not be analyzed ; Vue packages/core/src/Stepper/StepperRoot.vue: component could not be analyzed ; Vue packages/core/src/Stepper/StepperSeparator.vue: component could not be analyzed ; Vue packages/core/src/Stepper/StepperTitle.vue: component could not be analyzed ; Vue packages/core/src/Stepper/StepperTrigger.vue: component could not be analyzed ; Vue packages/core/src/Stepper/story/StepperChromatic.story.vue: runtime component/directive resolution requires full validation ; Vue packages/core/src/Stepper/story/StepperDefault.story.vue: runtime component/directive resolution requires full validation ; Vue packages/core/src/Stepper/story/_DummyStepper.vue: component could not be analyzed ; Vue packages/core/src/Switch/Switch.story.vue: runtime component/directive resolution requires full validation ; Vue packages/core/src/Switch/SwitchRoot.vue: component could not be analyzed ; Vue packages/core/src/Switch/SwitchThumb.vue: component could not be analyzed ; Vue packages/core/src/Tabs/TabsContent.vue: component could not be analyzed ; Vue packages/core/src/Tabs/TabsIndicator.vue: component could not be analyzed ; Vue packages/core/src/Tabs/TabsList.vue: component could not be analyzed ; Vue packages/core/src/Tabs/TabsRoot.vue: component could not be analyzed ; Vue packages/core/src/Tabs/TabsTrigger.vue: component could not be analyzed ; Vue packages/core/src/Tabs/story/Tabs.story.vue: runtime component/directive resolution requires full validation ; Vue packages/core/src/Tabs/story/TabsVertical.story.vue: runtime component/directive resolution requires full validation ; Vue packages/core/src/TagsInput/TagsInputClear.vue: component could not be analyzed ; Vue packages/core/src/TagsInput/TagsInputInput.vue: component could not be analyzed ; Vue packages/core/src/TagsInput/TagsInputItem.vue: component could not be analyzed ; Vue packages/core/src/TagsInput/TagsInputItemDelete.vue: component could not be analyzed ; Vue packages/core/src/TagsInput/TagsInputItemText.vue: component could not be analyzed ; Vue packages/core/src/TagsInput/TagsInputRoot.vue: component could not be analyzed ; Vue packages/core/src/TagsInput/story/TagsInput.story.vue: runtime component/directive resolution requires full validation ; Vue packages/core/src/TagsInput/story/TagsInputCombobox.story.vue: runtime component/directive resolution requires full validation ; Vue packages/core/src/TagsInput/story/TagsInputObject.story.vue: runtime component/directive resolution requires full validation ; Vue packages/core/src/TagsInput/story/_TagsInputObject.vue: component could not be analyzed ; Vue packages/core/src/TimeField/TimeFieldInput.vue: component could not be analyzed ; Vue packages/core/src/TimeField/TimeFieldRoot.vue: component could not be analyzed ; Vue packages/core/src/TimeField/story/TimeFieldChromatic.story.vue: runtime component/directive resolution requires full validation ; Vue packages/core/src/TimeField/story/TimeFieldDefault.story.vue: runtime component/directive resolution requires full validation ; Vue packages/core/src/TimeField/story/TimeFieldGranular.story.vue: runtime component/directive resolution requires full validation ; Vue packages/core/src/TimeField/story/TimeFieldInvalid.story.vue: runtime component/directive resolution requires full validation ; Vue packages/core/src/TimeField/story/TimeFieldLocales.story.vue: runtime component/directive resolution requires full validation ; Vue packages/core/src/Toast/ToastAction.vue: component could not be analyzed ; Vue packages/core/src/Toast/ToastAnnounceExclude.vue: component could not be analyzed ; Vue packages/core/src/Toast/ToastClose.vue: component could not be analyzed ; Vue packages/core/src/Toast/ToastDescription.vue: component could not be analyzed ; Vue packages/core/src/Toast/ToastPortal.vue: component could not be analyzed ; Vue packages/core/src/Toast/ToastRoot.vue: component could not be analyzed ; Vue packages/core/src/Toast/ToastRootImpl.vue: component could not be analyzed ; Vue packages/core/src/Toast/ToastTitle.vue: component could not be analyzed ; Vue packages/core/src/Toast/ToastViewport.vue: component could not be analyzed ; Vue packages/core/src/Toast/story/ToastDemo.story.vue: runtime component/directive resolution requires full validation ; Vue packages/core/src/Toast/story/ToastDemoFromDialog.story.vue: runtime component/directive resolution requires full validation ; Vue packages/core/src/Toast/story/ToastDemoKeyChange.story.vue: runtime component/directive resolution requires full validation ; Vue packages/core/src/Toast/story/ToastMultiple.story.vue: runtime component/directive resolution requires full validation ; Vue packages/core/src/Toggle/Toggle.story.vue: runtime component/directive resolution requires full validation ; Vue packages/core/src/Toggle/Toggle.vue: component could not be analyzed ; Vue packages/core/src/ToggleGroup/ToggleGroupItem.vue: component could not be analyzed ; Vue packages/core/src/ToggleGroup/ToggleGroupRoot.vue: component could not be analyzed ; Vue packages/core/src/ToggleGroup/story/ToggleGroup.story.vue: runtime component/directive resolution requires full validation ; Vue packages/core/src/ToggleGroup/story/_ToggleGroup.vue: component could not be analyzed ; Vue packages/core/src/Toolbar/ToolbarButton.vue: component could not be analyzed ; Vue packages/core/src/Toolbar/ToolbarLink.vue: component could not be analyzed ; Vue packages/core/src/Toolbar/ToolbarRoot.vue: component could not be analyzed ; Vue packages/core/src/Toolbar/ToolbarSeparator.vue: component could not be analyzed ; Vue packages/core/src/Toolbar/ToolbarToggleGroup.vue: component could not be analyzed ; Vue packages/core/src/Toolbar/ToolbarToggleItem.vue: component could not be analyzed ; Vue packages/core/src/Toolbar/story/Toolbar.story.vue: runtime component/directive resolution requires full validation ; Vue packages/core/src/Tooltip/TooltipArrow.vue: component could not be analyzed ; Vue packages/core/src/Tooltip/TooltipContent.vue: component could not be analyzed ; Vue packages/core/src/Tooltip/TooltipContentHoverable.vue: component could not be analyzed ; Vue packages/core/src/Tooltip/TooltipContentImpl.vue: component could not be analyzed ; Vue packages/core/src/Tooltip/TooltipPortal.vue: component could not be analyzed ; Vue packages/core/src/Tooltip/TooltipTrigger.vue: component could not be analyzed ; Vue packages/core/src/Tooltip/stories/Tooltip.content.story.vue: runtime component/directive resolution requires full validation ; Vue packages/core/src/Tooltip/stories/Tooltip.story.vue: runtime component/directive resolution requires full validation ; Vue packages/core/src/Tree/TreeItem.vue: component could not be analyzed ; Vue packages/core/src/Tree/TreeRoot.vue: component could not be analyzed ; Vue packages/core/src/Tree/TreeVirtualizer.vue: runtime component/directive resolution requires full validation ; Vue packages/core/src/Tree/story/TreeAsync.story.vue: runtime component/directive resolution requires full validation ; Vue packages/core/src/Tree/story/TreeBasic.story.vue: runtime component/directive resolution requires full validation ; Vue packages/core/src/Tree/story/TreeCheckbox.story.vue: runtime component/directive resolution requires full validation ; Vue packages/core/src/Tree/story/TreeNested.story.vue: runtime component/directive resolution requires full validation ; Vue packages/core/src/Tree/story/TreeVirtual.story.vue: runtime component/directive resolution requires full validation ; Vue packages/core/src/Tree/story/_Tree.vue: component could not be analyzed ; Vue packages/core/src/Viewport/Viewport.vue: component could not be analyzed ; Vue packages/core/src/VisuallyHidden/VisuallyHidden.vue: component could not be analyzed ; Vue packages/core/src/VisuallyHidden/VisuallyHiddenInput.vue: component could not be analyzed ; Vue packages/core/src/shared/component/Arrow.vue: component could not be analyzed ; Vue packages/core/src/shared/component/BaseSeparator.vue: component could not be analyzed ; Vue playground/nuxt/app.vue: runtime component/directive resolution requires full validation ; Vue playground/vue3/src/App.vue: runtime component/directive resolution requires full validation ; Unresolved Vue dependencies require full validation ; Dependency graph confidence is UNSAFE; full validation required ; Unknown changed file: packages/core/src/Tree/__snapshots__/Tree.test.ts.snap"
"reka-ui","1","9a42432958af9d22db5903a19abf3167911b7103","764f0781ef3927cebdf8a5825dcf56d055d37b06","docs: codegen","BASELINE_RED_OR_UNREADABLE","FULL","7580","88987",,"Nuxt implicit routes and auto-imports require a dedicated framework adapter ; Vue docs/.vitepress/components/ComponentLoader.vue: runtime component/directive resolution requires full validation ; Vue docs/.vitepress/components/DocOutlineItem.vue: runtime component/directive resolution requires full validation ; Vue docs/.vitepress/components/HeroCodeGroup.vue: runtime component/directive resolution requires full validation ; Vue docs/.vitepress/components/HomePage.vue: runtime component/directive resolution requires full validation ; Vue docs/components/Demos.vue: runtime component/directive resolution requires full validation ; Vue docs/components/demo/DialogToaster/tailwind/index.vue: runtime component/directive resolution requires full validation ; Vue docs/components/prose/ProseA.vue: runtime component/directive resolution requires full validation ; Vue docs/components/prose/ProseH1.vue: runtime component/directive resolution requires full validation ; Vue docs/components/prose/ProseH2.vue: runtime component/directive resolution requires full validation ; Vue docs/components/prose/ProseH3.vue: runtime component/directive resolution requires full validation ; Vue packages/core/src/Accordion/AccordionContent.vue: component could not be analyzed ; Vue packages/core/src/Accordion/AccordionHeader.vue: component could not be analyzed ; Vue packages/core/src/Accordion/AccordionItem.vue: component could not be analyzed ; Vue packages/core/src/Accordion/AccordionRoot.vue: component could not be analyzed ; Vue packages/core/src/Accordion/AccordionTrigger.vue: component could not be analyzed ; Vue packages/core/src/Accordion/story/AccordionAnimated.story.vue: runtime component/directive resolution requires full validation ; Vue packages/core/src/Accordion/story/AccordionChromatic.story.vue: runtime component/directive resolution requires full validation ; Vue packages/core/src/Accordion/story/AccordionHorizontal.story.vue: runtime component/directive resolution requires full validation ; Vue packages/core/src/Accordion/story/AccordionMultiple.story.vue: runtime component/directive resolution requires full validation ; Vue packages/core/src/Accordion/story/AccordionSingle.story.vue: runtime component/directive resolution requires full validation ; Vue packages/core/src/Accordion/story/AccordionViewport.story.vue: runtime component/directive resolution requires full validation ; Vue packages/core/src/Accordion/story/_Accordion.vue: component could not be analyzed ; Vue packages/core/src/AlertDialog/AlertDialogAction.vue: component could not be analyzed ; Vue packages/core/src/AlertDialog/AlertDialogCancel.vue: component could not be analyzed ; Vue packages/core/src/AlertDialog/AlertDialogContent.vue: component could not be analyzed ; Vue packages/core/src/AlertDialog/AlertDialogDescription.vue: component could not be analyzed ; Vue packages/core/src/AlertDialog/AlertDialogOverlay.vue: component could not be analyzed ; Vue packages/core/src/AlertDialog/AlertDialogPortal.vue: component could not be analyzed ; Vue packages/core/src/AlertDialog/AlertDialogRoot.vue: component could not be analyzed ; Vue packages/core/src/AlertDialog/AlertDialogTitle.vue: component could not be analyzed ; Vue packages/core/src/AlertDialog/AlertDialogTrigger.vue: component could not be analyzed ; Vue packages/core/src/AlertDialog/story/AlertDialog.story.vue: runtime component/directive resolution requires full validation ; Vue packages/core/src/AspectRatio/AspectRatio.vue: component could not be analyzed ; Vue packages/core/src/AspectRatio/story/AspectRatio.story.vue: runtime component/directive resolution requires full validation ; Vue packages/core/src/Avatar/AvatarFallback.vue: component could not be analyzed ; Vue packages/core/src/Avatar/AvatarImage.vue: component could not be analyzed ; Vue packages/core/src/Avatar/AvatarRoot.vue: component could not be analyzed ; Vue packages/core/src/Avatar/story/Avatar.story.vue: runtime component/directive resolution requires full validation ; Vue packages/core/src/Calendar/CalendarCell.vue: component could not be analyzed ; Vue packages/core/src/Calendar/CalendarCellTrigger.vue: component could not be analyzed ; Vue packages/core/src/Calendar/CalendarGrid.vue: component could not be analyzed ; Vue packages/core/src/Calendar/CalendarGridBody.vue: component could not be analyzed ; Vue packages/core/src/Calendar/CalendarGridHead.vue: component could not be analyzed ; Vue packages/core/src/Calendar/CalendarGridRow.vue: component could not be analyzed ; Vue packages/core/src/Calendar/CalendarHeadCell.vue: component could not be analyzed ; Vue packages/core/src/Calendar/CalendarHeader.vue: component could not be analyzed ; Vue packages/core/src/Calendar/CalendarHeading.vue: component could not be analyzed ; Vue packages/core/src/Calendar/CalendarNext.vue: component could not be analyzed ; Vue packages/core/src/Calendar/CalendarPrev.vue: component could not be analyzed ; Vue packages/core/src/Calendar/CalendarRoot.vue: component could not be analyzed ; Vue packages/core/src/Calendar/story/CalendarChromatic.story.vue: runtime component/directive resolution requires full validation ; Vue packages/core/src/Calendar/story/CalendarDefault.story.vue: runtime component/directive resolution requires full validation ; Vue packages/core/src/Calendar/story/CalendarDir.story.vue: runtime component/directive resolution requires full validation ; Vue packages/core/src/Calendar/story/CalendarFixedWeeksForLocales.story.vue: runtime component/directive resolution requires full validation ; Vue packages/core/src/Calendar/story/CalendarLocales.story.vue: runtime component/directive resolution requires full validation ; Vue packages/core/src/Calendar/story/CalendarMultiple.story.vue: runtime component/directive resolution requires full validation ; Vue packages/core/src/Calendar/story/CalendarPopover.story.vue: runtime component/directive resolution requires full validation ; Vue packages/core/src/Calendar/story/CalendarSelect.story.vue: runtime component/directive resolution requires full validation ; Vue packages/core/src/Calendar/story/CalendarValidation.story.vue: runtime component/directive resolution requires full validation ; Vue packages/core/src/Calendar/story/CalendarYearIncrement.story.vue: runtime component/directive resolution requires full validation ; Vue packages/core/src/Calendar/story/_DummyCalendar.vue: component could not be analyzed ; Vue packages/core/src/Checkbox/CheckboxGroupRoot.vue: component could not be analyzed ; Vue packages/core/src/Checkbox/CheckboxIndicator.vue: component could not be analyzed ; Vue packages/core/src/Checkbox/CheckboxRoot.vue: component could not be analyzed ; Vue packages/core/src/Checkbox/story/Checkbox.story.vue: runtime component/directive resolution requires full validation ; Vue packages/core/src/Checkbox/story/CheckboxGroup.story.vue: runtime component/directive resolution requires full validation ; Vue packages/core/src/Checkbox/story/_Checkbox.vue: component could not be analyzed ; Vue packages/core/src/Checkbox/story/_CheckboxGroup.vue: component could not be analyzed ; Vue packages/core/src/Collapsible/CollapsibleContent.vue: component could not be analyzed ; Vue packages/core/src/Collapsible/CollapsibleRoot.vue: component could not be analyzed ; Vue packages/core/src/Collapsible/CollapsibleTrigger.vue: component could not be analyzed ; Vue packages/core/src/Collapsible/story/Collapsible.story.vue: runtime component/directive resolution requires full validation ; Vue packages/core/src/Collapsible/story/_Collapsible.vue: component could not be analyzed ; Vue packages/core/src/Combobox/ComboboxAnchor.vue: component could not be analyzed ; Vue packages/core/src/Combobox/ComboboxArrow.vue: component could not be analyzed ; Vue packages/core/src/Combobox/ComboboxCancel.vue: component could not be analyzed ; Vue packages/core/src/Combobox/ComboboxContent.vue: component could not be analyzed ; Vue packages/core/src/Combobox/ComboboxContentImpl.vue: component could not be analyzed ; Vue packages/core/src/Combobox/ComboboxEmpty.vue: component could not be analyzed ; Vue packages/core/src/Combobox/ComboboxGroup.vue: component could not be analyzed ; Vue packages/core/src/Combobox/ComboboxInput.vue: component could not be analyzed ; Vue packages/core/src/Combobox/ComboboxItem.vue: component could not be analyzed ; Vue packages/core/src/Combobox/ComboboxItemIndicator.vue: component could not be analyzed ; Vue packages/core/src/Combobox/ComboboxLabel.vue: component could not be analyzed ; Vue packages/core/src/Combobox/ComboboxPortal.vue: component could not be analyzed ; Vue packages/core/src/Combobox/ComboboxRoot.vue: component could not be analyzed ; Vue packages/core/src/Combobox/ComboboxSeparator.vue: component could not be analyzed ; Vue packages/core/src/Combobox/ComboboxTrigger.vue: component could not be analyzed ; Vue packages/core/src/Combobox/ComboboxViewport.vue: component could not be analyzed ; Vue packages/core/src/Combobox/ComboboxVirtualizer.vue: component could not be analyzed ; Vue packages/core/src/Combobox/story/ComboboxAsync.story.vue: runtime component/directive resolution requires full validation ; Vue packages/core/src/Combobox/story/ComboboxBasic.story.vue: runtime component/directive resolution requires full validation ; Vue packages/core/src/Combobox/story/ComboboxCustom.story.vue: runtime component/directive resolution requires full validation ; Vue packages/core/src/Combobox/story/ComboboxMultiple.story.vue: runtime component/directive resolution requires full validation ; Vue packages/core/src/Combobox/story/ComboboxObject.story.vue: runtime component/directive resolution requires full validation ; Vue packages/core/src/Combobox/story/ComboboxReactive.story.vue: runtime component/directive resolution requires full validation ; Vue packages/core/src/Combobox/story/ComboboxScrolling.story.vue: runtime component/directive resolution requires full validation ; Vue packages/core/src/Combobox/story/ComboboxSelectMenu.story.vue: runtime component/directive resolution requires full validation ; Vue packages/core/src/Combobox/story/ComboboxVirtual.story.vue: runtime component/directive resolution requires full validation ; Vue packages/core/src/Combobox/story/_Combobox.vue: component could not be analyzed ; Vue packages/core/src/Combobox/story/_ComboboxManualFilter.vue: component could not be analyzed ; Vue packages/core/src/Combobox/story/_ComboboxObject.vue: component could not be analyzed ; Vue packages/core/src/ConfigProvider/_ConfigProvider.vue: component could not be analyzed ; Vue packages/core/src/ContextMenu/ContextMenuArrow.vue: component could not be analyzed ; Vue packages/core/src/ContextMenu/ContextMenuCheckboxItem.vue: component could not be analyzed ; Vue packages/core/src/ContextMenu/ContextMenuContent.vue: component could not be analyzed ; Vue packages/core/src/ContextMenu/ContextMenuGroup.vue: component could not be analyzed ; Vue packages/core/src/ContextMenu/ContextMenuItem.vue: component could not be analyzed ; Vue packages/core/src/ContextMenu/ContextMenuItemIndicator.vue: component could not be analyzed ; Vue packages/core/src/ContextMenu/ContextMenuLabel.vue: component could not be analyzed ; Vue packages/core/src/ContextMenu/ContextMenuPortal.vue: component could not be analyzed ; Vue packages/core/src/ContextMenu/ContextMenuRadioGroup.vue: component could not be analyzed ; Vue packages/core/src/ContextMenu/ContextMenuRadioItem.vue: component could not be analyzed ; Vue packages/core/src/ContextMenu/ContextMenuRoot.vue: component could not be analyzed ; Vue packages/core/src/ContextMenu/ContextMenuSeparator.vue: component could not be analyzed ; Vue packages/core/src/ContextMenu/ContextMenuSub.vue: component could not be analyzed ; Vue packages/core/src/ContextMenu/ContextMenuSubContent.vue: component could not be analyzed ; Vue packages/core/src/ContextMenu/ContextMenuSubTrigger.vue: component could not be analyzed ; Vue packages/core/src/ContextMenu/ContextMenuTrigger.vue: component could not be analyzed ; Vue packages/core/src/ContextMenu/story/ContextMenu.story.vue: runtime component/directive resolution requires full validation ; Vue packages/core/src/DateField/DateFieldInput.vue: component could not be analyzed ; Vue packages/core/src/DateField/DateFieldRoot.vue: component could not be analyzed ; Vue packages/core/src/DateField/story/DateFieldChromatic.story.vue: runtime component/directive resolution requires full validation ; Vue packages/core/src/DateField/story/DateFieldDefault.story.vue: runtime component/directive resolution requires full validation ; Vue packages/core/src/DateField/story/DateFieldGranular.story.vue: runtime component/directive resolution requires full validation ; Vue packages/core/src/DateField/story/DateFieldInvalid.story.vue: runtime component/directive resolution requires full validation ; Vue packages/core/src/DateField/story/DateFieldLocales.story.vue: runtime component/directive resolution requires full validation ; Vue packages/core/src/DatePicker/DatePickerAnchor.vue: component could not be analyzed ; Vue packages/core/src/DatePicker/DatePickerArrow.vue: component could not be analyzed ; Vue packages/core/src/DatePicker/DatePickerCell.vue: component could not be analyzed ; Vue packages/core/src/DatePicker/DatePickerCellTrigger.vue: component could not be analyzed ; Vue packages/core/src/DatePicker/DatePickerClose.vue: component could not be analyzed ; Vue packages/core/src/DatePicker/DatePickerContent.vue: component could not be analyzed ; Vue packages/core/src/DatePicker/DatePickerGrid.vue: component could not be analyzed ; Vue packages/core/src/DatePicker/DatePickerGridBody.vue: component could not be analyzed ; Vue packages/core/src/DatePicker/DatePickerGridHead.vue: component could not be analyzed ; Vue packages/core/src/DatePicker/DatePickerGridRow.vue: component could not be analyzed ; Vue packages/core/src/DatePicker/DatePickerHeadCell.vue: component could not be analyzed ; Vue packages/core/src/DatePicker/DatePickerHeader.vue: component could not be analyzed ; Vue packages/core/src/DatePicker/DatePickerHeading.vue: component could not be analyzed ; Vue packages/core/src/DatePicker/DatePickerInput.vue: component could not be analyzed ; Vue packages/core/src/DatePicker/DatePickerNext.vue: component could not be analyzed ; Vue packages/core/src/DatePicker/DatePickerPrev.vue: component could not be analyzed ; Vue packages/core/src/DatePicker/DatePickerRoot.vue: component could not be analyzed ; Vue packages/core/src/DatePicker/DatePickerTrigger.vue: component could not be analyzed ; Vue packages/core/src/DatePicker/story/DatePickerChromatic.story.vue: runtime component/directive resolution requires full validation ; Vue packages/core/src/DatePicker/story/DatePickerDefault.story.vue: runtime component/directive resolution requires full validation ; Vue packages/core/src/DatePicker/story/DatePickerGranular.story.vue: runtime component/directive resolution requires full validation ; Vue packages/core/src/DatePicker/story/DatePickerValidation.story.vue: runtime component/directive resolution requires full validation ; Vue packages/core/src/DatePicker/story/_DummyDatePicker.vue: component could not be analyzed ; Vue packages/core/src/DateRangeField/DateRangeFieldInput.vue: component could not be analyzed ; Vue packages/core/src/DateRangeField/DateRangeFieldRoot.vue: component could not be analyzed ; Vue packages/core/src/DateRangeField/story/DateRangeFieldChromatic.story.vue: runtime component/directive resolution requires full validation ; Vue packages/core/src/DateRangeField/story/DateRangeFieldDefault.story.vue: runtime component/directive resolution requires full validation ; Vue packages/core/src/DateRangeField/story/DateRangeFieldGranular.story.vue: runtime component/directive resolution requires full validation ; Vue packages/core/src/DateRangeField/story/DateRangeFieldValidation.story.vue: runtime component/directive resolution requires full validation ; Vue packages/core/src/DateRangeField/story/_DummyDateRangeField.vue: component could not be analyzed ; Vue packages/core/src/DateRangePicker/DateRangePickerAnchor.vue: component could not be analyzed ; Vue packages/core/src/DateRangePicker/DateRangePickerArrow.vue: component could not be analyzed ; Vue packages/core/src/DateRangePicker/DateRangePickerCell.vue: component could not be analyzed ; Vue packages/core/src/DateRangePicker/DateRangePickerCellTrigger.vue: component could not be analyzed ; Vue packages/core/src/DateRangePicker/DateRangePickerClose.vue: component could not be analyzed ; Vue packages/core/src/DateRangePicker/DateRangePickerContent.vue: component could not be analyzed ; Vue packages/core/src/DateRangePicker/DateRangePickerGrid.vue: component could not be analyzed ; Vue packages/core/src/DateRangePicker/DateRangePickerGridBody.vue: component could not be analyzed ; Vue packages/core/src/DateRangePicker/DateRangePickerGridHead.vue: component could not be analyzed ; Vue packages/core/src/DateRangePicker/DateRangePickerGridRow.vue: component could not be analyzed ; Vue packages/core/src/DateRangePicker/DateRangePickerHeadCell.vue: component could not be analyzed ; Vue packages/core/src/DateRangePicker/DateRangePickerHeader.vue: component could not be analyzed ; Vue packages/core/src/DateRangePicker/DateRangePickerHeading.vue: component could not be analyzed ; Vue packages/core/src/DateRangePicker/DateRangePickerInput.vue: component could not be analyzed ; Vue packages/core/src/DateRangePicker/DateRangePickerNext.vue: component could not be analyzed ; Vue packages/core/src/DateRangePicker/DateRangePickerPrev.vue: component could not be analyzed ; Vue packages/core/src/DateRangePicker/DateRangePickerRoot.vue: component could not be analyzed ; Vue packages/core/src/DateRangePicker/DateRangePickerTrigger.vue: component could not be analyzed ; Vue packages/core/src/DateRangePicker/story/DateRangePickerChromatic.story.vue: runtime component/directive resolution requires full validation ; Vue packages/core/src/DateRangePicker/story/DateRangePickerDefault.story.vue: runtime component/directive resolution requires full validation ; Vue packages/core/src/DateRangePicker/story/DateRangePickerGranular.story.vue: runtime component/directive resolution requires full validation ; Vue packages/core/src/DateRangePicker/story/DateRangePickerValidation.story.vue: runtime component/directive resolution requires full validation ; Vue packages/core/src/DateRangePicker/story/_DummyDateRangePicker.vue: component could not be analyzed ; Vue packages/core/src/Dialog/DialogClose.vue: component could not be analyzed ; Vue packages/core/src/Dialog/DialogContent.vue: component could not be analyzed ; Vue packages/core/src/Dialog/DialogContentImpl.vue: component could not be analyzed ; Vue packages/core/src/Dialog/DialogContentModal.vue: component could not be analyzed ; Vue packages/core/src/Dialog/DialogContentNonModal.vue: component could not be analyzed ; Vue packages/core/src/Dialog/DialogDescription.vue: component could not be analyzed ; Vue packages/core/src/Dialog/DialogOverlay.vue: component could not be analyzed ; Vue packages/core/src/Dialog/DialogOverlayImpl.vue: component could not be analyzed ; Vue packages/core/src/Dialog/DialogPortal.vue: component could not be analyzed ; Vue packages/core/src/Dialog/DialogTitle.vue: component could not be analyzed ; Vue packages/core/src/Dialog/DialogTrigger.vue: component could not be analyzed ; Vue packages/core/src/Dialog/story/Dialog.story.vue: runtime component/directive resolution requires full validation ; Vue packages/core/src/Dialog/story/DialogExternalTrigger.story.vue: runtime component/directive resolution requires full validation ; Vue packages/core/src/Dialog/story/DialogProgrammatic.story.vue: runtime component/directive resolution requires full validation ; Vue packages/core/src/Dialog/story/DialogWithDropdown.story.vue: runtime component/directive resolution requires full validation ; Vue packages/core/src/DismissableLayer/DismissableLayer.vue: component could not be analyzed ; Vue packages/core/src/DismissableLayer/DismissableLayerBranch.vue: component could not be analyzed ; Vue packages/core/src/DismissableLayer/story/DismissableLayerBasic.story.vue: runtime component/directive resolution requires full validation ; Vue packages/core/src/DismissableLayer/story/DismissableLayerDialog.story.vue: runtime component/directive resolution requires full validation ; Vue packages/core/src/DismissableLayer/story/DismissableLayerPopoverNested.story.vue: runtime component/directive resolution requires full validation ; Vue packages/core/src/DismissableLayer/story/_DismissableLayer.vue: component could not be analyzed ; Vue packages/core/src/DropdownMenu/DropdownMenuArrow.vue: component could not be analyzed ; Vue packages/core/src/DropdownMenu/DropdownMenuCheckboxItem.vue: component could not be analyzed ; Vue packages/core/src/DropdownMenu/DropdownMenuContent.vue: component could not be analyzed ; Vue packages/core/src/DropdownMenu/DropdownMenuGroup.vue: component could not be analyzed ; Vue packages/core/src/DropdownMenu/DropdownMenuItem.vue: component could not be analyzed ; Vue packages/core/src/DropdownMenu/DropdownMenuItemIndicator.vue: component could not be analyzed ; Vue packages/core/src/DropdownMenu/DropdownMenuLabel.vue: component could not be analyzed ; Vue packages/core/src/DropdownMenu/DropdownMenuPortal.vue: component could not be analyzed ; Vue packages/core/src/DropdownMenu/DropdownMenuRadioGroup.vue: component could not be analyzed ; Vue packages/core/src/DropdownMenu/DropdownMenuRadioItem.vue: component could not be analyzed ; Vue packages/core/src/DropdownMenu/DropdownMenuRoot.vue: component could not be analyzed ; Vue packages/core/src/DropdownMenu/DropdownMenuSeparator.vue: component could not be analyzed ; Vue packages/core/src/DropdownMenu/DropdownMenuSub.vue: component could not be analyzed ; Vue packages/core/src/DropdownMenu/DropdownMenuSubContent.vue: component could not be analyzed ; Vue packages/core/src/DropdownMenu/DropdownMenuSubTrigger.vue: component could not be analyzed ; Vue packages/core/src/DropdownMenu/DropdownMenuTrigger.vue: component could not be analyzed ; Vue packages/core/src/DropdownMenu/story/DropdownMenu.story.vue: runtime component/directive resolution requires full validation ; Vue packages/core/src/DropdownMenu/story/_DropdownMenu.vue: component could not be analyzed ; Vue packages/core/src/Editable/EditableArea.vue: component could not be analyzed ; Vue packages/core/src/Editable/EditableCancelTrigger.vue: component could not be analyzed ; Vue packages/core/src/Editable/EditableEditTrigger.vue: component could not be analyzed ; Vue packages/core/src/Editable/EditableInput.vue: component could not be analyzed ; Vue packages/core/src/Editable/EditablePreview.vue: component could not be analyzed ; Vue packages/core/src/Editable/EditableRoot.vue: component could not be analyzed ; Vue packages/core/src/Editable/EditableSubmitTrigger.vue: component could not be analyzed ; Vue packages/core/src/Editable/story/EditableChromatic.story.vue: runtime component/directive resolution requires full validation ; Vue packages/core/src/Editable/story/EditableDefault.story.vue: runtime component/directive resolution requires full validation ; Vue packages/core/src/Editable/story/_DummyEditable.vue: component could not be analyzed ; Vue packages/core/src/FocusScope/FocusScope.vue: component could not be analyzed ; Vue packages/core/src/FocusScope/story/FocusScopeMultiple.story.vue: runtime component/directive resolution requires full validation ; Vue packages/core/src/HoverCard/HoverCardArrow.vue: component could not be analyzed ; Vue packages/core/src/HoverCard/HoverCardContent.vue: component could not be analyzed ; Vue packages/core/src/HoverCard/HoverCardContentImpl.vue: component could not be analyzed ; Vue packages/core/src/HoverCard/HoverCardPortal.vue: component could not be analyzed ; Vue packages/core/src/HoverCard/HoverCardTrigger.vue: component could not be analyzed ; Vue packages/core/src/HoverCard/story/HoverCard.story.vue: runtime component/directive resolution requires full validation ; Vue packages/core/src/HoverCard/story/HoverMultiCard.story.vue: runtime component/directive resolution requires full validation ; Vue packages/core/src/Label/Label.story.vue: runtime component/directive resolution requires full validation ; Vue packages/core/src/Label/Label.vue: component could not be analyzed ; Vue packages/core/src/Listbox/ListboxContent.vue: component could not be analyzed ; Vue packages/core/src/Listbox/ListboxFilter.vue: component could not be analyzed ; Vue packages/core/src/Listbox/ListboxGroup.vue: component could not be analyzed ; Vue packages/core/src/Listbox/ListboxGroupLabel.vue: component could not be analyzed ; Vue packages/core/src/Listbox/ListboxItem.vue: component could not be analyzed ; Vue packages/core/src/Listbox/ListboxItemIndicator.vue: component could not be analyzed ; Vue packages/core/src/Listbox/ListboxRoot.vue: component could not be analyzed ; Vue packages/core/src/Listbox/ListboxVirtualizer.vue: runtime component/directive resolution requires full validation ; Vue packages/core/src/Listbox/story/ListboxChromatic.story.vue: runtime component/directive resolution requires full validation ; Vue packages/core/src/Listbox/story/ListboxDemo.story.vue: runtime component/directive resolution requires full validation ; Vue packages/core/src/Listbox/story/ListboxFilter.story.vue: runtime component/directive resolution requires full validation ; Vue packages/core/src/Listbox/story/ListboxVirtual.story.vue: runtime component/directive resolution requires full validation ; Vue packages/core/src/Listbox/story/_Listbox.vue: component could not be analyzed ; Vue packages/core/src/Menu/MenuAnchor.vue: component could not be analyzed ; Vue packages/core/src/Menu/MenuArrow.vue: component could not be analyzed ; Vue packages/core/src/Menu/MenuCheckboxItem.vue: component could not be analyzed ; Vue packages/core/src/Menu/MenuContent.vue: component could not be analyzed ; Vue packages/core/src/Menu/MenuContentImpl.vue: component could not be analyzed ; Vue packages/core/src/Menu/MenuGroup.vue: component could not be analyzed ; Vue packages/core/src/Menu/MenuItem.vue: component could not be analyzed ; Vue packages/core/src/Menu/MenuItemImpl.vue: component could not be analyzed ; Vue packages/core/src/Menu/MenuItemIndicator.vue: component could not be analyzed ; Vue packages/core/src/Menu/MenuLabel.vue: component could not be analyzed ; Vue packages/core/src/Menu/MenuPortal.vue: component could not be analyzed ; Vue packages/core/src/Menu/MenuRadioGroup.vue: component could not be analyzed ; Vue packages/core/src/Menu/MenuRadioItem.vue: component could not be analyzed ; Vue packages/core/src/Menu/MenuRootContentModal.vue: component could not be analyzed ; Vue packages/core/src/Menu/MenuRootContentNonModal.vue: component could not be analyzed ; Vue packages/core/src/Menu/MenuSeparator.vue: component could not be analyzed ; Vue packages/core/src/Menu/MenuSubContent.vue: component could not be analyzed ; Vue packages/core/src/Menu/MenuSubTrigger.vue: component could not be analyzed ; Vue packages/core/src/Menu/story/MenuCheckboxItems.story.vue: runtime component/directive resolution requires full validation ; Vue packages/core/src/Menu/story/MenuRadioItems.story.vue: runtime component/directive resolution requires full validation ; Vue packages/core/src/Menu/story/MenuStyled.story.vue: runtime component/directive resolution requires full validation ; Vue packages/core/src/Menu/story/MenuSubMenu.story.vue: runtime component/directive resolution requires full validation ; Vue packages/core/src/Menu/story/MenuWithLabels.story.vue: runtime component/directive resolution requires full validation ; Vue packages/core/src/Menu/story/_Menu.vue: component could not be analyzed ; Vue packages/core/src/Menu/story/_MenuWithAnchor.vue: component could not be analyzed ; Vue packages/core/src/Menubar/MenubarArrow.vue: component could not be analyzed ; Vue packages/core/src/Menubar/MenubarCheckboxItem.vue: component could not be analyzed ; Vue packages/core/src/Menubar/MenubarContent.vue: component could not be analyzed ; Vue packages/core/src/Menubar/MenubarGroup.vue: component could not be analyzed ; Vue packages/core/src/Menubar/MenubarItem.vue: component could not be analyzed ; Vue packages/core/src/Menubar/MenubarItemIndicator.vue: component could not be analyzed ; Vue packages/core/src/Menubar/MenubarLabel.vue: component could not be analyzed ; Vue packages/core/src/Menubar/MenubarPortal.vue: component could not be analyzed ; Vue packages/core/src/Menubar/MenubarRadioGroup.vue: component could not be analyzed ; Vue packages/core/src/Menubar/MenubarRadioItem.vue: component could not be analyzed ; Vue packages/core/src/Menubar/MenubarSeparator.vue: component could not be analyzed ; Vue packages/core/src/Menubar/MenubarSub.vue: component could not be analyzed ; Vue packages/core/src/Menubar/MenubarSubContent.vue: component could not be analyzed ; Vue packages/core/src/Menubar/MenubarSubTrigger.vue: component could not be analyzed ; Vue packages/core/src/Menubar/MenubarTrigger.vue: component could not be analyzed ; Vue packages/core/src/Menubar/story/Menubar.story.vue: runtime component/directive resolution requires full validation ; Vue packages/core/src/Menubar/story/_Menubar.vue: component could not be analyzed ; Vue packages/core/src/NavigationMenu/NavigationMenuContent.vue: component could not be analyzed ; Vue packages/core/src/NavigationMenu/NavigationMenuContentImpl.vue: component could not be analyzed ; Vue packages/core/src/NavigationMenu/NavigationMenuIndicator.vue: component could not be analyzed ; Vue packages/core/src/NavigationMenu/NavigationMenuItem.vue: component could not be analyzed ; Vue packages/core/src/NavigationMenu/NavigationMenuLink.vue: component could not be analyzed ; Vue packages/core/src/NavigationMenu/NavigationMenuList.vue: component could not be analyzed ; Vue packages/core/src/NavigationMenu/NavigationMenuRoot.vue: component could not be analyzed ; Vue packages/core/src/NavigationMenu/NavigationMenuSub.vue: component could not be analyzed ; Vue packages/core/src/NavigationMenu/NavigationMenuTrigger.vue: component could not be analyzed ; Vue packages/core/src/NavigationMenu/NavigationMenuViewport.vue: component could not be analyzed ; Vue packages/core/src/NavigationMenu/story/NavigationMenuAlignment.story.vue: runtime component/directive resolution requires full validation ; Vue packages/core/src/NavigationMenu/story/NavigationMenuBasic.story.vue: runtime component/directive resolution requires full validation ; Vue packages/core/src/NavigationMenu/story/NavigationMenuChromatic.story.vue: runtime component/directive resolution requires full validation ; Vue packages/core/src/NavigationMenu/story/NavigationMenuDemo.story.vue: runtime component/directive resolution requires full validation ; Vue packages/core/src/NavigationMenu/story/NavigationMenuSubmenus.story.vue: runtime component/directive resolution requires full validation ; Vue packages/core/src/NavigationMenu/story/NavigationMenuViewport.story.vue: runtime component/directive resolution requires full validation ; Vue packages/core/src/NumberField/NumberFieldDecrement.vue: component could not be analyzed ; Vue packages/core/src/NumberField/NumberFieldIncrement.vue: component could not be analyzed ; Vue packages/core/src/NumberField/NumberFieldInput.vue: component could not be analyzed ; Vue packages/core/src/NumberField/NumberFieldRoot.vue: component could not be analyzed ; Vue packages/core/src/NumberField/story/NumberField.story.vue: runtime component/directive resolution requires full validation ; Vue packages/core/src/NumberField/story/NumberFieldChromatic.story.vue: runtime component/directive resolution requires full validation ; Vue packages/core/src/NumberField/story/_NumberField.vue: component could not be analyzed ; Vue packages/core/src/Pagination/PaginationEllipsis.vue: component could not be analyzed ; Vue packages/core/src/Pagination/PaginationFirst.vue: component could not be analyzed ; Vue packages/core/src/Pagination/PaginationLast.vue: component could not be analyzed ; Vue packages/core/src/Pagination/PaginationList.vue: component could not be analyzed ; Vue packages/core/src/Pagination/PaginationListItem.vue: component could not be analyzed ; Vue packages/core/src/Pagination/PaginationNext.vue: component could not be analyzed ; Vue packages/core/src/Pagination/PaginationPrev.vue: component could not be analyzed ; Vue packages/core/src/Pagination/PaginationRoot.vue: component could not be analyzed ; Vue packages/core/src/Pagination/story/PaginationDefault.story.vue: runtime component/directive resolution requires full validation ; Vue packages/core/src/PinInput/PinInputInput.vue: component could not be analyzed ; Vue packages/core/src/PinInput/PinInputRoot.vue: component could not be analyzed ; Vue packages/core/src/PinInput/story/PinInput.story.vue: runtime component/directive resolution requires full validation ; Vue packages/core/src/PinInput/story/PinInputNumeric.story.vue: runtime component/directive resolution requires full validation ; Vue packages/core/src/PinInput/story/_PinInput.vue: component could not be analyzed ; Vue packages/core/src/Popover/PopoverAnchor.vue: component could not be analyzed ; Vue packages/core/src/Popover/PopoverArrow.vue: component could not be analyzed ; Vue packages/core/src/Popover/PopoverClose.vue: component could not be analyzed ; Vue packages/core/src/Popover/PopoverContent.vue: component could not be analyzed ; Vue packages/core/src/Popover/PopoverContentImpl.vue: component could not be analyzed ; Vue packages/core/src/Popover/PopoverContentModal.vue: component could not be analyzed ; Vue packages/core/src/Popover/PopoverContentNonModal.vue: component could not be analyzed ; Vue packages/core/src/Popover/PopoverPortal.vue: component could not be analyzed ; Vue packages/core/src/Popover/PopoverTrigger.vue: component could not be analyzed ; Vue packages/core/src/Popover/story/PopoverBodyLock.story.vue: runtime component/directive resolution requires full validation ; Vue packages/core/src/Popover/story/PopoverBoundary.story.vue: runtime component/directive resolution requires full validation ; Vue packages/core/src/Popover/story/PopoverCustomAnchor.story.vue: runtime component/directive resolution requires full validation ; Vue packages/core/src/Popover/story/PopoverCustomArrow.story.vue: runtime component/directive resolution requires full validation ; Vue packages/core/src/Popover/story/PopoverDemo.story.vue: runtime component/directive resolution requires full validation ; Vue packages/core/src/Popover/story/PopoverForceMount.story.vue: runtime component/directive resolution requires full validation ; Vue packages/core/src/Popover/story/PopoverModality.story.vue: runtime component/directive resolution requires full validation ; Vue packages/core/src/Popover/story/PopoverNested.story.vue: runtime component/directive resolution requires full validation ; Vue packages/core/src/Popper/PopperAnchor.vue: component could not be analyzed ; Vue packages/core/src/Popper/PopperArrow.vue: component could not be analyzed ; Vue packages/core/src/Popper/PopperContent.vue: component could not be analyzed ; Vue packages/core/src/Presence/story/PresenceAnimation.story.vue: runtime component/directive resolution requires full validation ; Vue packages/core/src/Presence/story/PresenceBasic.story.vue: runtime component/directive resolution requires full validation ; Vue packages/core/src/Presence/story/PresenceTransition.story.vue: runtime component/directive resolution requires full validation ; Vue packages/core/src/Progress/ProgressIndicator.vue: component could not be analyzed ; Vue packages/core/src/Progress/ProgressRoot.vue: component could not be analyzed ; Vue packages/core/src/Progress/story/Progress.story.vue: runtime component/directive resolution requires full validation ; Vue packages/core/src/RadioGroup/Radio.vue: component could not be analyzed ; Vue packages/core/src/RadioGroup/RadioGroupIndicator.vue: component could not be analyzed ; Vue packages/core/src/RadioGroup/RadioGroupItem.vue: component could not be analyzed ; Vue packages/core/src/RadioGroup/RadioGroupRoot.vue: component could not be analyzed ; Vue packages/core/src/RadioGroup/story/RadioGroup.story.vue: runtime component/directive resolution requires full validation ; Vue packages/core/src/RangeCalendar/RangeCalendarCell.vue: component could not be analyzed ; Vue packages/core/src/RangeCalendar/RangeCalendarCellTrigger.vue: component could not be analyzed ; Vue packages/core/src/RangeCalendar/RangeCalendarGrid.vue: component could not be analyzed ; Vue packages/core/src/RangeCalendar/RangeCalendarGridBody.vue: component could not be analyzed ; Vue packages/core/src/RangeCalendar/RangeCalendarGridHead.vue: component could not be analyzed ; Vue packages/core/src/RangeCalendar/RangeCalendarGridRow.vue: component could not be analyzed ; Vue packages/core/src/RangeCalendar/RangeCalendarHeadCell.vue: component could not be analyzed ; Vue packages/core/src/RangeCalendar/RangeCalendarHeader.vue: component could not be analyzed ; Vue packages/core/src/RangeCalendar/RangeCalendarHeading.vue: component could not be analyzed ; Vue packages/core/src/RangeCalendar/RangeCalendarNext.vue: component could not be analyzed ; Vue packages/core/src/RangeCalendar/RangeCalendarPrev.vue: component could not be analyzed ; Vue packages/core/src/RangeCalendar/RangeCalendarRoot.vue: component could not be analyzed ; Vue packages/core/src/RangeCalendar/story/RangeCalendarChromatic.story.vue: runtime component/directive resolution requires full validation ; Vue packages/core/src/RangeCalendar/story/RangeCalendarDefault.story.vue: runtime component/directive resolution requires full validation ; Vue packages/core/src/RangeCalendar/story/RangeCalendarMultiple.story.vue: runtime component/directive resolution requires full validation ; Vue packages/core/src/RangeCalendar/story/RangeCalendarPopover.story.vue: runtime component/directive resolution requires full validation ; Vue packages/core/src/RangeCalendar/story/RangeCalendarValidation.story.vue: runtime component/directive resolution requires full validation ; Vue packages/core/src/RangeCalendar/story/_DummyRangeCalendar.vue: component could not be analyzed ; Vue packages/core/src/RovingFocus/RovingFocusGroup.vue: component could not be analyzed ; Vue packages/core/src/RovingFocus/RovingFocusItem.vue: component could not be analyzed ; Vue packages/core/src/RovingFocus/story/RovingFocusBasic.story.vue: runtime component/directive resolution requires full validation ; Vue packages/core/src/RovingFocus/story/_Button.vue: component could not be analyzed ; Vue packages/core/src/RovingFocus/story/_ButtonGroup.vue: component could not be analyzed ; Vue packages/core/src/ScrollArea/ScrollAreaCorner.vue: component could not be analyzed ; Vue packages/core/src/ScrollArea/ScrollAreaRoot.vue: component could not be analyzed ; Vue packages/core/src/ScrollArea/ScrollAreaScrollbar.vue: component could not be analyzed ; Vue packages/core/src/ScrollArea/ScrollAreaScrollbarHover.vue: component could not be analyzed ; Vue packages/core/src/ScrollArea/ScrollAreaThumb.vue: component could not be analyzed ; Vue packages/core/src/ScrollArea/ScrollAreaViewport.vue: component could not be analyzed ; Vue packages/core/src/ScrollArea/story/ScrollAreaBasic.story.vue: runtime component/directive resolution requires full validation ; Vue packages/core/src/ScrollArea/story/ScrollAreaChromatic.story.vue: runtime component/directive resolution requires full validation ; Vue packages/core/src/ScrollArea/story/ScrollAreaChromaticBoth.story.vue: runtime component/directive resolution requires full validation ; Vue packages/core/src/ScrollArea/story/ScrollAreaChromaticHorizontal.story.vue: runtime component/directive resolution requires full validation ; Vue packages/core/src/ScrollArea/story/ScrollAreaChromaticVertical.story.vue: runtime component/directive resolution requires full validation ; Vue packages/core/src/ScrollArea/story/_ScrollArea.vue: component could not be analyzed ; Vue packages/core/src/ScrollArea/story/_ScrollAreaStory.vue: component could not be analyzed ; Vue packages/core/src/Select/SelectArrow.vue: component could not be analyzed ; Vue packages/core/src/Select/SelectContent.vue: component could not be analyzed ; Vue packages/core/src/Select/SelectContentImpl.vue: component could not be analyzed ; Vue packages/core/src/Select/SelectGroup.vue: component could not be analyzed ; Vue packages/core/src/Select/SelectIcon.vue: component could not be analyzed ; Vue packages/core/src/Select/SelectItem.vue: component could not be analyzed ; Vue packages/core/src/Select/SelectItemAlignedPosition.vue: component could not be analyzed ; Vue packages/core/src/Select/SelectItemIndicator.vue: component could not be analyzed ; Vue packages/core/src/Select/SelectItemText.vue: component could not be analyzed ; Vue packages/core/src/Select/SelectLabel.vue: component could not be analyzed ; Vue packages/core/src/Select/SelectPopperPosition.vue: component could not be analyzed ; Vue packages/core/src/Select/SelectPortal.vue: component could not be analyzed ; Vue packages/core/src/Select/SelectRoot.vue: component could not be analyzed ; Vue packages/core/src/Select/SelectScrollDownButton.vue: component could not be analyzed ; Vue packages/core/src/Select/SelectScrollUpButton.vue: component could not be analyzed ; Vue packages/core/src/Select/SelectSeparator.vue: component could not be analyzed ; Vue packages/core/src/Select/SelectTrigger.vue: component could not be analyzed ; Vue packages/core/src/Select/SelectValue.vue: component could not be analyzed ; Vue packages/core/src/Select/SelectViewport.vue: component could not be analyzed ; Vue packages/core/src/Select/story/SelectDemo.story.vue: runtime component/directive resolution requires full validation ; Vue packages/core/src/Select/story/SelectForm.story.vue: runtime component/directive resolution requires full validation ; Vue packages/core/src/Select/story/SelectWithinDialog.story.vue: runtime component/directive resolution requires full validation ; Vue packages/core/src/Select/story/_SelectTest.vue: component could not be analyzed ; Vue packages/core/src/Separator/Separator.story.vue: runtime component/directive resolution requires full validation ; Vue packages/core/src/Separator/Separator.vue: component could not be analyzed ; Vue packages/core/src/Slider/SliderHorizontal.vue: component could not be analyzed ; Vue packages/core/src/Slider/SliderImpl.vue: component could not be analyzed ; Vue packages/core/src/Slider/SliderRange.vue: component could not be analyzed ; Vue packages/core/src/Slider/SliderRoot.vue: component could not be analyzed ; Vue packages/core/src/Slider/SliderThumb.vue: component could not be analyzed ; Vue packages/core/src/Slider/SliderThumbImpl.vue: component could not be analyzed ; Vue packages/core/src/Slider/SliderTrack.vue: component could not be analyzed ; Vue packages/core/src/Slider/SliderVertical.vue: component could not be analyzed ; Vue packages/core/src/Slider/story/SliderChromatic.story.vue: runtime component/directive resolution requires full validation ; Vue packages/core/src/Slider/story/SliderDemo.story.vue: runtime component/directive resolution requires full validation ; Vue packages/core/src/Slider/story/SliderExtremes.story.vue: runtime component/directive resolution requires full validation ; Vue packages/core/src/Slider/story/_Slider.vue: component could not be analyzed ; Vue packages/core/src/Splitter/SplitterGroup.vue: component could not be analyzed ; Vue packages/core/src/Splitter/SplitterPanel.vue: component could not be analyzed ; Vue packages/core/src/Splitter/SplitterResizeHandle.vue: component could not be analyzed ; Vue packages/core/src/Splitter/story/SplitterAction.story.vue: runtime component/directive resolution requires full validation ; Vue packages/core/src/Splitter/story/SplitterChromatic.story.vue: runtime component/directive resolution requires full validation ; Vue packages/core/src/Splitter/story/SplitterCollapsible.story.vue: runtime component/directive resolution requires full validation ; Vue packages/core/src/Splitter/story/SplitterConditional.story.vue: runtime component/directive resolution requires full validation ; Vue packages/core/src/Splitter/story/SplitterDemo.story.vue: runtime component/directive resolution requires full validation ; Vue packages/core/src/Splitter/story/SplitterDirection.story.vue: runtime component/directive resolution requires full validation ; Vue packages/core/src/Splitter/story/SplitterOverflow.story.vue: runtime component/directive resolution requires full validation ; Vue packages/core/src/Splitter/story/SplitterPersistence.story.vue: runtime component/directive resolution requires full validation ; Vue packages/core/src/Stepper/StepperDescription.vue: component could not be analyzed ; Vue packages/core/src/Stepper/StepperIndicator.vue: component could not be analyzed ; Vue packages/core/src/Stepper/StepperItem.vue: component could not be analyzed ; Vue packages/core/src/Stepper/StepperRoot.vue: component could not be analyzed ; Vue packages/core/src/Stepper/StepperSeparator.vue: component could not be analyzed ; Vue packages/core/src/Stepper/StepperTitle.vue: component could not be analyzed ; Vue packages/core/src/Stepper/StepperTrigger.vue: component could not be analyzed ; Vue packages/core/src/Stepper/story/StepperChromatic.story.vue: runtime component/directive resolution requires full validation ; Vue packages/core/src/Stepper/story/StepperDefault.story.vue: runtime component/directive resolution requires full validation ; Vue packages/core/src/Stepper/story/_DummyStepper.vue: component could not be analyzed ; Vue packages/core/src/Switch/Switch.story.vue: runtime component/directive resolution requires full validation ; Vue packages/core/src/Switch/SwitchRoot.vue: component could not be analyzed ; Vue packages/core/src/Switch/SwitchThumb.vue: component could not be analyzed ; Vue packages/core/src/Tabs/TabsContent.vue: component could not be analyzed ; Vue packages/core/src/Tabs/TabsIndicator.vue: component could not be analyzed ; Vue packages/core/src/Tabs/TabsList.vue: component could not be analyzed ; Vue packages/core/src/Tabs/TabsRoot.vue: component could not be analyzed ; Vue packages/core/src/Tabs/TabsTrigger.vue: component could not be analyzed ; Vue packages/core/src/Tabs/story/Tabs.story.vue: runtime component/directive resolution requires full validation ; Vue packages/core/src/Tabs/story/TabsVertical.story.vue: runtime component/directive resolution requires full validation ; Vue packages/core/src/TagsInput/TagsInputClear.vue: component could not be analyzed ; Vue packages/core/src/TagsInput/TagsInputInput.vue: component could not be analyzed ; Vue packages/core/src/TagsInput/TagsInputItem.vue: component could not be analyzed ; Vue packages/core/src/TagsInput/TagsInputItemDelete.vue: component could not be analyzed ; Vue packages/core/src/TagsInput/TagsInputItemText.vue: component could not be analyzed ; Vue packages/core/src/TagsInput/TagsInputRoot.vue: component could not be analyzed ; Vue packages/core/src/TagsInput/story/TagsInput.story.vue: runtime component/directive resolution requires full validation ; Vue packages/core/src/TagsInput/story/TagsInputCombobox.story.vue: runtime component/directive resolution requires full validation ; Vue packages/core/src/TagsInput/story/TagsInputObject.story.vue: runtime component/directive resolution requires full validation ; Vue packages/core/src/TagsInput/story/_TagsInputObject.vue: component could not be analyzed ; Vue packages/core/src/TimeField/TimeFieldInput.vue: component could not be analyzed ; Vue packages/core/src/TimeField/TimeFieldRoot.vue: component could not be analyzed ; Vue packages/core/src/TimeField/story/TimeFieldChromatic.story.vue: runtime component/directive resolution requires full validation ; Vue packages/core/src/TimeField/story/TimeFieldDefault.story.vue: runtime component/directive resolution requires full validation ; Vue packages/core/src/TimeField/story/TimeFieldGranular.story.vue: runtime component/directive resolution requires full validation ; Vue packages/core/src/TimeField/story/TimeFieldInvalid.story.vue: runtime component/directive resolution requires full validation ; Vue packages/core/src/TimeField/story/TimeFieldLocales.story.vue: runtime component/directive resolution requires full validation ; Vue packages/core/src/Toast/ToastAction.vue: component could not be analyzed ; Vue packages/core/src/Toast/ToastAnnounceExclude.vue: component could not be analyzed ; Vue packages/core/src/Toast/ToastClose.vue: component could not be analyzed ; Vue packages/core/src/Toast/ToastDescription.vue: component could not be analyzed ; Vue packages/core/src/Toast/ToastPortal.vue: component could not be analyzed ; Vue packages/core/src/Toast/ToastRoot.vue: component could not be analyzed ; Vue packages/core/src/Toast/ToastRootImpl.vue: component could not be analyzed ; Vue packages/core/src/Toast/ToastTitle.vue: component could not be analyzed ; Vue packages/core/src/Toast/ToastViewport.vue: component could not be analyzed ; Vue packages/core/src/Toast/story/ToastDemo.story.vue: runtime component/directive resolution requires full validation ; Vue packages/core/src/Toast/story/ToastDemoFromDialog.story.vue: runtime component/directive resolution requires full validation ; Vue packages/core/src/Toast/story/ToastDemoKeyChange.story.vue: runtime component/directive resolution requires full validation ; Vue packages/core/src/Toast/story/ToastMultiple.story.vue: runtime component/directive resolution requires full validation ; Vue packages/core/src/Toggle/Toggle.story.vue: runtime component/directive resolution requires full validation ; Vue packages/core/src/Toggle/Toggle.vue: component could not be analyzed ; Vue packages/core/src/ToggleGroup/ToggleGroupItem.vue: component could not be analyzed ; Vue packages/core/src/ToggleGroup/ToggleGroupRoot.vue: component could not be analyzed ; Vue packages/core/src/ToggleGroup/story/ToggleGroup.story.vue: runtime component/directive resolution requires full validation ; Vue packages/core/src/ToggleGroup/story/_ToggleGroup.vue: component could not be analyzed ; Vue packages/core/src/Toolbar/ToolbarButton.vue: component could not be analyzed ; Vue packages/core/src/Toolbar/ToolbarLink.vue: component could not be analyzed ; Vue packages/core/src/Toolbar/ToolbarRoot.vue: component could not be analyzed ; Vue packages/core/src/Toolbar/ToolbarSeparator.vue: component could not be analyzed ; Vue packages/core/src/Toolbar/ToolbarToggleGroup.vue: component could not be analyzed ; Vue packages/core/src/Toolbar/ToolbarToggleItem.vue: component could not be analyzed ; Vue packages/core/src/Toolbar/story/Toolbar.story.vue: runtime component/directive resolution requires full validation ; Vue packages/core/src/Tooltip/TooltipArrow.vue: component could not be analyzed ; Vue packages/core/src/Tooltip/TooltipContent.vue: component could not be analyzed ; Vue packages/core/src/Tooltip/TooltipContentHoverable.vue: component could not be analyzed ; Vue packages/core/src/Tooltip/TooltipContentImpl.vue: component could not be analyzed ; Vue packages/core/src/Tooltip/TooltipPortal.vue: component could not be analyzed ; Vue packages/core/src/Tooltip/TooltipTrigger.vue: component could not be analyzed ; Vue packages/core/src/Tooltip/stories/Tooltip.content.story.vue: runtime component/directive resolution requires full validation ; Vue packages/core/src/Tooltip/stories/Tooltip.story.vue: runtime component/directive resolution requires full validation ; Vue packages/core/src/Tree/TreeItem.vue: component could not be analyzed ; Vue packages/core/src/Tree/TreeRoot.vue: component could not be analyzed ; Vue packages/core/src/Tree/TreeVirtualizer.vue: runtime component/directive resolution requires full validation ; Vue packages/core/src/Tree/story/TreeAsync.story.vue: runtime component/directive resolution requires full validation ; Vue packages/core/src/Tree/story/TreeBasic.story.vue: runtime component/directive resolution requires full validation ; Vue packages/core/src/Tree/story/TreeCheckbox.story.vue: runtime component/directive resolution requires full validation ; Vue packages/core/src/Tree/story/TreeNested.story.vue: runtime component/directive resolution requires full validation ; Vue packages/core/src/Tree/story/TreeVirtual.story.vue: runtime component/directive resolution requires full validation ; Vue packages/core/src/Tree/story/_Tree.vue: component could not be analyzed ; Vue packages/core/src/Viewport/Viewport.vue: component could not be analyzed ; Vue packages/core/src/VisuallyHidden/VisuallyHidden.vue: component could not be analyzed ; Vue packages/core/src/VisuallyHidden/VisuallyHiddenInput.vue: component could not be analyzed ; Vue packages/core/src/shared/component/Arrow.vue: component could not be analyzed ; Vue packages/core/src/shared/component/BaseSeparator.vue: component could not be analyzed ; Vue playground/nuxt/app.vue: runtime component/directive resolution requires full validation ; Vue playground/vue3/src/App.vue: runtime component/directive resolution requires full validation ; Unresolved Vue dependencies require full validation ; Dependency graph confidence is UNSAFE; full validation required"
"reka-ui","2","7567e33b00524b44302bbb8a428703da911a32af","1593f678c615ce94193f3146ebf9588011708ab9","fix(RovingFocus): should not be active by default","BASELINE_RED_OR_UNREADABLE","FULL","8105","93045",,"Nuxt implicit routes and auto-imports require a dedicated framework adapter ; Vue docs/.vitepress/components/ComponentLoader.vue: runtime component/directive resolution requires full validation ; Vue docs/.vitepress/components/DocOutlineItem.vue: runtime component/directive resolution requires full validation ; Vue docs/.vitepress/components/HeroCodeGroup.vue: runtime component/directive resolution requires full validation ; Vue docs/.vitepress/components/HomePage.vue: runtime component/directive resolution requires full validation ; Vue docs/components/Demos.vue: runtime component/directive resolution requires full validation ; Vue docs/components/demo/DialogToaster/tailwind/index.vue: runtime component/directive resolution requires full validation ; Vue docs/components/prose/ProseA.vue: runtime component/directive resolution requires full validation ; Vue docs/components/prose/ProseH1.vue: runtime component/directive resolution requires full validation ; Vue docs/components/prose/ProseH2.vue: runtime component/directive resolution requires full validation ; Vue docs/components/prose/ProseH3.vue: runtime component/directive resolution requires full validation ; Vue packages/core/src/Accordion/AccordionContent.vue: component could not be analyzed ; Vue packages/core/src/Accordion/AccordionHeader.vue: component could not be analyzed ; Vue packages/core/src/Accordion/AccordionItem.vue: component could not be analyzed ; Vue packages/core/src/Accordion/AccordionRoot.vue: component could not be analyzed ; Vue packages/core/src/Accordion/AccordionTrigger.vue: component could not be analyzed ; Vue packages/core/src/Accordion/story/AccordionAnimated.story.vue: runtime component/directive resolution requires full validation ; Vue packages/core/src/Accordion/story/AccordionChromatic.story.vue: runtime component/directive resolution requires full validation ; Vue packages/core/src/Accordion/story/AccordionHorizontal.story.vue: runtime component/directive resolution requires full validation ; Vue packages/core/src/Accordion/story/AccordionMultiple.story.vue: runtime component/directive resolution requires full validation ; Vue packages/core/src/Accordion/story/AccordionSingle.story.vue: runtime component/directive resolution requires full validation ; Vue packages/core/src/Accordion/story/AccordionViewport.story.vue: runtime component/directive resolution requires full validation ; Vue packages/core/src/Accordion/story/_Accordion.vue: component could not be analyzed ; Vue packages/core/src/AlertDialog/AlertDialogAction.vue: component could not be analyzed ; Vue packages/core/src/AlertDialog/AlertDialogCancel.vue: component could not be analyzed ; Vue packages/core/src/AlertDialog/AlertDialogContent.vue: component could not be analyzed ; Vue packages/core/src/AlertDialog/AlertDialogDescription.vue: component could not be analyzed ; Vue packages/core/src/AlertDialog/AlertDialogOverlay.vue: component could not be analyzed ; Vue packages/core/src/AlertDialog/AlertDialogPortal.vue: component could not be analyzed ; Vue packages/core/src/AlertDialog/AlertDialogRoot.vue: component could not be analyzed ; Vue packages/core/src/AlertDialog/AlertDialogTitle.vue: component could not be analyzed ; Vue packages/core/src/AlertDialog/AlertDialogTrigger.vue: component could not be analyzed ; Vue packages/core/src/AlertDialog/story/AlertDialog.story.vue: runtime component/directive resolution requires full validation ; Vue packages/core/src/AspectRatio/AspectRatio.vue: component could not be analyzed ; Vue packages/core/src/AspectRatio/story/AspectRatio.story.vue: runtime component/directive resolution requires full validation ; Vue packages/core/src/Avatar/AvatarFallback.vue: component could not be analyzed ; Vue packages/core/src/Avatar/AvatarImage.vue: component could not be analyzed ; Vue packages/core/src/Avatar/AvatarRoot.vue: component could not be analyzed ; Vue packages/core/src/Avatar/story/Avatar.story.vue: runtime component/directive resolution requires full validation ; Vue packages/core/src/Calendar/CalendarCell.vue: component could not be analyzed ; Vue packages/core/src/Calendar/CalendarCellTrigger.vue: component could not be analyzed ; Vue packages/core/src/Calendar/CalendarGrid.vue: component could not be analyzed ; Vue packages/core/src/Calendar/CalendarGridBody.vue: component could not be analyzed ; Vue packages/core/src/Calendar/CalendarGridHead.vue: component could not be analyzed ; Vue packages/core/src/Calendar/CalendarGridRow.vue: component could not be analyzed ; Vue packages/core/src/Calendar/CalendarHeadCell.vue: component could not be analyzed ; Vue packages/core/src/Calendar/CalendarHeader.vue: component could not be analyzed ; Vue packages/core/src/Calendar/CalendarHeading.vue: component could not be analyzed ; Vue packages/core/src/Calendar/CalendarNext.vue: component could not be analyzed ; Vue packages/core/src/Calendar/CalendarPrev.vue: component could not be analyzed ; Vue packages/core/src/Calendar/CalendarRoot.vue: component could not be analyzed ; Vue packages/core/src/Calendar/story/CalendarChromatic.story.vue: runtime component/directive resolution requires full validation ; Vue packages/core/src/Calendar/story/CalendarDefault.story.vue: runtime component/directive resolution requires full validation ; Vue packages/core/src/Calendar/story/CalendarDir.story.vue: runtime component/directive resolution requires full validation ; Vue packages/core/src/Calendar/story/CalendarFixedWeeksForLocales.story.vue: runtime component/directive resolution requires full validation ; Vue packages/core/src/Calendar/story/CalendarLocales.story.vue: runtime component/directive resolution requires full validation ; Vue packages/core/src/Calendar/story/CalendarMultiple.story.vue: runtime component/directive resolution requires full validation ; Vue packages/core/src/Calendar/story/CalendarPopover.story.vue: runtime component/directive resolution requires full validation ; Vue packages/core/src/Calendar/story/CalendarSelect.story.vue: runtime component/directive resolution requires full validation ; Vue packages/core/src/Calendar/story/CalendarValidation.story.vue: runtime component/directive resolution requires full validation ; Vue packages/core/src/Calendar/story/CalendarYearIncrement.story.vue: runtime component/directive resolution requires full validation ; Vue packages/core/src/Calendar/story/_DummyCalendar.vue: component could not be analyzed ; Vue packages/core/src/Checkbox/CheckboxGroupRoot.vue: component could not be analyzed ; Vue packages/core/src/Checkbox/CheckboxIndicator.vue: component could not be analyzed ; Vue packages/core/src/Checkbox/CheckboxRoot.vue: component could not be analyzed ; Vue packages/core/src/Checkbox/story/Checkbox.story.vue: runtime component/directive resolution requires full validation ; Vue packages/core/src/Checkbox/story/CheckboxGroup.story.vue: runtime component/directive resolution requires full validation ; Vue packages/core/src/Checkbox/story/_Checkbox.vue: component could not be analyzed ; Vue packages/core/src/Checkbox/story/_CheckboxGroup.vue: component could not be analyzed ; Vue packages/core/src/Collapsible/CollapsibleContent.vue: component could not be analyzed ; Vue packages/core/src/Collapsible/CollapsibleRoot.vue: component could not be analyzed ; Vue packages/core/src/Collapsible/CollapsibleTrigger.vue: component could not be analyzed ; Vue packages/core/src/Collapsible/story/Collapsible.story.vue: runtime component/directive resolution requires full validation ; Vue packages/core/src/Collapsible/story/_Collapsible.vue: component could not be analyzed ; Vue packages/core/src/Combobox/ComboboxAnchor.vue: component could not be analyzed ; Vue packages/core/src/Combobox/ComboboxArrow.vue: component could not be analyzed ; Vue packages/core/src/Combobox/ComboboxCancel.vue: component could not be analyzed ; Vue packages/core/src/Combobox/ComboboxContent.vue: component could not be analyzed ; Vue packages/core/src/Combobox/ComboboxContentImpl.vue: component could not be analyzed ; Vue packages/core/src/Combobox/ComboboxEmpty.vue: component could not be analyzed ; Vue packages/core/src/Combobox/ComboboxGroup.vue: component could not be analyzed ; Vue packages/core/src/Combobox/ComboboxInput.vue: component could not be analyzed ; Vue packages/core/src/Combobox/ComboboxItem.vue: component could not be analyzed ; Vue packages/core/src/Combobox/ComboboxItemIndicator.vue: component could not be analyzed ; Vue packages/core/src/Combobox/ComboboxLabel.vue: component could not be analyzed ; Vue packages/core/src/Combobox/ComboboxPortal.vue: component could not be analyzed ; Vue packages/core/src/Combobox/ComboboxRoot.vue: component could not be analyzed ; Vue packages/core/src/Combobox/ComboboxSeparator.vue: component could not be analyzed ; Vue packages/core/src/Combobox/ComboboxTrigger.vue: component could not be analyzed ; Vue packages/core/src/Combobox/ComboboxViewport.vue: component could not be analyzed ; Vue packages/core/src/Combobox/ComboboxVirtualizer.vue: component could not be analyzed ; Vue packages/core/src/Combobox/story/ComboboxAsync.story.vue: runtime component/directive resolution requires full validation ; Vue packages/core/src/Combobox/story/ComboboxBasic.story.vue: runtime component/directive resolution requires full validation ; Vue packages/core/src/Combobox/story/ComboboxCustom.story.vue: runtime component/directive resolution requires full validation ; Vue packages/core/src/Combobox/story/ComboboxMultiple.story.vue: runtime component/directive resolution requires full validation ; Vue packages/core/src/Combobox/story/ComboboxObject.story.vue: runtime component/directive resolution requires full validation ; Vue packages/core/src/Combobox/story/ComboboxReactive.story.vue: runtime component/directive resolution requires full validation ; Vue packages/core/src/Combobox/story/ComboboxScrolling.story.vue: runtime component/directive resolution requires full validation ; Vue packages/core/src/Combobox/story/ComboboxSelectMenu.story.vue: runtime component/directive resolution requires full validation ; Vue packages/core/src/Combobox/story/ComboboxVirtual.story.vue: runtime component/directive resolution requires full validation ; Vue packages/core/src/Combobox/story/_Combobox.vue: component could not be analyzed ; Vue packages/core/src/Combobox/story/_ComboboxManualFilter.vue: component could not be analyzed ; Vue packages/core/src/Combobox/story/_ComboboxObject.vue: component could not be analyzed ; Vue packages/core/src/ConfigProvider/_ConfigProvider.vue: component could not be analyzed ; Vue packages/core/src/ContextMenu/ContextMenuArrow.vue: component could not be analyzed ; Vue packages/core/src/ContextMenu/ContextMenuCheckboxItem.vue: component could not be analyzed ; Vue packages/core/src/ContextMenu/ContextMenuContent.vue: component could not be analyzed ; Vue packages/core/src/ContextMenu/ContextMenuGroup.vue: component could not be analyzed ; Vue packages/core/src/ContextMenu/ContextMenuItem.vue: component could not be analyzed ; Vue packages/core/src/ContextMenu/ContextMenuItemIndicator.vue: component could not be analyzed ; Vue packages/core/src/ContextMenu/ContextMenuLabel.vue: component could not be analyzed ; Vue packages/core/src/ContextMenu/ContextMenuPortal.vue: component could not be analyzed ; Vue packages/core/src/ContextMenu/ContextMenuRadioGroup.vue: component could not be analyzed ; Vue packages/core/src/ContextMenu/ContextMenuRadioItem.vue: component could not be analyzed ; Vue packages/core/src/ContextMenu/ContextMenuRoot.vue: component could not be analyzed ; Vue packages/core/src/ContextMenu/ContextMenuSeparator.vue: component could not be analyzed ; Vue packages/core/src/ContextMenu/ContextMenuSub.vue: component could not be analyzed ; Vue packages/core/src/ContextMenu/ContextMenuSubContent.vue: component could not be analyzed ; Vue packages/core/src/ContextMenu/ContextMenuSubTrigger.vue: component could not be analyzed ; Vue packages/core/src/ContextMenu/ContextMenuTrigger.vue: component could not be analyzed ; Vue packages/core/src/ContextMenu/story/ContextMenu.story.vue: runtime component/directive resolution requires full validation ; Vue packages/core/src/DateField/DateFieldInput.vue: component could not be analyzed ; Vue packages/core/src/DateField/DateFieldRoot.vue: component could not be analyzed ; Vue packages/core/src/DateField/story/DateFieldChromatic.story.vue: runtime component/directive resolution requires full validation ; Vue packages/core/src/DateField/story/DateFieldDefault.story.vue: runtime component/directive resolution requires full validation ; Vue packages/core/src/DateField/story/DateFieldGranular.story.vue: runtime component/directive resolution requires full validation ; Vue packages/core/src/DateField/story/DateFieldInvalid.story.vue: runtime component/directive resolution requires full validation ; Vue packages/core/src/DateField/story/DateFieldLocales.story.vue: runtime component/directive resolution requires full validation ; Vue packages/core/src/DatePicker/DatePickerAnchor.vue: component could not be analyzed ; Vue packages/core/src/DatePicker/DatePickerArrow.vue: component could not be analyzed ; Vue packages/core/src/DatePicker/DatePickerCell.vue: component could not be analyzed ; Vue packages/core/src/DatePicker/DatePickerCellTrigger.vue: component could not be analyzed ; Vue packages/core/src/DatePicker/DatePickerClose.vue: component could not be analyzed ; Vue packages/core/src/DatePicker/DatePickerContent.vue: component could not be analyzed ; Vue packages/core/src/DatePicker/DatePickerGrid.vue: component could not be analyzed ; Vue packages/core/src/DatePicker/DatePickerGridBody.vue: component could not be analyzed ; Vue packages/core/src/DatePicker/DatePickerGridHead.vue: component could not be analyzed ; Vue packages/core/src/DatePicker/DatePickerGridRow.vue: component could not be analyzed ; Vue packages/core/src/DatePicker/DatePickerHeadCell.vue: component could not be analyzed ; Vue packages/core/src/DatePicker/DatePickerHeader.vue: component could not be analyzed ; Vue packages/core/src/DatePicker/DatePickerHeading.vue: component could not be analyzed ; Vue packages/core/src/DatePicker/DatePickerInput.vue: component could not be analyzed ; Vue packages/core/src/DatePicker/DatePickerNext.vue: component could not be analyzed ; Vue packages/core/src/DatePicker/DatePickerPrev.vue: component could not be analyzed ; Vue packages/core/src/DatePicker/DatePickerRoot.vue: component could not be analyzed ; Vue packages/core/src/DatePicker/DatePickerTrigger.vue: component could not be analyzed ; Vue packages/core/src/DatePicker/story/DatePickerChromatic.story.vue: runtime component/directive resolution requires full validation ; Vue packages/core/src/DatePicker/story/DatePickerDefault.story.vue: runtime component/directive resolution requires full validation ; Vue packages/core/src/DatePicker/story/DatePickerGranular.story.vue: runtime component/directive resolution requires full validation ; Vue packages/core/src/DatePicker/story/DatePickerValidation.story.vue: runtime component/directive resolution requires full validation ; Vue packages/core/src/DatePicker/story/_DummyDatePicker.vue: component could not be analyzed ; Vue packages/core/src/DateRangeField/DateRangeFieldInput.vue: component could not be analyzed ; Vue packages/core/src/DateRangeField/DateRangeFieldRoot.vue: component could not be analyzed ; Vue packages/core/src/DateRangeField/story/DateRangeFieldChromatic.story.vue: runtime component/directive resolution requires full validation ; Vue packages/core/src/DateRangeField/story/DateRangeFieldDefault.story.vue: runtime component/directive resolution requires full validation ; Vue packages/core/src/DateRangeField/story/DateRangeFieldGranular.story.vue: runtime component/directive resolution requires full validation ; Vue packages/core/src/DateRangeField/story/DateRangeFieldValidation.story.vue: runtime component/directive resolution requires full validation ; Vue packages/core/src/DateRangeField/story/_DummyDateRangeField.vue: component could not be analyzed ; Vue packages/core/src/DateRangePicker/DateRangePickerAnchor.vue: component could not be analyzed ; Vue packages/core/src/DateRangePicker/DateRangePickerArrow.vue: component could not be analyzed ; Vue packages/core/src/DateRangePicker/DateRangePickerCell.vue: component could not be analyzed ; Vue packages/core/src/DateRangePicker/DateRangePickerCellTrigger.vue: component could not be analyzed ; Vue packages/core/src/DateRangePicker/DateRangePickerClose.vue: component could not be analyzed ; Vue packages/core/src/DateRangePicker/DateRangePickerContent.vue: component could not be analyzed ; Vue packages/core/src/DateRangePicker/DateRangePickerGrid.vue: component could not be analyzed ; Vue packages/core/src/DateRangePicker/DateRangePickerGridBody.vue: component could not be analyzed ; Vue packages/core/src/DateRangePicker/DateRangePickerGridHead.vue: component could not be analyzed ; Vue packages/core/src/DateRangePicker/DateRangePickerGridRow.vue: component could not be analyzed ; Vue packages/core/src/DateRangePicker/DateRangePickerHeadCell.vue: component could not be analyzed ; Vue packages/core/src/DateRangePicker/DateRangePickerHeader.vue: component could not be analyzed ; Vue packages/core/src/DateRangePicker/DateRangePickerHeading.vue: component could not be analyzed ; Vue packages/core/src/DateRangePicker/DateRangePickerInput.vue: component could not be analyzed ; Vue packages/core/src/DateRangePicker/DateRangePickerNext.vue: component could not be analyzed ; Vue packages/core/src/DateRangePicker/DateRangePickerPrev.vue: component could not be analyzed ; Vue packages/core/src/DateRangePicker/DateRangePickerRoot.vue: component could not be analyzed ; Vue packages/core/src/DateRangePicker/DateRangePickerTrigger.vue: component could not be analyzed ; Vue packages/core/src/DateRangePicker/story/DateRangePickerChromatic.story.vue: runtime component/directive resolution requires full validation ; Vue packages/core/src/DateRangePicker/story/DateRangePickerDefault.story.vue: runtime component/directive resolution requires full validation ; Vue packages/core/src/DateRangePicker/story/DateRangePickerGranular.story.vue: runtime component/directive resolution requires full validation ; Vue packages/core/src/DateRangePicker/story/DateRangePickerValidation.story.vue: runtime component/directive resolution requires full validation ; Vue packages/core/src/DateRangePicker/story/_DummyDateRangePicker.vue: component could not be analyzed ; Vue packages/core/src/Dialog/DialogClose.vue: component could not be analyzed ; Vue packages/core/src/Dialog/DialogContent.vue: component could not be analyzed ; Vue packages/core/src/Dialog/DialogContentImpl.vue: component could not be analyzed ; Vue packages/core/src/Dialog/DialogContentModal.vue: component could not be analyzed ; Vue packages/core/src/Dialog/DialogContentNonModal.vue: component could not be analyzed ; Vue packages/core/src/Dialog/DialogDescription.vue: component could not be analyzed ; Vue packages/core/src/Dialog/DialogOverlay.vue: component could not be analyzed ; Vue packages/core/src/Dialog/DialogOverlayImpl.vue: component could not be analyzed ; Vue packages/core/src/Dialog/DialogPortal.vue: component could not be analyzed ; Vue packages/core/src/Dialog/DialogTitle.vue: component could not be analyzed ; Vue packages/core/src/Dialog/DialogTrigger.vue: component could not be analyzed ; Vue packages/core/src/Dialog/story/Dialog.story.vue: runtime component/directive resolution requires full validation ; Vue packages/core/src/Dialog/story/DialogExternalTrigger.story.vue: runtime component/directive resolution requires full validation ; Vue packages/core/src/Dialog/story/DialogProgrammatic.story.vue: runtime component/directive resolution requires full validation ; Vue packages/core/src/Dialog/story/DialogWithDropdown.story.vue: runtime component/directive resolution requires full validation ; Vue packages/core/src/DismissableLayer/DismissableLayer.vue: component could not be analyzed ; Vue packages/core/src/DismissableLayer/DismissableLayerBranch.vue: component could not be analyzed ; Vue packages/core/src/DismissableLayer/story/DismissableLayerBasic.story.vue: runtime component/directive resolution requires full validation ; Vue packages/core/src/DismissableLayer/story/DismissableLayerDialog.story.vue: runtime component/directive resolution requires full validation ; Vue packages/core/src/DismissableLayer/story/DismissableLayerPopoverNested.story.vue: runtime component/directive resolution requires full validation ; Vue packages/core/src/DismissableLayer/story/_DismissableLayer.vue: component could not be analyzed ; Vue packages/core/src/DropdownMenu/DropdownMenuArrow.vue: component could not be analyzed ; Vue packages/core/src/DropdownMenu/DropdownMenuCheckboxItem.vue: component could not be analyzed ; Vue packages/core/src/DropdownMenu/DropdownMenuContent.vue: component could not be analyzed ; Vue packages/core/src/DropdownMenu/DropdownMenuGroup.vue: component could not be analyzed ; Vue packages/core/src/DropdownMenu/DropdownMenuItem.vue: component could not be analyzed ; Vue packages/core/src/DropdownMenu/DropdownMenuItemIndicator.vue: component could not be analyzed ; Vue packages/core/src/DropdownMenu/DropdownMenuLabel.vue: component could not be analyzed ; Vue packages/core/src/DropdownMenu/DropdownMenuPortal.vue: component could not be analyzed ; Vue packages/core/src/DropdownMenu/DropdownMenuRadioGroup.vue: component could not be analyzed ; Vue packages/core/src/DropdownMenu/DropdownMenuRadioItem.vue: component could not be analyzed ; Vue packages/core/src/DropdownMenu/DropdownMenuRoot.vue: component could not be analyzed ; Vue packages/core/src/DropdownMenu/DropdownMenuSeparator.vue: component could not be analyzed ; Vue packages/core/src/DropdownMenu/DropdownMenuSub.vue: component could not be analyzed ; Vue packages/core/src/DropdownMenu/DropdownMenuSubContent.vue: component could not be analyzed ; Vue packages/core/src/DropdownMenu/DropdownMenuSubTrigger.vue: component could not be analyzed ; Vue packages/core/src/DropdownMenu/DropdownMenuTrigger.vue: component could not be analyzed ; Vue packages/core/src/DropdownMenu/story/DropdownMenu.story.vue: runtime component/directive resolution requires full validation ; Vue packages/core/src/DropdownMenu/story/_DropdownMenu.vue: component could not be analyzed ; Vue packages/core/src/Editable/EditableArea.vue: component could not be analyzed ; Vue packages/core/src/Editable/EditableCancelTrigger.vue: component could not be analyzed ; Vue packages/core/src/Editable/EditableEditTrigger.vue: component could not be analyzed ; Vue packages/core/src/Editable/EditableInput.vue: component could not be analyzed ; Vue packages/core/src/Editable/EditablePreview.vue: component could not be analyzed ; Vue packages/core/src/Editable/EditableRoot.vue: component could not be analyzed ; Vue packages/core/src/Editable/EditableSubmitTrigger.vue: component could not be analyzed ; Vue packages/core/src/Editable/story/EditableChromatic.story.vue: runtime component/directive resolution requires full validation ; Vue packages/core/src/Editable/story/EditableDefault.story.vue: runtime component/directive resolution requires full validation ; Vue packages/core/src/Editable/story/_DummyEditable.vue: component could not be analyzed ; Vue packages/core/src/FocusScope/FocusScope.vue: component could not be analyzed ; Vue packages/core/src/FocusScope/story/FocusScopeMultiple.story.vue: runtime component/directive resolution requires full validation ; Vue packages/core/src/HoverCard/HoverCardArrow.vue: component could not be analyzed ; Vue packages/core/src/HoverCard/HoverCardContent.vue: component could not be analyzed ; Vue packages/core/src/HoverCard/HoverCardContentImpl.vue: component could not be analyzed ; Vue packages/core/src/HoverCard/HoverCardPortal.vue: component could not be analyzed ; Vue packages/core/src/HoverCard/HoverCardTrigger.vue: component could not be analyzed ; Vue packages/core/src/HoverCard/story/HoverCard.story.vue: runtime component/directive resolution requires full validation ; Vue packages/core/src/HoverCard/story/HoverMultiCard.story.vue: runtime component/directive resolution requires full validation ; Vue packages/core/src/Label/Label.story.vue: runtime component/directive resolution requires full validation ; Vue packages/core/src/Label/Label.vue: component could not be analyzed ; Vue packages/core/src/Listbox/ListboxContent.vue: component could not be analyzed ; Vue packages/core/src/Listbox/ListboxFilter.vue: component could not be analyzed ; Vue packages/core/src/Listbox/ListboxGroup.vue: component could not be analyzed ; Vue packages/core/src/Listbox/ListboxGroupLabel.vue: component could not be analyzed ; Vue packages/core/src/Listbox/ListboxItem.vue: component could not be analyzed ; Vue packages/core/src/Listbox/ListboxItemIndicator.vue: component could not be analyzed ; Vue packages/core/src/Listbox/ListboxRoot.vue: component could not be analyzed ; Vue packages/core/src/Listbox/ListboxVirtualizer.vue: runtime component/directive resolution requires full validation ; Vue packages/core/src/Listbox/story/ListboxChromatic.story.vue: runtime component/directive resolution requires full validation ; Vue packages/core/src/Listbox/story/ListboxDemo.story.vue: runtime component/directive resolution requires full validation ; Vue packages/core/src/Listbox/story/ListboxFilter.story.vue: runtime component/directive resolution requires full validation ; Vue packages/core/src/Listbox/story/ListboxVirtual.story.vue: runtime component/directive resolution requires full validation ; Vue packages/core/src/Listbox/story/_Listbox.vue: component could not be analyzed ; Vue packages/core/src/Menu/MenuAnchor.vue: component could not be analyzed ; Vue packages/core/src/Menu/MenuArrow.vue: component could not be analyzed ; Vue packages/core/src/Menu/MenuCheckboxItem.vue: component could not be analyzed ; Vue packages/core/src/Menu/MenuContent.vue: component could not be analyzed ; Vue packages/core/src/Menu/MenuContentImpl.vue: component could not be analyzed ; Vue packages/core/src/Menu/MenuGroup.vue: component could not be analyzed ; Vue packages/core/src/Menu/MenuItem.vue: component could not be analyzed ; Vue packages/core/src/Menu/MenuItemImpl.vue: component could not be analyzed ; Vue packages/core/src/Menu/MenuItemIndicator.vue: component could not be analyzed ; Vue packages/core/src/Menu/MenuLabel.vue: component could not be analyzed ; Vue packages/core/src/Menu/MenuPortal.vue: component could not be analyzed ; Vue packages/core/src/Menu/MenuRadioGroup.vue: component could not be analyzed ; Vue packages/core/src/Menu/MenuRadioItem.vue: component could not be analyzed ; Vue packages/core/src/Menu/MenuRootContentModal.vue: component could not be analyzed ; Vue packages/core/src/Menu/MenuRootContentNonModal.vue: component could not be analyzed ; Vue packages/core/src/Menu/MenuSeparator.vue: component could not be analyzed ; Vue packages/core/src/Menu/MenuSubContent.vue: component could not be analyzed ; Vue packages/core/src/Menu/MenuSubTrigger.vue: component could not be analyzed ; Vue packages/core/src/Menu/story/MenuCheckboxItems.story.vue: runtime component/directive resolution requires full validation ; Vue packages/core/src/Menu/story/MenuRadioItems.story.vue: runtime component/directive resolution requires full validation ; Vue packages/core/src/Menu/story/MenuStyled.story.vue: runtime component/directive resolution requires full validation ; Vue packages/core/src/Menu/story/MenuSubMenu.story.vue: runtime component/directive resolution requires full validation ; Vue packages/core/src/Menu/story/MenuWithLabels.story.vue: runtime component/directive resolution requires full validation ; Vue packages/core/src/Menu/story/_Menu.vue: component could not be analyzed ; Vue packages/core/src/Menu/story/_MenuWithAnchor.vue: component could not be analyzed ; Vue packages/core/src/Menubar/MenubarArrow.vue: component could not be analyzed ; Vue packages/core/src/Menubar/MenubarCheckboxItem.vue: component could not be analyzed ; Vue packages/core/src/Menubar/MenubarContent.vue: component could not be analyzed ; Vue packages/core/src/Menubar/MenubarGroup.vue: component could not be analyzed ; Vue packages/core/src/Menubar/MenubarItem.vue: component could not be analyzed ; Vue packages/core/src/Menubar/MenubarItemIndicator.vue: component could not be analyzed ; Vue packages/core/src/Menubar/MenubarLabel.vue: component could not be analyzed ; Vue packages/core/src/Menubar/MenubarPortal.vue: component could not be analyzed ; Vue packages/core/src/Menubar/MenubarRadioGroup.vue: component could not be analyzed ; Vue packages/core/src/Menubar/MenubarRadioItem.vue: component could not be analyzed ; Vue packages/core/src/Menubar/MenubarSeparator.vue: component could not be analyzed ; Vue packages/core/src/Menubar/MenubarSub.vue: component could not be analyzed ; Vue packages/core/src/Menubar/MenubarSubContent.vue: component could not be analyzed ; Vue packages/core/src/Menubar/MenubarSubTrigger.vue: component could not be analyzed ; Vue packages/core/src/Menubar/MenubarTrigger.vue: component could not be analyzed ; Vue packages/core/src/Menubar/story/Menubar.story.vue: runtime component/directive resolution requires full validation ; Vue packages/core/src/Menubar/story/_Menubar.vue: component could not be analyzed ; Vue packages/core/src/NavigationMenu/NavigationMenuContent.vue: component could not be analyzed ; Vue packages/core/src/NavigationMenu/NavigationMenuContentImpl.vue: component could not be analyzed ; Vue packages/core/src/NavigationMenu/NavigationMenuIndicator.vue: component could not be analyzed ; Vue packages/core/src/NavigationMenu/NavigationMenuItem.vue: component could not be analyzed ; Vue packages/core/src/NavigationMenu/NavigationMenuLink.vue: component could not be analyzed ; Vue packages/core/src/NavigationMenu/NavigationMenuList.vue: component could not be analyzed ; Vue packages/core/src/NavigationMenu/NavigationMenuRoot.vue: component could not be analyzed ; Vue packages/core/src/NavigationMenu/NavigationMenuSub.vue: component could not be analyzed ; Vue packages/core/src/NavigationMenu/NavigationMenuTrigger.vue: component could not be analyzed ; Vue packages/core/src/NavigationMenu/NavigationMenuViewport.vue: component could not be analyzed ; Vue packages/core/src/NavigationMenu/story/NavigationMenuAlignment.story.vue: runtime component/directive resolution requires full validation ; Vue packages/core/src/NavigationMenu/story/NavigationMenuBasic.story.vue: runtime component/directive resolution requires full validation ; Vue packages/core/src/NavigationMenu/story/NavigationMenuChromatic.story.vue: runtime component/directive resolution requires full validation ; Vue packages/core/src/NavigationMenu/story/NavigationMenuDemo.story.vue: runtime component/directive resolution requires full validation ; Vue packages/core/src/NavigationMenu/story/NavigationMenuSubmenus.story.vue: runtime component/directive resolution requires full validation ; Vue packages/core/src/NavigationMenu/story/NavigationMenuViewport.story.vue: runtime component/directive resolution requires full validation ; Vue packages/core/src/NumberField/NumberFieldDecrement.vue: component could not be analyzed ; Vue packages/core/src/NumberField/NumberFieldIncrement.vue: component could not be analyzed ; Vue packages/core/src/NumberField/NumberFieldInput.vue: component could not be analyzed ; Vue packages/core/src/NumberField/NumberFieldRoot.vue: component could not be analyzed ; Vue packages/core/src/NumberField/story/NumberField.story.vue: runtime component/directive resolution requires full validation ; Vue packages/core/src/NumberField/story/NumberFieldChromatic.story.vue: runtime component/directive resolution requires full validation ; Vue packages/core/src/NumberField/story/_NumberField.vue: component could not be analyzed ; Vue packages/core/src/Pagination/PaginationEllipsis.vue: component could not be analyzed ; Vue packages/core/src/Pagination/PaginationFirst.vue: component could not be analyzed ; Vue packages/core/src/Pagination/PaginationLast.vue: component could not be analyzed ; Vue packages/core/src/Pagination/PaginationList.vue: component could not be analyzed ; Vue packages/core/src/Pagination/PaginationListItem.vue: component could not be analyzed ; Vue packages/core/src/Pagination/PaginationNext.vue: component could not be analyzed ; Vue packages/core/src/Pagination/PaginationPrev.vue: component could not be analyzed ; Vue packages/core/src/Pagination/PaginationRoot.vue: component could not be analyzed ; Vue packages/core/src/Pagination/story/PaginationDefault.story.vue: runtime component/directive resolution requires full validation ; Vue packages/core/src/PinInput/PinInputInput.vue: component could not be analyzed ; Vue packages/core/src/PinInput/PinInputRoot.vue: component could not be analyzed ; Vue packages/core/src/PinInput/story/PinInput.story.vue: runtime component/directive resolution requires full validation ; Vue packages/core/src/PinInput/story/PinInputNumeric.story.vue: runtime component/directive resolution requires full validation ; Vue packages/core/src/PinInput/story/_PinInput.vue: component could not be analyzed ; Vue packages/core/src/Popover/PopoverAnchor.vue: component could not be analyzed ; Vue packages/core/src/Popover/PopoverArrow.vue: component could not be analyzed ; Vue packages/core/src/Popover/PopoverClose.vue: component could not be analyzed ; Vue packages/core/src/Popover/PopoverContent.vue: component could not be analyzed ; Vue packages/core/src/Popover/PopoverContentImpl.vue: component could not be analyzed ; Vue packages/core/src/Popover/PopoverContentModal.vue: component could not be analyzed ; Vue packages/core/src/Popover/PopoverContentNonModal.vue: component could not be analyzed ; Vue packages/core/src/Popover/PopoverPortal.vue: component could not be analyzed ; Vue packages/core/src/Popover/PopoverTrigger.vue: component could not be analyzed ; Vue packages/core/src/Popover/story/PopoverBodyLock.story.vue: runtime component/directive resolution requires full validation ; Vue packages/core/src/Popover/story/PopoverBoundary.story.vue: runtime component/directive resolution requires full validation ; Vue packages/core/src/Popover/story/PopoverCustomAnchor.story.vue: runtime component/directive resolution requires full validation ; Vue packages/core/src/Popover/story/PopoverCustomArrow.story.vue: runtime component/directive resolution requires full validation ; Vue packages/core/src/Popover/story/PopoverDemo.story.vue: runtime component/directive resolution requires full validation ; Vue packages/core/src/Popover/story/PopoverForceMount.story.vue: runtime component/directive resolution requires full validation ; Vue packages/core/src/Popover/story/PopoverModality.story.vue: runtime component/directive resolution requires full validation ; Vue packages/core/src/Popover/story/PopoverNested.story.vue: runtime component/directive resolution requires full validation ; Vue packages/core/src/Popper/PopperAnchor.vue: component could not be analyzed ; Vue packages/core/src/Popper/PopperArrow.vue: component could not be analyzed ; Vue packages/core/src/Popper/PopperContent.vue: component could not be analyzed ; Vue packages/core/src/Presence/story/PresenceAnimation.story.vue: runtime component/directive resolution requires full validation ; Vue packages/core/src/Presence/story/PresenceBasic.story.vue: runtime component/directive resolution requires full validation ; Vue packages/core/src/Presence/story/PresenceTransition.story.vue: runtime component/directive resolution requires full validation ; Vue packages/core/src/Progress/ProgressIndicator.vue: component could not be analyzed ; Vue packages/core/src/Progress/ProgressRoot.vue: component could not be analyzed ; Vue packages/core/src/Progress/story/Progress.story.vue: runtime component/directive resolution requires full validation ; Vue packages/core/src/RadioGroup/Radio.vue: component could not be analyzed ; Vue packages/core/src/RadioGroup/RadioGroupIndicator.vue: component could not be analyzed ; Vue packages/core/src/RadioGroup/RadioGroupItem.vue: component could not be analyzed ; Vue packages/core/src/RadioGroup/RadioGroupRoot.vue: component could not be analyzed ; Vue packages/core/src/RadioGroup/story/RadioGroup.story.vue: runtime component/directive resolution requires full validation ; Vue packages/core/src/RangeCalendar/RangeCalendarCell.vue: component could not be analyzed ; Vue packages/core/src/RangeCalendar/RangeCalendarCellTrigger.vue: component could not be analyzed ; Vue packages/core/src/RangeCalendar/RangeCalendarGrid.vue: component could not be analyzed ; Vue packages/core/src/RangeCalendar/RangeCalendarGridBody.vue: component could not be analyzed ; Vue packages/core/src/RangeCalendar/RangeCalendarGridHead.vue: component could not be analyzed ; Vue packages/core/src/RangeCalendar/RangeCalendarGridRow.vue: component could not be analyzed ; Vue packages/core/src/RangeCalendar/RangeCalendarHeadCell.vue: component could not be analyzed ; Vue packages/core/src/RangeCalendar/RangeCalendarHeader.vue: component could not be analyzed ; Vue packages/core/src/RangeCalendar/RangeCalendarHeading.vue: component could not be analyzed ; Vue packages/core/src/RangeCalendar/RangeCalendarNext.vue: component could not be analyzed ; Vue packages/core/src/RangeCalendar/RangeCalendarPrev.vue: component could not be analyzed ; Vue packages/core/src/RangeCalendar/RangeCalendarRoot.vue: component could not be analyzed ; Vue packages/core/src/RangeCalendar/story/RangeCalendarChromatic.story.vue: runtime component/directive resolution requires full validation ; Vue packages/core/src/RangeCalendar/story/RangeCalendarDefault.story.vue: runtime component/directive resolution requires full validation ; Vue packages/core/src/RangeCalendar/story/RangeCalendarMultiple.story.vue: runtime component/directive resolution requires full validation ; Vue packages/core/src/RangeCalendar/story/RangeCalendarPopover.story.vue: runtime component/directive resolution requires full validation ; Vue packages/core/src/RangeCalendar/story/RangeCalendarValidation.story.vue: runtime component/directive resolution requires full validation ; Vue packages/core/src/RangeCalendar/story/_DummyRangeCalendar.vue: component could not be analyzed ; Vue packages/core/src/RovingFocus/RovingFocusGroup.vue: component could not be analyzed ; Vue packages/core/src/RovingFocus/RovingFocusItem.vue: component could not be analyzed ; Vue packages/core/src/RovingFocus/story/RovingFocusBasic.story.vue: runtime component/directive resolution requires full validation ; Vue packages/core/src/RovingFocus/story/_Button.vue: component could not be analyzed ; Vue packages/core/src/RovingFocus/story/_ButtonGroup.vue: component could not be analyzed ; Vue packages/core/src/ScrollArea/ScrollAreaCorner.vue: component could not be analyzed ; Vue packages/core/src/ScrollArea/ScrollAreaRoot.vue: component could not be analyzed ; Vue packages/core/src/ScrollArea/ScrollAreaScrollbar.vue: component could not be analyzed ; Vue packages/core/src/ScrollArea/ScrollAreaScrollbarHover.vue: component could not be analyzed ; Vue packages/core/src/ScrollArea/ScrollAreaThumb.vue: component could not be analyzed ; Vue packages/core/src/ScrollArea/ScrollAreaViewport.vue: component could not be analyzed ; Vue packages/core/src/ScrollArea/story/ScrollAreaBasic.story.vue: runtime component/directive resolution requires full validation ; Vue packages/core/src/ScrollArea/story/ScrollAreaChromatic.story.vue: runtime component/directive resolution requires full validation ; Vue packages/core/src/ScrollArea/story/ScrollAreaChromaticBoth.story.vue: runtime component/directive resolution requires full validation ; Vue packages/core/src/ScrollArea/story/ScrollAreaChromaticHorizontal.story.vue: runtime component/directive resolution requires full validation ; Vue packages/core/src/ScrollArea/story/ScrollAreaChromaticVertical.story.vue: runtime component/directive resolution requires full validation ; Vue packages/core/src/ScrollArea/story/_ScrollArea.vue: component could not be analyzed ; Vue packages/core/src/ScrollArea/story/_ScrollAreaStory.vue: component could not be analyzed ; Vue packages/core/src/Select/SelectArrow.vue: component could not be analyzed ; Vue packages/core/src/Select/SelectContent.vue: component could not be analyzed ; Vue packages/core/src/Select/SelectContentImpl.vue: component could not be analyzed ; Vue packages/core/src/Select/SelectGroup.vue: component could not be analyzed ; Vue packages/core/src/Select/SelectIcon.vue: component could not be analyzed ; Vue packages/core/src/Select/SelectItem.vue: component could not be analyzed ; Vue packages/core/src/Select/SelectItemAlignedPosition.vue: component could not be analyzed ; Vue packages/core/src/Select/SelectItemIndicator.vue: component could not be analyzed ; Vue packages/core/src/Select/SelectItemText.vue: component could not be analyzed ; Vue packages/core/src/Select/SelectLabel.vue: component could not be analyzed ; Vue packages/core/src/Select/SelectPopperPosition.vue: component could not be analyzed ; Vue packages/core/src/Select/SelectPortal.vue: component could not be analyzed ; Vue packages/core/src/Select/SelectRoot.vue: component could not be analyzed ; Vue packages/core/src/Select/SelectScrollDownButton.vue: component could not be analyzed ; Vue packages/core/src/Select/SelectScrollUpButton.vue: component could not be analyzed ; Vue packages/core/src/Select/SelectSeparator.vue: component could not be analyzed ; Vue packages/core/src/Select/SelectTrigger.vue: component could not be analyzed ; Vue packages/core/src/Select/SelectValue.vue: component could not be analyzed ; Vue packages/core/src/Select/SelectViewport.vue: component could not be analyzed ; Vue packages/core/src/Select/story/SelectDemo.story.vue: runtime component/directive resolution requires full validation ; Vue packages/core/src/Select/story/SelectForm.story.vue: runtime component/directive resolution requires full validation ; Vue packages/core/src/Select/story/SelectWithinDialog.story.vue: runtime component/directive resolution requires full validation ; Vue packages/core/src/Select/story/_SelectTest.vue: component could not be analyzed ; Vue packages/core/src/Separator/Separator.story.vue: runtime component/directive resolution requires full validation ; Vue packages/core/src/Separator/Separator.vue: component could not be analyzed ; Vue packages/core/src/Slider/SliderHorizontal.vue: component could not be analyzed ; Vue packages/core/src/Slider/SliderImpl.vue: component could not be analyzed ; Vue packages/core/src/Slider/SliderRange.vue: component could not be analyzed ; Vue packages/core/src/Slider/SliderRoot.vue: component could not be analyzed ; Vue packages/core/src/Slider/SliderThumb.vue: component could not be analyzed ; Vue packages/core/src/Slider/SliderThumbImpl.vue: component could not be analyzed ; Vue packages/core/src/Slider/SliderTrack.vue: component could not be analyzed ; Vue packages/core/src/Slider/SliderVertical.vue: component could not be analyzed ; Vue packages/core/src/Slider/story/SliderChromatic.story.vue: runtime component/directive resolution requires full validation ; Vue packages/core/src/Slider/story/SliderDemo.story.vue: runtime component/directive resolution requires full validation ; Vue packages/core/src/Slider/story/SliderExtremes.story.vue: runtime component/directive resolution requires full validation ; Vue packages/core/src/Slider/story/_Slider.vue: component could not be analyzed ; Vue packages/core/src/Splitter/SplitterGroup.vue: component could not be analyzed ; Vue packages/core/src/Splitter/SplitterPanel.vue: component could not be analyzed ; Vue packages/core/src/Splitter/SplitterResizeHandle.vue: component could not be analyzed ; Vue packages/core/src/Splitter/story/SplitterAction.story.vue: runtime component/directive resolution requires full validation ; Vue packages/core/src/Splitter/story/SplitterChromatic.story.vue: runtime component/directive resolution requires full validation ; Vue packages/core/src/Splitter/story/SplitterCollapsible.story.vue: runtime component/directive resolution requires full validation ; Vue packages/core/src/Splitter/story/SplitterConditional.story.vue: runtime component/directive resolution requires full validation ; Vue packages/core/src/Splitter/story/SplitterDemo.story.vue: runtime component/directive resolution requires full validation ; Vue packages/core/src/Splitter/story/SplitterDirection.story.vue: runtime component/directive resolution requires full validation ; Vue packages/core/src/Splitter/story/SplitterOverflow.story.vue: runtime component/directive resolution requires full validation ; Vue packages/core/src/Splitter/story/SplitterPersistence.story.vue: runtime component/directive resolution requires full validation ; Vue packages/core/src/Stepper/StepperDescription.vue: component could not be analyzed ; Vue packages/core/src/Stepper/StepperIndicator.vue: component could not be analyzed ; Vue packages/core/src/Stepper/StepperItem.vue: component could not be analyzed ; Vue packages/core/src/Stepper/StepperRoot.vue: component could not be analyzed ; Vue packages/core/src/Stepper/StepperSeparator.vue: component could not be analyzed ; Vue packages/core/src/Stepper/StepperTitle.vue: component could not be analyzed ; Vue packages/core/src/Stepper/StepperTrigger.vue: component could not be analyzed ; Vue packages/core/src/Stepper/story/StepperChromatic.story.vue: runtime component/directive resolution requires full validation ; Vue packages/core/src/Stepper/story/StepperDefault.story.vue: runtime component/directive resolution requires full validation ; Vue packages/core/src/Stepper/story/_DummyStepper.vue: component could not be analyzed ; Vue packages/core/src/Switch/Switch.story.vue: runtime component/directive resolution requires full validation ; Vue packages/core/src/Switch/SwitchRoot.vue: component could not be analyzed ; Vue packages/core/src/Switch/SwitchThumb.vue: component could not be analyzed ; Vue packages/core/src/Tabs/TabsContent.vue: component could not be analyzed ; Vue packages/core/src/Tabs/TabsIndicator.vue: component could not be analyzed ; Vue packages/core/src/Tabs/TabsList.vue: component could not be analyzed ; Vue packages/core/src/Tabs/TabsRoot.vue: component could not be analyzed ; Vue packages/core/src/Tabs/TabsTrigger.vue: component could not be analyzed ; Vue packages/core/src/Tabs/story/Tabs.story.vue: runtime component/directive resolution requires full validation ; Vue packages/core/src/Tabs/story/TabsVertical.story.vue: runtime component/directive resolution requires full validation ; Vue packages/core/src/TagsInput/TagsInputClear.vue: component could not be analyzed ; Vue packages/core/src/TagsInput/TagsInputInput.vue: component could not be analyzed ; Vue packages/core/src/TagsInput/TagsInputItem.vue: component could not be analyzed ; Vue packages/core/src/TagsInput/TagsInputItemDelete.vue: component could not be analyzed ; Vue packages/core/src/TagsInput/TagsInputItemText.vue: component could not be analyzed ; Vue packages/core/src/TagsInput/TagsInputRoot.vue: component could not be analyzed ; Vue packages/core/src/TagsInput/story/TagsInput.story.vue: runtime component/directive resolution requires full validation ; Vue packages/core/src/TagsInput/story/TagsInputCombobox.story.vue: runtime component/directive resolution requires full validation ; Vue packages/core/src/TagsInput/story/TagsInputObject.story.vue: runtime component/directive resolution requires full validation ; Vue packages/core/src/TagsInput/story/_TagsInputObject.vue: component could not be analyzed ; Vue packages/core/src/TimeField/TimeFieldInput.vue: component could not be analyzed ; Vue packages/core/src/TimeField/TimeFieldRoot.vue: component could not be analyzed ; Vue packages/core/src/TimeField/story/TimeFieldChromatic.story.vue: runtime component/directive resolution requires full validation ; Vue packages/core/src/TimeField/story/TimeFieldDefault.story.vue: runtime component/directive resolution requires full validation ; Vue packages/core/src/TimeField/story/TimeFieldGranular.story.vue: runtime component/directive resolution requires full validation ; Vue packages/core/src/TimeField/story/TimeFieldInvalid.story.vue: runtime component/directive resolution requires full validation ; Vue packages/core/src/TimeField/story/TimeFieldLocales.story.vue: runtime component/directive resolution requires full validation ; Vue packages/core/src/Toast/ToastAction.vue: component could not be analyzed ; Vue packages/core/src/Toast/ToastAnnounceExclude.vue: component could not be analyzed ; Vue packages/core/src/Toast/ToastClose.vue: component could not be analyzed ; Vue packages/core/src/Toast/ToastDescription.vue: component could not be analyzed ; Vue packages/core/src/Toast/ToastPortal.vue: component could not be analyzed ; Vue packages/core/src/Toast/ToastRoot.vue: component could not be analyzed ; Vue packages/core/src/Toast/ToastRootImpl.vue: component could not be analyzed ; Vue packages/core/src/Toast/ToastTitle.vue: component could not be analyzed ; Vue packages/core/src/Toast/ToastViewport.vue: component could not be analyzed ; Vue packages/core/src/Toast/story/ToastDemo.story.vue: runtime component/directive resolution requires full validation ; Vue packages/core/src/Toast/story/ToastDemoFromDialog.story.vue: runtime component/directive resolution requires full validation ; Vue packages/core/src/Toast/story/ToastDemoKeyChange.story.vue: runtime component/directive resolution requires full validation ; Vue packages/core/src/Toast/story/ToastMultiple.story.vue: runtime component/directive resolution requires full validation ; Vue packages/core/src/Toggle/Toggle.story.vue: runtime component/directive resolution requires full validation ; Vue packages/core/src/Toggle/Toggle.vue: component could not be analyzed ; Vue packages/core/src/ToggleGroup/ToggleGroupItem.vue: component could not be analyzed ; Vue packages/core/src/ToggleGroup/ToggleGroupRoot.vue: component could not be analyzed ; Vue packages/core/src/ToggleGroup/story/ToggleGroup.story.vue: runtime component/directive resolution requires full validation ; Vue packages/core/src/ToggleGroup/story/_ToggleGroup.vue: component could not be analyzed ; Vue packages/core/src/Toolbar/ToolbarButton.vue: component could not be analyzed ; Vue packages/core/src/Toolbar/ToolbarLink.vue: component could not be analyzed ; Vue packages/core/src/Toolbar/ToolbarRoot.vue: component could not be analyzed ; Vue packages/core/src/Toolbar/ToolbarSeparator.vue: component could not be analyzed ; Vue packages/core/src/Toolbar/ToolbarToggleGroup.vue: component could not be analyzed ; Vue packages/core/src/Toolbar/ToolbarToggleItem.vue: component could not be analyzed ; Vue packages/core/src/Toolbar/story/Toolbar.story.vue: runtime component/directive resolution requires full validation ; Vue packages/core/src/Tooltip/TooltipArrow.vue: component could not be analyzed ; Vue packages/core/src/Tooltip/TooltipContent.vue: component could not be analyzed ; Vue packages/core/src/Tooltip/TooltipContentHoverable.vue: component could not be analyzed ; Vue packages/core/src/Tooltip/TooltipContentImpl.vue: component could not be analyzed ; Vue packages/core/src/Tooltip/TooltipPortal.vue: component could not be analyzed ; Vue packages/core/src/Tooltip/TooltipTrigger.vue: component could not be analyzed ; Vue packages/core/src/Tooltip/stories/Tooltip.content.story.vue: runtime component/directive resolution requires full validation ; Vue packages/core/src/Tooltip/stories/Tooltip.story.vue: runtime component/directive resolution requires full validation ; Vue packages/core/src/Tree/TreeItem.vue: component could not be analyzed ; Vue packages/core/src/Tree/TreeRoot.vue: component could not be analyzed ; Vue packages/core/src/Tree/TreeVirtualizer.vue: runtime component/directive resolution requires full validation ; Vue packages/core/src/Tree/story/TreeAsync.story.vue: runtime component/directive resolution requires full validation ; Vue packages/core/src/Tree/story/TreeBasic.story.vue: runtime component/directive resolution requires full validation ; Vue packages/core/src/Tree/story/TreeCheckbox.story.vue: runtime component/directive resolution requires full validation ; Vue packages/core/src/Tree/story/TreeNested.story.vue: runtime component/directive resolution requires full validation ; Vue packages/core/src/Tree/story/TreeVirtual.story.vue: runtime component/directive resolution requires full validation ; Vue packages/core/src/Tree/story/_Tree.vue: component could not be analyzed ; Vue packages/core/src/Viewport/Viewport.vue: component could not be analyzed ; Vue packages/core/src/VisuallyHidden/VisuallyHidden.vue: component could not be analyzed ; Vue packages/core/src/VisuallyHidden/VisuallyHiddenInput.vue: component could not be analyzed ; Vue packages/core/src/shared/component/Arrow.vue: component could not be analyzed ; Vue packages/core/src/shared/component/BaseSeparator.vue: component could not be analyzed ; Vue playground/nuxt/app.vue: runtime component/directive resolution requires full validation ; Vue playground/vue3/src/App.vue: runtime component/directive resolution requires full validation ; Unresolved Vue dependencies require full validation ; Dependency graph confidence is UNSAFE; full validation required"
"reka-ui","3","97fd052aa95996dc57556d7161dbdcaa270075d8","7567e33b00524b44302bbb8a428703da911a32af","fix(TimeField): changing value to nullish not updating the placeholder (#1792)","FULL_POLICY_MEASURED","FULL","8837","98230","DETECTED","Nuxt implicit routes and auto-imports require a dedicated framework adapter ; Vue docs/.vitepress/components/ComponentLoader.vue: runtime component/directive resolution requires full validation ; Vue docs/.vitepress/components/DocOutlineItem.vue: runtime component/directive resolution requires full validation ; Vue docs/.vitepress/components/HeroCodeGroup.vue: runtime component/directive resolution requires full validation ; Vue docs/.vitepress/components/HomePage.vue: runtime component/directive resolution requires full validation ; Vue docs/components/Demos.vue: runtime component/directive resolution requires full validation ; Vue docs/components/demo/DialogToaster/tailwind/index.vue: runtime component/directive resolution requires full validation ; Vue docs/components/prose/ProseA.vue: runtime component/directive resolution requires full validation ; Vue docs/components/prose/ProseH1.vue: runtime component/directive resolution requires full validation ; Vue docs/components/prose/ProseH2.vue: runtime component/directive resolution requires full validation ; Vue docs/components/prose/ProseH3.vue: runtime component/directive resolution requires full validation ; Vue packages/core/src/Accordion/AccordionContent.vue: component could not be analyzed ; Vue packages/core/src/Accordion/AccordionHeader.vue: component could not be analyzed ; Vue packages/core/src/Accordion/AccordionItem.vue: component could not be analyzed ; Vue packages/core/src/Accordion/AccordionRoot.vue: component could not be analyzed ; Vue packages/core/src/Accordion/AccordionTrigger.vue: component could not be analyzed ; Vue packages/core/src/Accordion/story/AccordionAnimated.story.vue: runtime component/directive resolution requires full validation ; Vue packages/core/src/Accordion/story/AccordionChromatic.story.vue: runtime component/directive resolution requires full validation ; Vue packages/core/src/Accordion/story/AccordionHorizontal.story.vue: runtime component/directive resolution requires full validation ; Vue packages/core/src/Accordion/story/AccordionMultiple.story.vue: runtime component/directive resolution requires full validation ; Vue packages/core/src/Accordion/story/AccordionSingle.story.vue: runtime component/directive resolution requires full validation ; Vue packages/core/src/Accordion/story/AccordionViewport.story.vue: runtime component/directive resolution requires full validation ; Vue packages/core/src/Accordion/story/_Accordion.vue: component could not be analyzed ; Vue packages/core/src/AlertDialog/AlertDialogAction.vue: component could not be analyzed ; Vue packages/core/src/AlertDialog/AlertDialogCancel.vue: component could not be analyzed ; Vue packages/core/src/AlertDialog/AlertDialogContent.vue: component could not be analyzed ; Vue packages/core/src/AlertDialog/AlertDialogDescription.vue: component could not be analyzed ; Vue packages/core/src/AlertDialog/AlertDialogOverlay.vue: component could not be analyzed ; Vue packages/core/src/AlertDialog/AlertDialogPortal.vue: component could not be analyzed ; Vue packages/core/src/AlertDialog/AlertDialogRoot.vue: component could not be analyzed ; Vue packages/core/src/AlertDialog/AlertDialogTitle.vue: component could not be analyzed ; Vue packages/core/src/AlertDialog/AlertDialogTrigger.vue: component could not be analyzed ; Vue packages/core/src/AlertDialog/story/AlertDialog.story.vue: runtime component/directive resolution requires full validation ; Vue packages/core/src/AspectRatio/AspectRatio.vue: component could not be analyzed ; Vue packages/core/src/AspectRatio/story/AspectRatio.story.vue: runtime component/directive resolution requires full validation ; Vue packages/core/src/Avatar/AvatarFallback.vue: component could not be analyzed ; Vue packages/core/src/Avatar/AvatarImage.vue: component could not be analyzed ; Vue packages/core/src/Avatar/AvatarRoot.vue: component could not be analyzed ; Vue packages/core/src/Avatar/story/Avatar.story.vue: runtime component/directive resolution requires full validation ; Vue packages/core/src/Calendar/CalendarCell.vue: component could not be analyzed ; Vue packages/core/src/Calendar/CalendarCellTrigger.vue: component could not be analyzed ; Vue packages/core/src/Calendar/CalendarGrid.vue: component could not be analyzed ; Vue packages/core/src/Calendar/CalendarGridBody.vue: component could not be analyzed ; Vue packages/core/src/Calendar/CalendarGridHead.vue: component could not be analyzed ; Vue packages/core/src/Calendar/CalendarGridRow.vue: component could not be analyzed ; Vue packages/core/src/Calendar/CalendarHeadCell.vue: component could not be analyzed ; Vue packages/core/src/Calendar/CalendarHeader.vue: component could not be analyzed ; Vue packages/core/src/Calendar/CalendarHeading.vue: component could not be analyzed ; Vue packages/core/src/Calendar/CalendarNext.vue: component could not be analyzed ; Vue packages/core/src/Calendar/CalendarPrev.vue: component could not be analyzed ; Vue packages/core/src/Calendar/CalendarRoot.vue: component could not be analyzed ; Vue packages/core/src/Calendar/story/CalendarChromatic.story.vue: runtime component/directive resolution requires full validation ; Vue packages/core/src/Calendar/story/CalendarDefault.story.vue: runtime component/directive resolution requires full validation ; Vue packages/core/src/Calendar/story/CalendarDir.story.vue: runtime component/directive resolution requires full validation ; Vue packages/core/src/Calendar/story/CalendarFixedWeeksForLocales.story.vue: runtime component/directive resolution requires full validation ; Vue packages/core/src/Calendar/story/CalendarLocales.story.vue: runtime component/directive resolution requires full validation ; Vue packages/core/src/Calendar/story/CalendarMultiple.story.vue: runtime component/directive resolution requires full validation ; Vue packages/core/src/Calendar/story/CalendarPopover.story.vue: runtime component/directive resolution requires full validation ; Vue packages/core/src/Calendar/story/CalendarSelect.story.vue: runtime component/directive resolution requires full validation ; Vue packages/core/src/Calendar/story/CalendarValidation.story.vue: runtime component/directive resolution requires full validation ; Vue packages/core/src/Calendar/story/CalendarYearIncrement.story.vue: runtime component/directive resolution requires full validation ; Vue packages/core/src/Calendar/story/_DummyCalendar.vue: component could not be analyzed ; Vue packages/core/src/Checkbox/CheckboxGroupRoot.vue: component could not be analyzed ; Vue packages/core/src/Checkbox/CheckboxIndicator.vue: component could not be analyzed ; Vue packages/core/src/Checkbox/CheckboxRoot.vue: component could not be analyzed ; Vue packages/core/src/Checkbox/story/Checkbox.story.vue: runtime component/directive resolution requires full validation ; Vue packages/core/src/Checkbox/story/CheckboxGroup.story.vue: runtime component/directive resolution requires full validation ; Vue packages/core/src/Checkbox/story/_Checkbox.vue: component could not be analyzed ; Vue packages/core/src/Checkbox/story/_CheckboxGroup.vue: component could not be analyzed ; Vue packages/core/src/Collapsible/CollapsibleContent.vue: component could not be analyzed ; Vue packages/core/src/Collapsible/CollapsibleRoot.vue: component could not be analyzed ; Vue packages/core/src/Collapsible/CollapsibleTrigger.vue: component could not be analyzed ; Vue packages/core/src/Collapsible/story/Collapsible.story.vue: runtime component/directive resolution requires full validation ; Vue packages/core/src/Collapsible/story/_Collapsible.vue: component could not be analyzed ; Vue packages/core/src/Combobox/ComboboxAnchor.vue: component could not be analyzed ; Vue packages/core/src/Combobox/ComboboxArrow.vue: component could not be analyzed ; Vue packages/core/src/Combobox/ComboboxCancel.vue: component could not be analyzed ; Vue packages/core/src/Combobox/ComboboxContent.vue: component could not be analyzed ; Vue packages/core/src/Combobox/ComboboxContentImpl.vue: component could not be analyzed ; Vue packages/core/src/Combobox/ComboboxEmpty.vue: component could not be analyzed ; Vue packages/core/src/Combobox/ComboboxGroup.vue: component could not be analyzed ; Vue packages/core/src/Combobox/ComboboxInput.vue: component could not be analyzed ; Vue packages/core/src/Combobox/ComboboxItem.vue: component could not be analyzed ; Vue packages/core/src/Combobox/ComboboxItemIndicator.vue: component could not be analyzed ; Vue packages/core/src/Combobox/ComboboxLabel.vue: component could not be analyzed ; Vue packages/core/src/Combobox/ComboboxPortal.vue: component could not be analyzed ; Vue packages/core/src/Combobox/ComboboxRoot.vue: component could not be analyzed ; Vue packages/core/src/Combobox/ComboboxSeparator.vue: component could not be analyzed ; Vue packages/core/src/Combobox/ComboboxTrigger.vue: component could not be analyzed ; Vue packages/core/src/Combobox/ComboboxViewport.vue: component could not be analyzed ; Vue packages/core/src/Combobox/ComboboxVirtualizer.vue: component could not be analyzed ; Vue packages/core/src/Combobox/story/ComboboxAsync.story.vue: runtime component/directive resolution requires full validation ; Vue packages/core/src/Combobox/story/ComboboxBasic.story.vue: runtime component/directive resolution requires full validation ; Vue packages/core/src/Combobox/story/ComboboxCustom.story.vue: runtime component/directive resolution requires full validation ; Vue packages/core/src/Combobox/story/ComboboxMultiple.story.vue: runtime component/directive resolution requires full validation ; Vue packages/core/src/Combobox/story/ComboboxObject.story.vue: runtime component/directive resolution requires full validation ; Vue packages/core/src/Combobox/story/ComboboxReactive.story.vue: runtime component/directive resolution requires full validation ; Vue packages/core/src/Combobox/story/ComboboxScrolling.story.vue: runtime component/directive resolution requires full validation ; Vue packages/core/src/Combobox/story/ComboboxSelectMenu.story.vue: runtime component/directive resolution requires full validation ; Vue packages/core/src/Combobox/story/ComboboxVirtual.story.vue: runtime component/directive resolution requires full validation ; Vue packages/core/src/Combobox/story/_Combobox.vue: component could not be analyzed ; Vue packages/core/src/Combobox/story/_ComboboxManualFilter.vue: component could not be analyzed ; Vue packages/core/src/Combobox/story/_ComboboxObject.vue: component could not be analyzed ; Vue packages/core/src/ConfigProvider/_ConfigProvider.vue: component could not be analyzed ; Vue packages/core/src/ContextMenu/ContextMenuArrow.vue: component could not be analyzed ; Vue packages/core/src/ContextMenu/ContextMenuCheckboxItem.vue: component could not be analyzed ; Vue packages/core/src/ContextMenu/ContextMenuContent.vue: component could not be analyzed ; Vue packages/core/src/ContextMenu/ContextMenuGroup.vue: component could not be analyzed ; Vue packages/core/src/ContextMenu/ContextMenuItem.vue: component could not be analyzed ; Vue packages/core/src/ContextMenu/ContextMenuItemIndicator.vue: component could not be analyzed ; Vue packages/core/src/ContextMenu/ContextMenuLabel.vue: component could not be analyzed ; Vue packages/core/src/ContextMenu/ContextMenuPortal.vue: component could not be analyzed ; Vue packages/core/src/ContextMenu/ContextMenuRadioGroup.vue: component could not be analyzed ; Vue packages/core/src/ContextMenu/ContextMenuRadioItem.vue: component could not be analyzed ; Vue packages/core/src/ContextMenu/ContextMenuRoot.vue: component could not be analyzed ; Vue packages/core/src/ContextMenu/ContextMenuSeparator.vue: component could not be analyzed ; Vue packages/core/src/ContextMenu/ContextMenuSub.vue: component could not be analyzed ; Vue packages/core/src/ContextMenu/ContextMenuSubContent.vue: component could not be analyzed ; Vue packages/core/src/ContextMenu/ContextMenuSubTrigger.vue: component could not be analyzed ; Vue packages/core/src/ContextMenu/ContextMenuTrigger.vue: component could not be analyzed ; Vue packages/core/src/ContextMenu/story/ContextMenu.story.vue: runtime component/directive resolution requires full validation ; Vue packages/core/src/DateField/DateFieldInput.vue: component could not be analyzed ; Vue packages/core/src/DateField/DateFieldRoot.vue: component could not be analyzed ; Vue packages/core/src/DateField/story/DateFieldChromatic.story.vue: runtime component/directive resolution requires full validation ; Vue packages/core/src/DateField/story/DateFieldDefault.story.vue: runtime component/directive resolution requires full validation ; Vue packages/core/src/DateField/story/DateFieldGranular.story.vue: runtime component/directive resolution requires full validation ; Vue packages/core/src/DateField/story/DateFieldInvalid.story.vue: runtime component/directive resolution requires full validation ; Vue packages/core/src/DateField/story/DateFieldLocales.story.vue: runtime component/directive resolution requires full validation ; Vue packages/core/src/DatePicker/DatePickerAnchor.vue: component could not be analyzed ; Vue packages/core/src/DatePicker/DatePickerArrow.vue: component could not be analyzed ; Vue packages/core/src/DatePicker/DatePickerCell.vue: component could not be analyzed ; Vue packages/core/src/DatePicker/DatePickerCellTrigger.vue: component could not be analyzed ; Vue packages/core/src/DatePicker/DatePickerClose.vue: component could not be analyzed ; Vue packages/core/src/DatePicker/DatePickerContent.vue: component could not be analyzed ; Vue packages/core/src/DatePicker/DatePickerGrid.vue: component could not be analyzed ; Vue packages/core/src/DatePicker/DatePickerGridBody.vue: component could not be analyzed ; Vue packages/core/src/DatePicker/DatePickerGridHead.vue: component could not be analyzed ; Vue packages/core/src/DatePicker/DatePickerGridRow.vue: component could not be analyzed ; Vue packages/core/src/DatePicker/DatePickerHeadCell.vue: component could not be analyzed ; Vue packages/core/src/DatePicker/DatePickerHeader.vue: component could not be analyzed ; Vue packages/core/src/DatePicker/DatePickerHeading.vue: component could not be analyzed ; Vue packages/core/src/DatePicker/DatePickerInput.vue: component could not be analyzed ; Vue packages/core/src/DatePicker/DatePickerNext.vue: component could not be analyzed ; Vue packages/core/src/DatePicker/DatePickerPrev.vue: component could not be analyzed ; Vue packages/core/src/DatePicker/DatePickerRoot.vue: component could not be analyzed ; Vue packages/core/src/DatePicker/DatePickerTrigger.vue: component could not be analyzed ; Vue packages/core/src/DatePicker/story/DatePickerChromatic.story.vue: runtime component/directive resolution requires full validation ; Vue packages/core/src/DatePicker/story/DatePickerDefault.story.vue: runtime component/directive resolution requires full validation ; Vue packages/core/src/DatePicker/story/DatePickerGranular.story.vue: runtime component/directive resolution requires full validation ; Vue packages/core/src/DatePicker/story/DatePickerValidation.story.vue: runtime component/directive resolution requires full validation ; Vue packages/core/src/DatePicker/story/_DummyDatePicker.vue: component could not be analyzed ; Vue packages/core/src/DateRangeField/DateRangeFieldInput.vue: component could not be analyzed ; Vue packages/core/src/DateRangeField/DateRangeFieldRoot.vue: component could not be analyzed ; Vue packages/core/src/DateRangeField/story/DateRangeFieldChromatic.story.vue: runtime component/directive resolution requires full validation ; Vue packages/core/src/DateRangeField/story/DateRangeFieldDefault.story.vue: runtime component/directive resolution requires full validation ; Vue packages/core/src/DateRangeField/story/DateRangeFieldGranular.story.vue: runtime component/directive resolution requires full validation ; Vue packages/core/src/DateRangeField/story/DateRangeFieldValidation.story.vue: runtime component/directive resolution requires full validation ; Vue packages/core/src/DateRangeField/story/_DummyDateRangeField.vue: component could not be analyzed ; Vue packages/core/src/DateRangePicker/DateRangePickerAnchor.vue: component could not be analyzed ; Vue packages/core/src/DateRangePicker/DateRangePickerArrow.vue: component could not be analyzed ; Vue packages/core/src/DateRangePicker/DateRangePickerCell.vue: component could not be analyzed ; Vue packages/core/src/DateRangePicker/DateRangePickerCellTrigger.vue: component could not be analyzed ; Vue packages/core/src/DateRangePicker/DateRangePickerClose.vue: component could not be analyzed ; Vue packages/core/src/DateRangePicker/DateRangePickerContent.vue: component could not be analyzed ; Vue packages/core/src/DateRangePicker/DateRangePickerGrid.vue: component could not be analyzed ; Vue packages/core/src/DateRangePicker/DateRangePickerGridBody.vue: component could not be analyzed ; Vue packages/core/src/DateRangePicker/DateRangePickerGridHead.vue: component could not be analyzed ; Vue packages/core/src/DateRangePicker/DateRangePickerGridRow.vue: component could not be analyzed ; Vue packages/core/src/DateRangePicker/DateRangePickerHeadCell.vue: component could not be analyzed ; Vue packages/core/src/DateRangePicker/DateRangePickerHeader.vue: component could not be analyzed ; Vue packages/core/src/DateRangePicker/DateRangePickerHeading.vue: component could not be analyzed ; Vue packages/core/src/DateRangePicker/DateRangePickerInput.vue: component could not be analyzed ; Vue packages/core/src/DateRangePicker/DateRangePickerNext.vue: component could not be analyzed ; Vue packages/core/src/DateRangePicker/DateRangePickerPrev.vue: component could not be analyzed ; Vue packages/core/src/DateRangePicker/DateRangePickerRoot.vue: component could not be analyzed ; Vue packages/core/src/DateRangePicker/DateRangePickerTrigger.vue: component could not be analyzed ; Vue packages/core/src/DateRangePicker/story/DateRangePickerChromatic.story.vue: runtime component/directive resolution requires full validation ; Vue packages/core/src/DateRangePicker/story/DateRangePickerDefault.story.vue: runtime component/directive resolution requires full validation ; Vue packages/core/src/DateRangePicker/story/DateRangePickerGranular.story.vue: runtime component/directive resolution requires full validation ; Vue packages/core/src/DateRangePicker/story/DateRangePickerValidation.story.vue: runtime component/directive resolution requires full validation ; Vue packages/core/src/DateRangePicker/story/_DummyDateRangePicker.vue: component could not be analyzed ; Vue packages/core/src/Dialog/DialogClose.vue: component could not be analyzed ; Vue packages/core/src/Dialog/DialogContent.vue: component could not be analyzed ; Vue packages/core/src/Dialog/DialogContentImpl.vue: component could not be analyzed ; Vue packages/core/src/Dialog/DialogContentModal.vue: component could not be analyzed ; Vue packages/core/src/Dialog/DialogContentNonModal.vue: component could not be analyzed ; Vue packages/core/src/Dialog/DialogDescription.vue: component could not be analyzed ; Vue packages/core/src/Dialog/DialogOverlay.vue: component could not be analyzed ; Vue packages/core/src/Dialog/DialogOverlayImpl.vue: component could not be analyzed ; Vue packages/core/src/Dialog/DialogPortal.vue: component could not be analyzed ; Vue packages/core/src/Dialog/DialogTitle.vue: component could not be analyzed ; Vue packages/core/src/Dialog/DialogTrigger.vue: component could not be analyzed ; Vue packages/core/src/Dialog/story/Dialog.story.vue: runtime component/directive resolution requires full validation ; Vue packages/core/src/Dialog/story/DialogExternalTrigger.story.vue: runtime component/directive resolution requires full validation ; Vue packages/core/src/Dialog/story/DialogProgrammatic.story.vue: runtime component/directive resolution requires full validation ; Vue packages/core/src/Dialog/story/DialogWithDropdown.story.vue: runtime component/directive resolution requires full validation ; Vue packages/core/src/DismissableLayer/DismissableLayer.vue: component could not be analyzed ; Vue packages/core/src/DismissableLayer/DismissableLayerBranch.vue: component could not be analyzed ; Vue packages/core/src/DismissableLayer/story/DismissableLayerBasic.story.vue: runtime component/directive resolution requires full validation ; Vue packages/core/src/DismissableLayer/story/DismissableLayerDialog.story.vue: runtime component/directive resolution requires full validation ; Vue packages/core/src/DismissableLayer/story/DismissableLayerPopoverNested.story.vue: runtime component/directive resolution requires full validation ; Vue packages/core/src/DismissableLayer/story/_DismissableLayer.vue: component could not be analyzed ; Vue packages/core/src/DropdownMenu/DropdownMenuArrow.vue: component could not be analyzed ; Vue packages/core/src/DropdownMenu/DropdownMenuCheckboxItem.vue: component could not be analyzed ; Vue packages/core/src/DropdownMenu/DropdownMenuContent.vue: component could not be analyzed ; Vue packages/core/src/DropdownMenu/DropdownMenuGroup.vue: component could not be analyzed ; Vue packages/core/src/DropdownMenu/DropdownMenuItem.vue: component could not be analyzed ; Vue packages/core/src/DropdownMenu/DropdownMenuItemIndicator.vue: component could not be analyzed ; Vue packages/core/src/DropdownMenu/DropdownMenuLabel.vue: component could not be analyzed ; Vue packages/core/src/DropdownMenu/DropdownMenuPortal.vue: component could not be analyzed ; Vue packages/core/src/DropdownMenu/DropdownMenuRadioGroup.vue: component could not be analyzed ; Vue packages/core/src/DropdownMenu/DropdownMenuRadioItem.vue: component could not be analyzed ; Vue packages/core/src/DropdownMenu/DropdownMenuRoot.vue: component could not be analyzed ; Vue packages/core/src/DropdownMenu/DropdownMenuSeparator.vue: component could not be analyzed ; Vue packages/core/src/DropdownMenu/DropdownMenuSub.vue: component could not be analyzed ; Vue packages/core/src/DropdownMenu/DropdownMenuSubContent.vue: component could not be analyzed ; Vue packages/core/src/DropdownMenu/DropdownMenuSubTrigger.vue: component could not be analyzed ; Vue packages/core/src/DropdownMenu/DropdownMenuTrigger.vue: component could not be analyzed ; Vue packages/core/src/DropdownMenu/story/DropdownMenu.story.vue: runtime component/directive resolution requires full validation ; Vue packages/core/src/DropdownMenu/story/_DropdownMenu.vue: component could not be analyzed ; Vue packages/core/src/Editable/EditableArea.vue: component could not be analyzed ; Vue packages/core/src/Editable/EditableCancelTrigger.vue: component could not be analyzed ; Vue packages/core/src/Editable/EditableEditTrigger.vue: component could not be analyzed ; Vue packages/core/src/Editable/EditableInput.vue: component could not be analyzed ; Vue packages/core/src/Editable/EditablePreview.vue: component could not be analyzed ; Vue packages/core/src/Editable/EditableRoot.vue: component could not be analyzed ; Vue packages/core/src/Editable/EditableSubmitTrigger.vue: component could not be analyzed ; Vue packages/core/src/Editable/story/EditableChromatic.story.vue: runtime component/directive resolution requires full validation ; Vue packages/core/src/Editable/story/EditableDefault.story.vue: runtime component/directive resolution requires full validation ; Vue packages/core/src/Editable/story/_DummyEditable.vue: component could not be analyzed ; Vue packages/core/src/FocusScope/FocusScope.vue: component could not be analyzed ; Vue packages/core/src/FocusScope/story/FocusScopeMultiple.story.vue: runtime component/directive resolution requires full validation ; Vue packages/core/src/HoverCard/HoverCardArrow.vue: component could not be analyzed ; Vue packages/core/src/HoverCard/HoverCardContent.vue: component could not be analyzed ; Vue packages/core/src/HoverCard/HoverCardContentImpl.vue: component could not be analyzed ; Vue packages/core/src/HoverCard/HoverCardPortal.vue: component could not be analyzed ; Vue packages/core/src/HoverCard/HoverCardTrigger.vue: component could not be analyzed ; Vue packages/core/src/HoverCard/story/HoverCard.story.vue: runtime component/directive resolution requires full validation ; Vue packages/core/src/HoverCard/story/HoverMultiCard.story.vue: runtime component/directive resolution requires full validation ; Vue packages/core/src/Label/Label.story.vue: runtime component/directive resolution requires full validation ; Vue packages/core/src/Label/Label.vue: component could not be analyzed ; Vue packages/core/src/Listbox/ListboxContent.vue: component could not be analyzed ; Vue packages/core/src/Listbox/ListboxFilter.vue: component could not be analyzed ; Vue packages/core/src/Listbox/ListboxGroup.vue: component could not be analyzed ; Vue packages/core/src/Listbox/ListboxGroupLabel.vue: component could not be analyzed ; Vue packages/core/src/Listbox/ListboxItem.vue: component could not be analyzed ; Vue packages/core/src/Listbox/ListboxItemIndicator.vue: component could not be analyzed ; Vue packages/core/src/Listbox/ListboxRoot.vue: component could not be analyzed ; Vue packages/core/src/Listbox/ListboxVirtualizer.vue: runtime component/directive resolution requires full validation ; Vue packages/core/src/Listbox/story/ListboxChromatic.story.vue: runtime component/directive resolution requires full validation ; Vue packages/core/src/Listbox/story/ListboxDemo.story.vue: runtime component/directive resolution requires full validation ; Vue packages/core/src/Listbox/story/ListboxFilter.story.vue: runtime component/directive resolution requires full validation ; Vue packages/core/src/Listbox/story/ListboxVirtual.story.vue: runtime component/directive resolution requires full validation ; Vue packages/core/src/Listbox/story/_Listbox.vue: component could not be analyzed ; Vue packages/core/src/Menu/MenuAnchor.vue: component could not be analyzed ; Vue packages/core/src/Menu/MenuArrow.vue: component could not be analyzed ; Vue packages/core/src/Menu/MenuCheckboxItem.vue: component could not be analyzed ; Vue packages/core/src/Menu/MenuContent.vue: component could not be analyzed ; Vue packages/core/src/Menu/MenuContentImpl.vue: component could not be analyzed ; Vue packages/core/src/Menu/MenuGroup.vue: component could not be analyzed ; Vue packages/core/src/Menu/MenuItem.vue: component could not be analyzed ; Vue packages/core/src/Menu/MenuItemImpl.vue: component could not be analyzed ; Vue packages/core/src/Menu/MenuItemIndicator.vue: component could not be analyzed ; Vue packages/core/src/Menu/MenuLabel.vue: component could not be analyzed ; Vue packages/core/src/Menu/MenuPortal.vue: component could not be analyzed ; Vue packages/core/src/Menu/MenuRadioGroup.vue: component could not be analyzed ; Vue packages/core/src/Menu/MenuRadioItem.vue: component could not be analyzed ; Vue packages/core/src/Menu/MenuRootContentModal.vue: component could not be analyzed ; Vue packages/core/src/Menu/MenuRootContentNonModal.vue: component could not be analyzed ; Vue packages/core/src/Menu/MenuSeparator.vue: component could not be analyzed ; Vue packages/core/src/Menu/MenuSubContent.vue: component could not be analyzed ; Vue packages/core/src/Menu/MenuSubTrigger.vue: component could not be analyzed ; Vue packages/core/src/Menu/story/MenuCheckboxItems.story.vue: runtime component/directive resolution requires full validation ; Vue packages/core/src/Menu/story/MenuRadioItems.story.vue: runtime component/directive resolution requires full validation ; Vue packages/core/src/Menu/story/MenuStyled.story.vue: runtime component/directive resolution requires full validation ; Vue packages/core/src/Menu/story/MenuSubMenu.story.vue: runtime component/directive resolution requires full validation ; Vue packages/core/src/Menu/story/MenuWithLabels.story.vue: runtime component/directive resolution requires full validation ; Vue packages/core/src/Menu/story/_Menu.vue: component could not be analyzed ; Vue packages/core/src/Menu/story/_MenuWithAnchor.vue: component could not be analyzed ; Vue packages/core/src/Menubar/MenubarArrow.vue: component could not be analyzed ; Vue packages/core/src/Menubar/MenubarCheckboxItem.vue: component could not be analyzed ; Vue packages/core/src/Menubar/MenubarContent.vue: component could not be analyzed ; Vue packages/core/src/Menubar/MenubarGroup.vue: component could not be analyzed ; Vue packages/core/src/Menubar/MenubarItem.vue: component could not be analyzed ; Vue packages/core/src/Menubar/MenubarItemIndicator.vue: component could not be analyzed ; Vue packages/core/src/Menubar/MenubarLabel.vue: component could not be analyzed ; Vue packages/core/src/Menubar/MenubarPortal.vue: component could not be analyzed ; Vue packages/core/src/Menubar/MenubarRadioGroup.vue: component could not be analyzed ; Vue packages/core/src/Menubar/MenubarRadioItem.vue: component could not be analyzed ; Vue packages/core/src/Menubar/MenubarSeparator.vue: component could not be analyzed ; Vue packages/core/src/Menubar/MenubarSub.vue: component could not be analyzed ; Vue packages/core/src/Menubar/MenubarSubContent.vue: component could not be analyzed ; Vue packages/core/src/Menubar/MenubarSubTrigger.vue: component could not be analyzed ; Vue packages/core/src/Menubar/MenubarTrigger.vue: component could not be analyzed ; Vue packages/core/src/Menubar/story/Menubar.story.vue: runtime component/directive resolution requires full validation ; Vue packages/core/src/Menubar/story/_Menubar.vue: component could not be analyzed ; Vue packages/core/src/NavigationMenu/NavigationMenuContent.vue: component could not be analyzed ; Vue packages/core/src/NavigationMenu/NavigationMenuContentImpl.vue: component could not be analyzed ; Vue packages/core/src/NavigationMenu/NavigationMenuIndicator.vue: component could not be analyzed ; Vue packages/core/src/NavigationMenu/NavigationMenuItem.vue: component could not be analyzed ; Vue packages/core/src/NavigationMenu/NavigationMenuLink.vue: component could not be analyzed ; Vue packages/core/src/NavigationMenu/NavigationMenuList.vue: component could not be analyzed ; Vue packages/core/src/NavigationMenu/NavigationMenuRoot.vue: component could not be analyzed ; Vue packages/core/src/NavigationMenu/NavigationMenuSub.vue: component could not be analyzed ; Vue packages/core/src/NavigationMenu/NavigationMenuTrigger.vue: component could not be analyzed ; Vue packages/core/src/NavigationMenu/NavigationMenuViewport.vue: component could not be analyzed ; Vue packages/core/src/NavigationMenu/story/NavigationMenuAlignment.story.vue: runtime component/directive resolution requires full validation ; Vue packages/core/src/NavigationMenu/story/NavigationMenuBasic.story.vue: runtime component/directive resolution requires full validation ; Vue packages/core/src/NavigationMenu/story/NavigationMenuChromatic.story.vue: runtime component/directive resolution requires full validation ; Vue packages/core/src/NavigationMenu/story/NavigationMenuDemo.story.vue: runtime component/directive resolution requires full validation ; Vue packages/core/src/NavigationMenu/story/NavigationMenuSubmenus.story.vue: runtime component/directive resolution requires full validation ; Vue packages/core/src/NavigationMenu/story/NavigationMenuViewport.story.vue: runtime component/directive resolution requires full validation ; Vue packages/core/src/NumberField/NumberFieldDecrement.vue: component could not be analyzed ; Vue packages/core/src/NumberField/NumberFieldIncrement.vue: component could not be analyzed ; Vue packages/core/src/NumberField/NumberFieldInput.vue: component could not be analyzed ; Vue packages/core/src/NumberField/NumberFieldRoot.vue: component could not be analyzed ; Vue packages/core/src/NumberField/story/NumberField.story.vue: runtime component/directive resolution requires full validation ; Vue packages/core/src/NumberField/story/NumberFieldChromatic.story.vue: runtime component/directive resolution requires full validation ; Vue packages/core/src/NumberField/story/_NumberField.vue: component could not be analyzed ; Vue packages/core/src/Pagination/PaginationEllipsis.vue: component could not be analyzed ; Vue packages/core/src/Pagination/PaginationFirst.vue: component could not be analyzed ; Vue packages/core/src/Pagination/PaginationLast.vue: component could not be analyzed ; Vue packages/core/src/Pagination/PaginationList.vue: component could not be analyzed ; Vue packages/core/src/Pagination/PaginationListItem.vue: component could not be analyzed ; Vue packages/core/src/Pagination/PaginationNext.vue: component could not be analyzed ; Vue packages/core/src/Pagination/PaginationPrev.vue: component could not be analyzed ; Vue packages/core/src/Pagination/PaginationRoot.vue: component could not be analyzed ; Vue packages/core/src/Pagination/story/PaginationDefault.story.vue: runtime component/directive resolution requires full validation ; Vue packages/core/src/PinInput/PinInputInput.vue: component could not be analyzed ; Vue packages/core/src/PinInput/PinInputRoot.vue: component could not be analyzed ; Vue packages/core/src/PinInput/story/PinInput.story.vue: runtime component/directive resolution requires full validation ; Vue packages/core/src/PinInput/story/PinInputNumeric.story.vue: runtime component/directive resolution requires full validation ; Vue packages/core/src/PinInput/story/_PinInput.vue: component could not be analyzed ; Vue packages/core/src/Popover/PopoverAnchor.vue: component could not be analyzed ; Vue packages/core/src/Popover/PopoverArrow.vue: component could not be analyzed ; Vue packages/core/src/Popover/PopoverClose.vue: component could not be analyzed ; Vue packages/core/src/Popover/PopoverContent.vue: component could not be analyzed ; Vue packages/core/src/Popover/PopoverContentImpl.vue: component could not be analyzed ; Vue packages/core/src/Popover/PopoverContentModal.vue: component could not be analyzed ; Vue packages/core/src/Popover/PopoverContentNonModal.vue: component could not be analyzed ; Vue packages/core/src/Popover/PopoverPortal.vue: component could not be analyzed ; Vue packages/core/src/Popover/PopoverTrigger.vue: component could not be analyzed ; Vue packages/core/src/Popover/story/PopoverBodyLock.story.vue: runtime component/directive resolution requires full validation ; Vue packages/core/src/Popover/story/PopoverBoundary.story.vue: runtime component/directive resolution requires full validation ; Vue packages/core/src/Popover/story/PopoverCustomAnchor.story.vue: runtime component/directive resolution requires full validation ; Vue packages/core/src/Popover/story/PopoverCustomArrow.story.vue: runtime component/directive resolution requires full validation ; Vue packages/core/src/Popover/story/PopoverDemo.story.vue: runtime component/directive resolution requires full validation ; Vue packages/core/src/Popover/story/PopoverForceMount.story.vue: runtime component/directive resolution requires full validation ; Vue packages/core/src/Popover/story/PopoverModality.story.vue: runtime component/directive resolution requires full validation ; Vue packages/core/src/Popover/story/PopoverNested.story.vue: runtime component/directive resolution requires full validation ; Vue packages/core/src/Popper/PopperAnchor.vue: component could not be analyzed ; Vue packages/core/src/Popper/PopperArrow.vue: component could not be analyzed ; Vue packages/core/src/Popper/PopperContent.vue: component could not be analyzed ; Vue packages/core/src/Presence/story/PresenceAnimation.story.vue: runtime component/directive resolution requires full validation ; Vue packages/core/src/Presence/story/PresenceBasic.story.vue: runtime component/directive resolution requires full validation ; Vue packages/core/src/Presence/story/PresenceTransition.story.vue: runtime component/directive resolution requires full validation ; Vue packages/core/src/Progress/ProgressIndicator.vue: component could not be analyzed ; Vue packages/core/src/Progress/ProgressRoot.vue: component could not be analyzed ; Vue packages/core/src/Progress/story/Progress.story.vue: runtime component/directive resolution requires full validation ; Vue packages/core/src/RadioGroup/Radio.vue: component could not be analyzed ; Vue packages/core/src/RadioGroup/RadioGroupIndicator.vue: component could not be analyzed ; Vue packages/core/src/RadioGroup/RadioGroupItem.vue: component could not be analyzed ; Vue packages/core/src/RadioGroup/RadioGroupRoot.vue: component could not be analyzed ; Vue packages/core/src/RadioGroup/story/RadioGroup.story.vue: runtime component/directive resolution requires full validation ; Vue packages/core/src/RangeCalendar/RangeCalendarCell.vue: component could not be analyzed ; Vue packages/core/src/RangeCalendar/RangeCalendarCellTrigger.vue: component could not be analyzed ; Vue packages/core/src/RangeCalendar/RangeCalendarGrid.vue: component could not be analyzed ; Vue packages/core/src/RangeCalendar/RangeCalendarGridBody.vue: component could not be analyzed ; Vue packages/core/src/RangeCalendar/RangeCalendarGridHead.vue: component could not be analyzed ; Vue packages/core/src/RangeCalendar/RangeCalendarGridRow.vue: component could not be analyzed ; Vue packages/core/src/RangeCalendar/RangeCalendarHeadCell.vue: component could not be analyzed ; Vue packages/core/src/RangeCalendar/RangeCalendarHeader.vue: component could not be analyzed ; Vue packages/core/src/RangeCalendar/RangeCalendarHeading.vue: component could not be analyzed ; Vue packages/core/src/RangeCalendar/RangeCalendarNext.vue: component could not be analyzed ; Vue packages/core/src/RangeCalendar/RangeCalendarPrev.vue: component could not be analyzed ; Vue packages/core/src/RangeCalendar/RangeCalendarRoot.vue: component could not be analyzed ; Vue packages/core/src/RangeCalendar/story/RangeCalendarChromatic.story.vue: runtime component/directive resolution requires full validation ; Vue packages/core/src/RangeCalendar/story/RangeCalendarDefault.story.vue: runtime component/directive resolution requires full validation ; Vue packages/core/src/RangeCalendar/story/RangeCalendarMultiple.story.vue: runtime component/directive resolution requires full validation ; Vue packages/core/src/RangeCalendar/story/RangeCalendarPopover.story.vue: runtime component/directive resolution requires full validation ; Vue packages/core/src/RangeCalendar/story/RangeCalendarValidation.story.vue: runtime component/directive resolution requires full validation ; Vue packages/core/src/RangeCalendar/story/_DummyRangeCalendar.vue: component could not be analyzed ; Vue packages/core/src/RovingFocus/RovingFocusGroup.vue: component could not be analyzed ; Vue packages/core/src/RovingFocus/RovingFocusItem.vue: component could not be analyzed ; Vue packages/core/src/RovingFocus/story/RovingFocusBasic.story.vue: runtime component/directive resolution requires full validation ; Vue packages/core/src/RovingFocus/story/_Button.vue: component could not be analyzed ; Vue packages/core/src/RovingFocus/story/_ButtonGroup.vue: component could not be analyzed ; Vue packages/core/src/ScrollArea/ScrollAreaCorner.vue: component could not be analyzed ; Vue packages/core/src/ScrollArea/ScrollAreaRoot.vue: component could not be analyzed ; Vue packages/core/src/ScrollArea/ScrollAreaScrollbar.vue: component could not be analyzed ; Vue packages/core/src/ScrollArea/ScrollAreaScrollbarHover.vue: component could not be analyzed ; Vue packages/core/src/ScrollArea/ScrollAreaThumb.vue: component could not be analyzed ; Vue packages/core/src/ScrollArea/ScrollAreaViewport.vue: component could not be analyzed ; Vue packages/core/src/ScrollArea/story/ScrollAreaBasic.story.vue: runtime component/directive resolution requires full validation ; Vue packages/core/src/ScrollArea/story/ScrollAreaChromatic.story.vue: runtime component/directive resolution requires full validation ; Vue packages/core/src/ScrollArea/story/ScrollAreaChromaticBoth.story.vue: runtime component/directive resolution requires full validation ; Vue packages/core/src/ScrollArea/story/ScrollAreaChromaticHorizontal.story.vue: runtime component/directive resolution requires full validation ; Vue packages/core/src/ScrollArea/story/ScrollAreaChromaticVertical.story.vue: runtime component/directive resolution requires full validation ; Vue packages/core/src/ScrollArea/story/_ScrollArea.vue: component could not be analyzed ; Vue packages/core/src/ScrollArea/story/_ScrollAreaStory.vue: component could not be analyzed ; Vue packages/core/src/Select/SelectArrow.vue: component could not be analyzed ; Vue packages/core/src/Select/SelectContent.vue: component could not be analyzed ; Vue packages/core/src/Select/SelectContentImpl.vue: component could not be analyzed ; Vue packages/core/src/Select/SelectGroup.vue: component could not be analyzed ; Vue packages/core/src/Select/SelectIcon.vue: component could not be analyzed ; Vue packages/core/src/Select/SelectItem.vue: component could not be analyzed ; Vue packages/core/src/Select/SelectItemAlignedPosition.vue: component could not be analyzed ; Vue packages/core/src/Select/SelectItemIndicator.vue: component could not be analyzed ; Vue packages/core/src/Select/SelectItemText.vue: component could not be analyzed ; Vue packages/core/src/Select/SelectLabel.vue: component could not be analyzed ; Vue packages/core/src/Select/SelectPopperPosition.vue: component could not be analyzed ; Vue packages/core/src/Select/SelectPortal.vue: component could not be analyzed ; Vue packages/core/src/Select/SelectRoot.vue: component could not be analyzed ; Vue packages/core/src/Select/SelectScrollDownButton.vue: component could not be analyzed ; Vue packages/core/src/Select/SelectScrollUpButton.vue: component could not be analyzed ; Vue packages/core/src/Select/SelectSeparator.vue: component could not be analyzed ; Vue packages/core/src/Select/SelectTrigger.vue: component could not be analyzed ; Vue packages/core/src/Select/SelectValue.vue: component could not be analyzed ; Vue packages/core/src/Select/SelectViewport.vue: component could not be analyzed ; Vue packages/core/src/Select/story/SelectDemo.story.vue: runtime component/directive resolution requires full validation ; Vue packages/core/src/Select/story/SelectForm.story.vue: runtime component/directive resolution requires full validation ; Vue packages/core/src/Select/story/SelectWithinDialog.story.vue: runtime component/directive resolution requires full validation ; Vue packages/core/src/Select/story/_SelectTest.vue: component could not be analyzed ; Vue packages/core/src/Separator/Separator.story.vue: runtime component/directive resolution requires full validation ; Vue packages/core/src/Separator/Separator.vue: component could not be analyzed ; Vue packages/core/src/Slider/SliderHorizontal.vue: component could not be analyzed ; Vue packages/core/src/Slider/SliderImpl.vue: component could not be analyzed ; Vue packages/core/src/Slider/SliderRange.vue: component could not be analyzed ; Vue packages/core/src/Slider/SliderRoot.vue: component could not be analyzed ; Vue packages/core/src/Slider/SliderThumb.vue: component could not be analyzed ; Vue packages/core/src/Slider/SliderThumbImpl.vue: component could not be analyzed ; Vue packages/core/src/Slider/SliderTrack.vue: component could not be analyzed ; Vue packages/core/src/Slider/SliderVertical.vue: component could not be analyzed ; Vue packages/core/src/Slider/story/SliderChromatic.story.vue: runtime component/directive resolution requires full validation ; Vue packages/core/src/Slider/story/SliderDemo.story.vue: runtime component/directive resolution requires full validation ; Vue packages/core/src/Slider/story/SliderExtremes.story.vue: runtime component/directive resolution requires full validation ; Vue packages/core/src/Slider/story/_Slider.vue: component could not be analyzed ; Vue packages/core/src/Splitter/SplitterGroup.vue: component could not be analyzed ; Vue packages/core/src/Splitter/SplitterPanel.vue: component could not be analyzed ; Vue packages/core/src/Splitter/SplitterResizeHandle.vue: component could not be analyzed ; Vue packages/core/src/Splitter/story/SplitterAction.story.vue: runtime component/directive resolution requires full validation ; Vue packages/core/src/Splitter/story/SplitterChromatic.story.vue: runtime component/directive resolution requires full validation ; Vue packages/core/src/Splitter/story/SplitterCollapsible.story.vue: runtime component/directive resolution requires full validation ; Vue packages/core/src/Splitter/story/SplitterConditional.story.vue: runtime component/directive resolution requires full validation ; Vue packages/core/src/Splitter/story/SplitterDemo.story.vue: runtime component/directive resolution requires full validation ; Vue packages/core/src/Splitter/story/SplitterDirection.story.vue: runtime component/directive resolution requires full validation ; Vue packages/core/src/Splitter/story/SplitterOverflow.story.vue: runtime component/directive resolution requires full validation ; Vue packages/core/src/Splitter/story/SplitterPersistence.story.vue: runtime component/directive resolution requires full validation ; Vue packages/core/src/Stepper/StepperDescription.vue: component could not be analyzed ; Vue packages/core/src/Stepper/StepperIndicator.vue: component could not be analyzed ; Vue packages/core/src/Stepper/StepperItem.vue: component could not be analyzed ; Vue packages/core/src/Stepper/StepperRoot.vue: component could not be analyzed ; Vue packages/core/src/Stepper/StepperSeparator.vue: component could not be analyzed ; Vue packages/core/src/Stepper/StepperTitle.vue: component could not be analyzed ; Vue packages/core/src/Stepper/StepperTrigger.vue: component could not be analyzed ; Vue packages/core/src/Stepper/story/StepperChromatic.story.vue: runtime component/directive resolution requires full validation ; Vue packages/core/src/Stepper/story/StepperDefault.story.vue: runtime component/directive resolution requires full validation ; Vue packages/core/src/Stepper/story/_DummyStepper.vue: component could not be analyzed ; Vue packages/core/src/Switch/Switch.story.vue: runtime component/directive resolution requires full validation ; Vue packages/core/src/Switch/SwitchRoot.vue: component could not be analyzed ; Vue packages/core/src/Switch/SwitchThumb.vue: component could not be analyzed ; Vue packages/core/src/Tabs/TabsContent.vue: component could not be analyzed ; Vue packages/core/src/Tabs/TabsIndicator.vue: component could not be analyzed ; Vue packages/core/src/Tabs/TabsList.vue: component could not be analyzed ; Vue packages/core/src/Tabs/TabsRoot.vue: component could not be analyzed ; Vue packages/core/src/Tabs/TabsTrigger.vue: component could not be analyzed ; Vue packages/core/src/Tabs/story/Tabs.story.vue: runtime component/directive resolution requires full validation ; Vue packages/core/src/Tabs/story/TabsVertical.story.vue: runtime component/directive resolution requires full validation ; Vue packages/core/src/TagsInput/TagsInputClear.vue: component could not be analyzed ; Vue packages/core/src/TagsInput/TagsInputInput.vue: component could not be analyzed ; Vue packages/core/src/TagsInput/TagsInputItem.vue: component could not be analyzed ; Vue packages/core/src/TagsInput/TagsInputItemDelete.vue: component could not be analyzed ; Vue packages/core/src/TagsInput/TagsInputItemText.vue: component could not be analyzed ; Vue packages/core/src/TagsInput/TagsInputRoot.vue: component could not be analyzed ; Vue packages/core/src/TagsInput/story/TagsInput.story.vue: runtime component/directive resolution requires full validation ; Vue packages/core/src/TagsInput/story/TagsInputCombobox.story.vue: runtime component/directive resolution requires full validation ; Vue packages/core/src/TagsInput/story/TagsInputObject.story.vue: runtime component/directive resolution requires full validation ; Vue packages/core/src/TagsInput/story/_TagsInputObject.vue: component could not be analyzed ; Vue packages/core/src/TimeField/TimeFieldInput.vue: component could not be analyzed ; Vue packages/core/src/TimeField/TimeFieldRoot.vue: component could not be analyzed ; Vue packages/core/src/TimeField/story/TimeFieldChromatic.story.vue: runtime component/directive resolution requires full validation ; Vue packages/core/src/TimeField/story/TimeFieldDefault.story.vue: runtime component/directive resolution requires full validation ; Vue packages/core/src/TimeField/story/TimeFieldGranular.story.vue: runtime component/directive resolution requires full validation ; Vue packages/core/src/TimeField/story/TimeFieldInvalid.story.vue: runtime component/directive resolution requires full validation ; Vue packages/core/src/TimeField/story/TimeFieldLocales.story.vue: runtime component/directive resolution requires full validation ; Vue packages/core/src/Toast/ToastAction.vue: component could not be analyzed ; Vue packages/core/src/Toast/ToastAnnounceExclude.vue: component could not be analyzed ; Vue packages/core/src/Toast/ToastClose.vue: component could not be analyzed ; Vue packages/core/src/Toast/ToastDescription.vue: component could not be analyzed ; Vue packages/core/src/Toast/ToastPortal.vue: component could not be analyzed ; Vue packages/core/src/Toast/ToastRoot.vue: component could not be analyzed ; Vue packages/core/src/Toast/ToastRootImpl.vue: component could not be analyzed ; Vue packages/core/src/Toast/ToastTitle.vue: component could not be analyzed ; Vue packages/core/src/Toast/ToastViewport.vue: component could not be analyzed ; Vue packages/core/src/Toast/story/ToastDemo.story.vue: runtime component/directive resolution requires full validation ; Vue packages/core/src/Toast/story/ToastDemoFromDialog.story.vue: runtime component/directive resolution requires full validation ; Vue packages/core/src/Toast/story/ToastDemoKeyChange.story.vue: runtime component/directive resolution requires full validation ; Vue packages/core/src/Toast/story/ToastMultiple.story.vue: runtime component/directive resolution requires full validation ; Vue packages/core/src/Toggle/Toggle.story.vue: runtime component/directive resolution requires full validation ; Vue packages/core/src/Toggle/Toggle.vue: component could not be analyzed ; Vue packages/core/src/ToggleGroup/ToggleGroupItem.vue: component could not be analyzed ; Vue packages/core/src/ToggleGroup/ToggleGroupRoot.vue: component could not be analyzed ; Vue packages/core/src/ToggleGroup/story/ToggleGroup.story.vue: runtime component/directive resolution requires full validation ; Vue packages/core/src/ToggleGroup/story/_ToggleGroup.vue: component could not be analyzed ; Vue packages/core/src/Toolbar/ToolbarButton.vue: component could not be analyzed ; Vue packages/core/src/Toolbar/ToolbarLink.vue: component could not be analyzed ; Vue packages/core/src/Toolbar/ToolbarRoot.vue: component could not be analyzed ; Vue packages/core/src/Toolbar/ToolbarSeparator.vue: component could not be analyzed ; Vue packages/core/src/Toolbar/ToolbarToggleGroup.vue: component could not be analyzed ; Vue packages/core/src/Toolbar/ToolbarToggleItem.vue: component could not be analyzed ; Vue packages/core/src/Toolbar/story/Toolbar.story.vue: runtime component/directive resolution requires full validation ; Vue packages/core/src/Tooltip/TooltipArrow.vue: component could not be analyzed ; Vue packages/core/src/Tooltip/TooltipContent.vue: component could not be analyzed ; Vue packages/core/src/Tooltip/TooltipContentHoverable.vue: component could not be analyzed ; Vue packages/core/src/Tooltip/TooltipContentImpl.vue: component could not be analyzed ; Vue packages/core/src/Tooltip/TooltipPortal.vue: component could not be analyzed ; Vue packages/core/src/Tooltip/TooltipTrigger.vue: component could not be analyzed ; Vue packages/core/src/Tooltip/stories/Tooltip.content.story.vue: runtime component/directive resolution requires full validation ; Vue packages/core/src/Tooltip/stories/Tooltip.story.vue: runtime component/directive resolution requires full validation ; Vue packages/core/src/Tree/TreeItem.vue: component could not be analyzed ; Vue packages/core/src/Tree/TreeRoot.vue: component could not be analyzed ; Vue packages/core/src/Tree/TreeVirtualizer.vue: runtime component/directive resolution requires full validation ; Vue packages/core/src/Tree/story/TreeAsync.story.vue: runtime component/directive resolution requires full validation ; Vue packages/core/src/Tree/story/TreeBasic.story.vue: runtime component/directive resolution requires full validation ; Vue packages/core/src/Tree/story/TreeCheckbox.story.vue: runtime component/directive resolution requires full validation ; Vue packages/core/src/Tree/story/TreeNested.story.vue: runtime component/directive resolution requires full validation ; Vue packages/core/src/Tree/story/TreeVirtual.story.vue: runtime component/directive resolution requires full validation ; Vue packages/core/src/Tree/story/_Tree.vue: component could not be analyzed ; Vue packages/core/src/Viewport/Viewport.vue: component could not be analyzed ; Vue packages/core/src/VisuallyHidden/VisuallyHidden.vue: component could not be analyzed ; Vue packages/core/src/VisuallyHidden/VisuallyHiddenInput.vue: component could not be analyzed ; Vue packages/core/src/shared/component/Arrow.vue: component could not be analyzed ; Vue packages/core/src/shared/component/BaseSeparator.vue: component could not be analyzed ; Vue playground/nuxt/app.vue: runtime component/directive resolution requires full validation ; Vue playground/vue3/src/App.vue: runtime component/directive resolution requires full validation ; Unresolved Vue dependencies require full validation ; Dependency graph confidence is UNSAFE; full validation required"
"reka-ui","4","e0343918af243a6c808da06c1abb115021839c56","97fd052aa95996dc57556d7161dbdcaa270075d8","fix(usePresence): handle undefined animation name in presence hook (#1789)","FULL_POLICY_MEASURED","FULL","7723","89211",,"Nuxt implicit routes and auto-imports require a dedicated framework adapter ; Vue docs/.vitepress/components/ComponentLoader.vue: runtime component/directive resolution requires full validation ; Vue docs/.vitepress/components/DocOutlineItem.vue: runtime component/directive resolution requires full validation ; Vue docs/.vitepress/components/HeroCodeGroup.vue: runtime component/directive resolution requires full validation ; Vue docs/.vitepress/components/HomePage.vue: runtime component/directive resolution requires full validation ; Vue docs/components/Demos.vue: runtime component/directive resolution requires full validation ; Vue docs/components/demo/DialogToaster/tailwind/index.vue: runtime component/directive resolution requires full validation ; Vue docs/components/prose/ProseA.vue: runtime component/directive resolution requires full validation ; Vue docs/components/prose/ProseH1.vue: runtime component/directive resolution requires full validation ; Vue docs/components/prose/ProseH2.vue: runtime component/directive resolution requires full validation ; Vue docs/components/prose/ProseH3.vue: runtime component/directive resolution requires full validation ; Vue packages/core/src/Accordion/AccordionContent.vue: component could not be analyzed ; Vue packages/core/src/Accordion/AccordionHeader.vue: component could not be analyzed ; Vue packages/core/src/Accordion/AccordionItem.vue: component could not be analyzed ; Vue packages/core/src/Accordion/AccordionRoot.vue: component could not be analyzed ; Vue packages/core/src/Accordion/AccordionTrigger.vue: component could not be analyzed ; Vue packages/core/src/Accordion/story/AccordionAnimated.story.vue: runtime component/directive resolution requires full validation ; Vue packages/core/src/Accordion/story/AccordionChromatic.story.vue: runtime component/directive resolution requires full validation ; Vue packages/core/src/Accordion/story/AccordionHorizontal.story.vue: runtime component/directive resolution requires full validation ; Vue packages/core/src/Accordion/story/AccordionMultiple.story.vue: runtime component/directive resolution requires full validation ; Vue packages/core/src/Accordion/story/AccordionSingle.story.vue: runtime component/directive resolution requires full validation ; Vue packages/core/src/Accordion/story/AccordionViewport.story.vue: runtime component/directive resolution requires full validation ; Vue packages/core/src/Accordion/story/_Accordion.vue: component could not be analyzed ; Vue packages/core/src/AlertDialog/AlertDialogAction.vue: component could not be analyzed ; Vue packages/core/src/AlertDialog/AlertDialogCancel.vue: component could not be analyzed ; Vue packages/core/src/AlertDialog/AlertDialogContent.vue: component could not be analyzed ; Vue packages/core/src/AlertDialog/AlertDialogDescription.vue: component could not be analyzed ; Vue packages/core/src/AlertDialog/AlertDialogOverlay.vue: component could not be analyzed ; Vue packages/core/src/AlertDialog/AlertDialogPortal.vue: component could not be analyzed ; Vue packages/core/src/AlertDialog/AlertDialogRoot.vue: component could not be analyzed ; Vue packages/core/src/AlertDialog/AlertDialogTitle.vue: component could not be analyzed ; Vue packages/core/src/AlertDialog/AlertDialogTrigger.vue: component could not be analyzed ; Vue packages/core/src/AlertDialog/story/AlertDialog.story.vue: runtime component/directive resolution requires full validation ; Vue packages/core/src/AspectRatio/AspectRatio.vue: component could not be analyzed ; Vue packages/core/src/AspectRatio/story/AspectRatio.story.vue: runtime component/directive resolution requires full validation ; Vue packages/core/src/Avatar/AvatarFallback.vue: component could not be analyzed ; Vue packages/core/src/Avatar/AvatarImage.vue: component could not be analyzed ; Vue packages/core/src/Avatar/AvatarRoot.vue: component could not be analyzed ; Vue packages/core/src/Avatar/story/Avatar.story.vue: runtime component/directive resolution requires full validation ; Vue packages/core/src/Calendar/CalendarCell.vue: component could not be analyzed ; Vue packages/core/src/Calendar/CalendarCellTrigger.vue: component could not be analyzed ; Vue packages/core/src/Calendar/CalendarGrid.vue: component could not be analyzed ; Vue packages/core/src/Calendar/CalendarGridBody.vue: component could not be analyzed ; Vue packages/core/src/Calendar/CalendarGridHead.vue: component could not be analyzed ; Vue packages/core/src/Calendar/CalendarGridRow.vue: component could not be analyzed ; Vue packages/core/src/Calendar/CalendarHeadCell.vue: component could not be analyzed ; Vue packages/core/src/Calendar/CalendarHeader.vue: component could not be analyzed ; Vue packages/core/src/Calendar/CalendarHeading.vue: component could not be analyzed ; Vue packages/core/src/Calendar/CalendarNext.vue: component could not be analyzed ; Vue packages/core/src/Calendar/CalendarPrev.vue: component could not be analyzed ; Vue packages/core/src/Calendar/CalendarRoot.vue: component could not be analyzed ; Vue packages/core/src/Calendar/story/CalendarChromatic.story.vue: runtime component/directive resolution requires full validation ; Vue packages/core/src/Calendar/story/CalendarDefault.story.vue: runtime component/directive resolution requires full validation ; Vue packages/core/src/Calendar/story/CalendarDir.story.vue: runtime component/directive resolution requires full validation ; Vue packages/core/src/Calendar/story/CalendarFixedWeeksForLocales.story.vue: runtime component/directive resolution requires full validation ; Vue packages/core/src/Calendar/story/CalendarLocales.story.vue: runtime component/directive resolution requires full validation ; Vue packages/core/src/Calendar/story/CalendarMultiple.story.vue: runtime component/directive resolution requires full validation ; Vue packages/core/src/Calendar/story/CalendarPopover.story.vue: runtime component/directive resolution requires full validation ; Vue packages/core/src/Calendar/story/CalendarSelect.story.vue: runtime component/directive resolution requires full validation ; Vue packages/core/src/Calendar/story/CalendarValidation.story.vue: runtime component/directive resolution requires full validation ; Vue packages/core/src/Calendar/story/CalendarYearIncrement.story.vue: runtime component/directive resolution requires full validation ; Vue packages/core/src/Calendar/story/_DummyCalendar.vue: component could not be analyzed ; Vue packages/core/src/Checkbox/CheckboxGroupRoot.vue: component could not be analyzed ; Vue packages/core/src/Checkbox/CheckboxIndicator.vue: component could not be analyzed ; Vue packages/core/src/Checkbox/CheckboxRoot.vue: component could not be analyzed ; Vue packages/core/src/Checkbox/story/Checkbox.story.vue: runtime component/directive resolution requires full validation ; Vue packages/core/src/Checkbox/story/CheckboxGroup.story.vue: runtime component/directive resolution requires full validation ; Vue packages/core/src/Checkbox/story/_Checkbox.vue: component could not be analyzed ; Vue packages/core/src/Checkbox/story/_CheckboxGroup.vue: component could not be analyzed ; Vue packages/core/src/Collapsible/CollapsibleContent.vue: component could not be analyzed ; Vue packages/core/src/Collapsible/CollapsibleRoot.vue: component could not be analyzed ; Vue packages/core/src/Collapsible/CollapsibleTrigger.vue: component could not be analyzed ; Vue packages/core/src/Collapsible/story/Collapsible.story.vue: runtime component/directive resolution requires full validation ; Vue packages/core/src/Collapsible/story/_Collapsible.vue: component could not be analyzed ; Vue packages/core/src/Combobox/ComboboxAnchor.vue: component could not be analyzed ; Vue packages/core/src/Combobox/ComboboxArrow.vue: component could not be analyzed ; Vue packages/core/src/Combobox/ComboboxCancel.vue: component could not be analyzed ; Vue packages/core/src/Combobox/ComboboxContent.vue: component could not be analyzed ; Vue packages/core/src/Combobox/ComboboxContentImpl.vue: component could not be analyzed ; Vue packages/core/src/Combobox/ComboboxEmpty.vue: component could not be analyzed ; Vue packages/core/src/Combobox/ComboboxGroup.vue: component could not be analyzed ; Vue packages/core/src/Combobox/ComboboxInput.vue: component could not be analyzed ; Vue packages/core/src/Combobox/ComboboxItem.vue: component could not be analyzed ; Vue packages/core/src/Combobox/ComboboxItemIndicator.vue: component could not be analyzed ; Vue packages/core/src/Combobox/ComboboxLabel.vue: component could not be analyzed ; Vue packages/core/src/Combobox/ComboboxPortal.vue: component could not be analyzed ; Vue packages/core/src/Combobox/ComboboxRoot.vue: component could not be analyzed ; Vue packages/core/src/Combobox/ComboboxSeparator.vue: component could not be analyzed ; Vue packages/core/src/Combobox/ComboboxTrigger.vue: component could not be analyzed ; Vue packages/core/src/Combobox/ComboboxViewport.vue: component could not be analyzed ; Vue packages/core/src/Combobox/ComboboxVirtualizer.vue: component could not be analyzed ; Vue packages/core/src/Combobox/story/ComboboxAsync.story.vue: runtime component/directive resolution requires full validation ; Vue packages/core/src/Combobox/story/ComboboxBasic.story.vue: runtime component/directive resolution requires full validation ; Vue packages/core/src/Combobox/story/ComboboxCustom.story.vue: runtime component/directive resolution requires full validation ; Vue packages/core/src/Combobox/story/ComboboxMultiple.story.vue: runtime component/directive resolution requires full validation ; Vue packages/core/src/Combobox/story/ComboboxObject.story.vue: runtime component/directive resolution requires full validation ; Vue packages/core/src/Combobox/story/ComboboxReactive.story.vue: runtime component/directive resolution requires full validation ; Vue packages/core/src/Combobox/story/ComboboxScrolling.story.vue: runtime component/directive resolution requires full validation ; Vue packages/core/src/Combobox/story/ComboboxSelectMenu.story.vue: runtime component/directive resolution requires full validation ; Vue packages/core/src/Combobox/story/ComboboxVirtual.story.vue: runtime component/directive resolution requires full validation ; Vue packages/core/src/Combobox/story/_Combobox.vue: component could not be analyzed ; Vue packages/core/src/Combobox/story/_ComboboxManualFilter.vue: component could not be analyzed ; Vue packages/core/src/Combobox/story/_ComboboxObject.vue: component could not be analyzed ; Vue packages/core/src/ConfigProvider/_ConfigProvider.vue: component could not be analyzed ; Vue packages/core/src/ContextMenu/ContextMenuArrow.vue: component could not be analyzed ; Vue packages/core/src/ContextMenu/ContextMenuCheckboxItem.vue: component could not be analyzed ; Vue packages/core/src/ContextMenu/ContextMenuContent.vue: component could not be analyzed ; Vue packages/core/src/ContextMenu/ContextMenuGroup.vue: component could not be analyzed ; Vue packages/core/src/ContextMenu/ContextMenuItem.vue: component could not be analyzed ; Vue packages/core/src/ContextMenu/ContextMenuItemIndicator.vue: component could not be analyzed ; Vue packages/core/src/ContextMenu/ContextMenuLabel.vue: component could not be analyzed ; Vue packages/core/src/ContextMenu/ContextMenuPortal.vue: component could not be analyzed ; Vue packages/core/src/ContextMenu/ContextMenuRadioGroup.vue: component could not be analyzed ; Vue packages/core/src/ContextMenu/ContextMenuRadioItem.vue: component could not be analyzed ; Vue packages/core/src/ContextMenu/ContextMenuRoot.vue: component could not be analyzed ; Vue packages/core/src/ContextMenu/ContextMenuSeparator.vue: component could not be analyzed ; Vue packages/core/src/ContextMenu/ContextMenuSub.vue: component could not be analyzed ; Vue packages/core/src/ContextMenu/ContextMenuSubContent.vue: component could not be analyzed ; Vue packages/core/src/ContextMenu/ContextMenuSubTrigger.vue: component could not be analyzed ; Vue packages/core/src/ContextMenu/ContextMenuTrigger.vue: component could not be analyzed ; Vue packages/core/src/ContextMenu/story/ContextMenu.story.vue: runtime component/directive resolution requires full validation ; Vue packages/core/src/DateField/DateFieldInput.vue: component could not be analyzed ; Vue packages/core/src/DateField/DateFieldRoot.vue: component could not be analyzed ; Vue packages/core/src/DateField/story/DateFieldChromatic.story.vue: runtime component/directive resolution requires full validation ; Vue packages/core/src/DateField/story/DateFieldDefault.story.vue: runtime component/directive resolution requires full validation ; Vue packages/core/src/DateField/story/DateFieldGranular.story.vue: runtime component/directive resolution requires full validation ; Vue packages/core/src/DateField/story/DateFieldInvalid.story.vue: runtime component/directive resolution requires full validation ; Vue packages/core/src/DateField/story/DateFieldLocales.story.vue: runtime component/directive resolution requires full validation ; Vue packages/core/src/DatePicker/DatePickerAnchor.vue: component could not be analyzed ; Vue packages/core/src/DatePicker/DatePickerArrow.vue: component could not be analyzed ; Vue packages/core/src/DatePicker/DatePickerCell.vue: component could not be analyzed ; Vue packages/core/src/DatePicker/DatePickerCellTrigger.vue: component could not be analyzed ; Vue packages/core/src/DatePicker/DatePickerClose.vue: component could not be analyzed ; Vue packages/core/src/DatePicker/DatePickerContent.vue: component could not be analyzed ; Vue packages/core/src/DatePicker/DatePickerGrid.vue: component could not be analyzed ; Vue packages/core/src/DatePicker/DatePickerGridBody.vue: component could not be analyzed ; Vue packages/core/src/DatePicker/DatePickerGridHead.vue: component could not be analyzed ; Vue packages/core/src/DatePicker/DatePickerGridRow.vue: component could not be analyzed ; Vue packages/core/src/DatePicker/DatePickerHeadCell.vue: component could not be analyzed ; Vue packages/core/src/DatePicker/DatePickerHeader.vue: component could not be analyzed ; Vue packages/core/src/DatePicker/DatePickerHeading.vue: component could not be analyzed ; Vue packages/core/src/DatePicker/DatePickerInput.vue: component could not be analyzed ; Vue packages/core/src/DatePicker/DatePickerNext.vue: component could not be analyzed ; Vue packages/core/src/DatePicker/DatePickerPrev.vue: component could not be analyzed ; Vue packages/core/src/DatePicker/DatePickerRoot.vue: component could not be analyzed ; Vue packages/core/src/DatePicker/DatePickerTrigger.vue: component could not be analyzed ; Vue packages/core/src/DatePicker/story/DatePickerChromatic.story.vue: runtime component/directive resolution requires full validation ; Vue packages/core/src/DatePicker/story/DatePickerDefault.story.vue: runtime component/directive resolution requires full validation ; Vue packages/core/src/DatePicker/story/DatePickerGranular.story.vue: runtime component/directive resolution requires full validation ; Vue packages/core/src/DatePicker/story/DatePickerValidation.story.vue: runtime component/directive resolution requires full validation ; Vue packages/core/src/DatePicker/story/_DummyDatePicker.vue: component could not be analyzed ; Vue packages/core/src/DateRangeField/DateRangeFieldInput.vue: component could not be analyzed ; Vue packages/core/src/DateRangeField/DateRangeFieldRoot.vue: component could not be analyzed ; Vue packages/core/src/DateRangeField/story/DateRangeFieldChromatic.story.vue: runtime component/directive resolution requires full validation ; Vue packages/core/src/DateRangeField/story/DateRangeFieldDefault.story.vue: runtime component/directive resolution requires full validation ; Vue packages/core/src/DateRangeField/story/DateRangeFieldGranular.story.vue: runtime component/directive resolution requires full validation ; Vue packages/core/src/DateRangeField/story/DateRangeFieldValidation.story.vue: runtime component/directive resolution requires full validation ; Vue packages/core/src/DateRangeField/story/_DummyDateRangeField.vue: component could not be analyzed ; Vue packages/core/src/DateRangePicker/DateRangePickerAnchor.vue: component could not be analyzed ; Vue packages/core/src/DateRangePicker/DateRangePickerArrow.vue: component could not be analyzed ; Vue packages/core/src/DateRangePicker/DateRangePickerCell.vue: component could not be analyzed ; Vue packages/core/src/DateRangePicker/DateRangePickerCellTrigger.vue: component could not be analyzed ; Vue packages/core/src/DateRangePicker/DateRangePickerClose.vue: component could not be analyzed ; Vue packages/core/src/DateRangePicker/DateRangePickerContent.vue: component could not be analyzed ; Vue packages/core/src/DateRangePicker/DateRangePickerGrid.vue: component could not be analyzed ; Vue packages/core/src/DateRangePicker/DateRangePickerGridBody.vue: component could not be analyzed ; Vue packages/core/src/DateRangePicker/DateRangePickerGridHead.vue: component could not be analyzed ; Vue packages/core/src/DateRangePicker/DateRangePickerGridRow.vue: component could not be analyzed ; Vue packages/core/src/DateRangePicker/DateRangePickerHeadCell.vue: component could not be analyzed ; Vue packages/core/src/DateRangePicker/DateRangePickerHeader.vue: component could not be analyzed ; Vue packages/core/src/DateRangePicker/DateRangePickerHeading.vue: component could not be analyzed ; Vue packages/core/src/DateRangePicker/DateRangePickerInput.vue: component could not be analyzed ; Vue packages/core/src/DateRangePicker/DateRangePickerNext.vue: component could not be analyzed ; Vue packages/core/src/DateRangePicker/DateRangePickerPrev.vue: component could not be analyzed ; Vue packages/core/src/DateRangePicker/DateRangePickerRoot.vue: component could not be analyzed ; Vue packages/core/src/DateRangePicker/DateRangePickerTrigger.vue: component could not be analyzed ; Vue packages/core/src/DateRangePicker/story/DateRangePickerChromatic.story.vue: runtime component/directive resolution requires full validation ; Vue packages/core/src/DateRangePicker/story/DateRangePickerDefault.story.vue: runtime component/directive resolution requires full validation ; Vue packages/core/src/DateRangePicker/story/DateRangePickerGranular.story.vue: runtime component/directive resolution requires full validation ; Vue packages/core/src/DateRangePicker/story/DateRangePickerValidation.story.vue: runtime component/directive resolution requires full validation ; Vue packages/core/src/DateRangePicker/story/_DummyDateRangePicker.vue: component could not be analyzed ; Vue packages/core/src/Dialog/DialogClose.vue: component could not be analyzed ; Vue packages/core/src/Dialog/DialogContent.vue: component could not be analyzed ; Vue packages/core/src/Dialog/DialogContentImpl.vue: component could not be analyzed ; Vue packages/core/src/Dialog/DialogContentModal.vue: component could not be analyzed ; Vue packages/core/src/Dialog/DialogContentNonModal.vue: component could not be analyzed ; Vue packages/core/src/Dialog/DialogDescription.vue: component could not be analyzed ; Vue packages/core/src/Dialog/DialogOverlay.vue: component could not be analyzed ; Vue packages/core/src/Dialog/DialogOverlayImpl.vue: component could not be analyzed ; Vue packages/core/src/Dialog/DialogPortal.vue: component could not be analyzed ; Vue packages/core/src/Dialog/DialogTitle.vue: component could not be analyzed ; Vue packages/core/src/Dialog/DialogTrigger.vue: component could not be analyzed ; Vue packages/core/src/Dialog/story/Dialog.story.vue: runtime component/directive resolution requires full validation ; Vue packages/core/src/Dialog/story/DialogExternalTrigger.story.vue: runtime component/directive resolution requires full validation ; Vue packages/core/src/Dialog/story/DialogProgrammatic.story.vue: runtime component/directive resolution requires full validation ; Vue packages/core/src/Dialog/story/DialogWithDropdown.story.vue: runtime component/directive resolution requires full validation ; Vue packages/core/src/DismissableLayer/DismissableLayer.vue: component could not be analyzed ; Vue packages/core/src/DismissableLayer/DismissableLayerBranch.vue: component could not be analyzed ; Vue packages/core/src/DismissableLayer/story/DismissableLayerBasic.story.vue: runtime component/directive resolution requires full validation ; Vue packages/core/src/DismissableLayer/story/DismissableLayerDialog.story.vue: runtime component/directive resolution requires full validation ; Vue packages/core/src/DismissableLayer/story/DismissableLayerPopoverNested.story.vue: runtime component/directive resolution requires full validation ; Vue packages/core/src/DismissableLayer/story/_DismissableLayer.vue: component could not be analyzed ; Vue packages/core/src/DropdownMenu/DropdownMenuArrow.vue: component could not be analyzed ; Vue packages/core/src/DropdownMenu/DropdownMenuCheckboxItem.vue: component could not be analyzed ; Vue packages/core/src/DropdownMenu/DropdownMenuContent.vue: component could not be analyzed ; Vue packages/core/src/DropdownMenu/DropdownMenuGroup.vue: component could not be analyzed ; Vue packages/core/src/DropdownMenu/DropdownMenuItem.vue: component could not be analyzed ; Vue packages/core/src/DropdownMenu/DropdownMenuItemIndicator.vue: component could not be analyzed ; Vue packages/core/src/DropdownMenu/DropdownMenuLabel.vue: component could not be analyzed ; Vue packages/core/src/DropdownMenu/DropdownMenuPortal.vue: component could not be analyzed ; Vue packages/core/src/DropdownMenu/DropdownMenuRadioGroup.vue: component could not be analyzed ; Vue packages/core/src/DropdownMenu/DropdownMenuRadioItem.vue: component could not be analyzed ; Vue packages/core/src/DropdownMenu/DropdownMenuRoot.vue: component could not be analyzed ; Vue packages/core/src/DropdownMenu/DropdownMenuSeparator.vue: component could not be analyzed ; Vue packages/core/src/DropdownMenu/DropdownMenuSub.vue: component could not be analyzed ; Vue packages/core/src/DropdownMenu/DropdownMenuSubContent.vue: component could not be analyzed ; Vue packages/core/src/DropdownMenu/DropdownMenuSubTrigger.vue: component could not be analyzed ; Vue packages/core/src/DropdownMenu/DropdownMenuTrigger.vue: component could not be analyzed ; Vue packages/core/src/DropdownMenu/story/DropdownMenu.story.vue: runtime component/directive resolution requires full validation ; Vue packages/core/src/DropdownMenu/story/_DropdownMenu.vue: component could not be analyzed ; Vue packages/core/src/Editable/EditableArea.vue: component could not be analyzed ; Vue packages/core/src/Editable/EditableCancelTrigger.vue: component could not be analyzed ; Vue packages/core/src/Editable/EditableEditTrigger.vue: component could not be analyzed ; Vue packages/core/src/Editable/EditableInput.vue: component could not be analyzed ; Vue packages/core/src/Editable/EditablePreview.vue: component could not be analyzed ; Vue packages/core/src/Editable/EditableRoot.vue: component could not be analyzed ; Vue packages/core/src/Editable/EditableSubmitTrigger.vue: component could not be analyzed ; Vue packages/core/src/Editable/story/EditableChromatic.story.vue: runtime component/directive resolution requires full validation ; Vue packages/core/src/Editable/story/EditableDefault.story.vue: runtime component/directive resolution requires full validation ; Vue packages/core/src/Editable/story/_DummyEditable.vue: component could not be analyzed ; Vue packages/core/src/FocusScope/FocusScope.vue: component could not be analyzed ; Vue packages/core/src/FocusScope/story/FocusScopeMultiple.story.vue: runtime component/directive resolution requires full validation ; Vue packages/core/src/HoverCard/HoverCardArrow.vue: component could not be analyzed ; Vue packages/core/src/HoverCard/HoverCardContent.vue: component could not be analyzed ; Vue packages/core/src/HoverCard/HoverCardContentImpl.vue: component could not be analyzed ; Vue packages/core/src/HoverCard/HoverCardPortal.vue: component could not be analyzed ; Vue packages/core/src/HoverCard/HoverCardTrigger.vue: component could not be analyzed ; Vue packages/core/src/HoverCard/story/HoverCard.story.vue: runtime component/directive resolution requires full validation ; Vue packages/core/src/HoverCard/story/HoverMultiCard.story.vue: runtime component/directive resolution requires full validation ; Vue packages/core/src/Label/Label.story.vue: runtime component/directive resolution requires full validation ; Vue packages/core/src/Label/Label.vue: component could not be analyzed ; Vue packages/core/src/Listbox/ListboxContent.vue: component could not be analyzed ; Vue packages/core/src/Listbox/ListboxFilter.vue: component could not be analyzed ; Vue packages/core/src/Listbox/ListboxGroup.vue: component could not be analyzed ; Vue packages/core/src/Listbox/ListboxGroupLabel.vue: component could not be analyzed ; Vue packages/core/src/Listbox/ListboxItem.vue: component could not be analyzed ; Vue packages/core/src/Listbox/ListboxItemIndicator.vue: component could not be analyzed ; Vue packages/core/src/Listbox/ListboxRoot.vue: component could not be analyzed ; Vue packages/core/src/Listbox/ListboxVirtualizer.vue: runtime component/directive resolution requires full validation ; Vue packages/core/src/Listbox/story/ListboxChromatic.story.vue: runtime component/directive resolution requires full validation ; Vue packages/core/src/Listbox/story/ListboxDemo.story.vue: runtime component/directive resolution requires full validation ; Vue packages/core/src/Listbox/story/ListboxFilter.story.vue: runtime component/directive resolution requires full validation ; Vue packages/core/src/Listbox/story/ListboxVirtual.story.vue: runtime component/directive resolution requires full validation ; Vue packages/core/src/Listbox/story/_Listbox.vue: component could not be analyzed ; Vue packages/core/src/Menu/MenuAnchor.vue: component could not be analyzed ; Vue packages/core/src/Menu/MenuArrow.vue: component could not be analyzed ; Vue packages/core/src/Menu/MenuCheckboxItem.vue: component could not be analyzed ; Vue packages/core/src/Menu/MenuContent.vue: component could not be analyzed ; Vue packages/core/src/Menu/MenuContentImpl.vue: component could not be analyzed ; Vue packages/core/src/Menu/MenuGroup.vue: component could not be analyzed ; Vue packages/core/src/Menu/MenuItem.vue: component could not be analyzed ; Vue packages/core/src/Menu/MenuItemImpl.vue: component could not be analyzed ; Vue packages/core/src/Menu/MenuItemIndicator.vue: component could not be analyzed ; Vue packages/core/src/Menu/MenuLabel.vue: component could not be analyzed ; Vue packages/core/src/Menu/MenuPortal.vue: component could not be analyzed ; Vue packages/core/src/Menu/MenuRadioGroup.vue: component could not be analyzed ; Vue packages/core/src/Menu/MenuRadioItem.vue: component could not be analyzed ; Vue packages/core/src/Menu/MenuRootContentModal.vue: component could not be analyzed ; Vue packages/core/src/Menu/MenuRootContentNonModal.vue: component could not be analyzed ; Vue packages/core/src/Menu/MenuSeparator.vue: component could not be analyzed ; Vue packages/core/src/Menu/MenuSubContent.vue: component could not be analyzed ; Vue packages/core/src/Menu/MenuSubTrigger.vue: component could not be analyzed ; Vue packages/core/src/Menu/story/MenuCheckboxItems.story.vue: runtime component/directive resolution requires full validation ; Vue packages/core/src/Menu/story/MenuRadioItems.story.vue: runtime component/directive resolution requires full validation ; Vue packages/core/src/Menu/story/MenuStyled.story.vue: runtime component/directive resolution requires full validation ; Vue packages/core/src/Menu/story/MenuSubMenu.story.vue: runtime component/directive resolution requires full validation ; Vue packages/core/src/Menu/story/MenuWithLabels.story.vue: runtime component/directive resolution requires full validation ; Vue packages/core/src/Menu/story/_Menu.vue: component could not be analyzed ; Vue packages/core/src/Menu/story/_MenuWithAnchor.vue: component could not be analyzed ; Vue packages/core/src/Menubar/MenubarArrow.vue: component could not be analyzed ; Vue packages/core/src/Menubar/MenubarCheckboxItem.vue: component could not be analyzed ; Vue packages/core/src/Menubar/MenubarContent.vue: component could not be analyzed ; Vue packages/core/src/Menubar/MenubarGroup.vue: component could not be analyzed ; Vue packages/core/src/Menubar/MenubarItem.vue: component could not be analyzed ; Vue packages/core/src/Menubar/MenubarItemIndicator.vue: component could not be analyzed ; Vue packages/core/src/Menubar/MenubarLabel.vue: component could not be analyzed ; Vue packages/core/src/Menubar/MenubarPortal.vue: component could not be analyzed ; Vue packages/core/src/Menubar/MenubarRadioGroup.vue: component could not be analyzed ; Vue packages/core/src/Menubar/MenubarRadioItem.vue: component could not be analyzed ; Vue packages/core/src/Menubar/MenubarSeparator.vue: component could not be analyzed ; Vue packages/core/src/Menubar/MenubarSub.vue: component could not be analyzed ; Vue packages/core/src/Menubar/MenubarSubContent.vue: component could not be analyzed ; Vue packages/core/src/Menubar/MenubarSubTrigger.vue: component could not be analyzed ; Vue packages/core/src/Menubar/MenubarTrigger.vue: component could not be analyzed ; Vue packages/core/src/Menubar/story/Menubar.story.vue: runtime component/directive resolution requires full validation ; Vue packages/core/src/Menubar/story/_Menubar.vue: component could not be analyzed ; Vue packages/core/src/NavigationMenu/NavigationMenuContent.vue: component could not be analyzed ; Vue packages/core/src/NavigationMenu/NavigationMenuContentImpl.vue: component could not be analyzed ; Vue packages/core/src/NavigationMenu/NavigationMenuIndicator.vue: component could not be analyzed ; Vue packages/core/src/NavigationMenu/NavigationMenuItem.vue: component could not be analyzed ; Vue packages/core/src/NavigationMenu/NavigationMenuLink.vue: component could not be analyzed ; Vue packages/core/src/NavigationMenu/NavigationMenuList.vue: component could not be analyzed ; Vue packages/core/src/NavigationMenu/NavigationMenuRoot.vue: component could not be analyzed ; Vue packages/core/src/NavigationMenu/NavigationMenuSub.vue: component could not be analyzed ; Vue packages/core/src/NavigationMenu/NavigationMenuTrigger.vue: component could not be analyzed ; Vue packages/core/src/NavigationMenu/NavigationMenuViewport.vue: component could not be analyzed ; Vue packages/core/src/NavigationMenu/story/NavigationMenuAlignment.story.vue: runtime component/directive resolution requires full validation ; Vue packages/core/src/NavigationMenu/story/NavigationMenuBasic.story.vue: runtime component/directive resolution requires full validation ; Vue packages/core/src/NavigationMenu/story/NavigationMenuChromatic.story.vue: runtime component/directive resolution requires full validation ; Vue packages/core/src/NavigationMenu/story/NavigationMenuDemo.story.vue: runtime component/directive resolution requires full validation ; Vue packages/core/src/NavigationMenu/story/NavigationMenuSubmenus.story.vue: runtime component/directive resolution requires full validation ; Vue packages/core/src/NavigationMenu/story/NavigationMenuViewport.story.vue: runtime component/directive resolution requires full validation ; Vue packages/core/src/NumberField/NumberFieldDecrement.vue: component could not be analyzed ; Vue packages/core/src/NumberField/NumberFieldIncrement.vue: component could not be analyzed ; Vue packages/core/src/NumberField/NumberFieldInput.vue: component could not be analyzed ; Vue packages/core/src/NumberField/NumberFieldRoot.vue: component could not be analyzed ; Vue packages/core/src/NumberField/story/NumberField.story.vue: runtime component/directive resolution requires full validation ; Vue packages/core/src/NumberField/story/NumberFieldChromatic.story.vue: runtime component/directive resolution requires full validation ; Vue packages/core/src/NumberField/story/_NumberField.vue: component could not be analyzed ; Vue packages/core/src/Pagination/PaginationEllipsis.vue: component could not be analyzed ; Vue packages/core/src/Pagination/PaginationFirst.vue: component could not be analyzed ; Vue packages/core/src/Pagination/PaginationLast.vue: component could not be analyzed ; Vue packages/core/src/Pagination/PaginationList.vue: component could not be analyzed ; Vue packages/core/src/Pagination/PaginationListItem.vue: component could not be analyzed ; Vue packages/core/src/Pagination/PaginationNext.vue: component could not be analyzed ; Vue packages/core/src/Pagination/PaginationPrev.vue: component could not be analyzed ; Vue packages/core/src/Pagination/PaginationRoot.vue: component could not be analyzed ; Vue packages/core/src/Pagination/story/PaginationDefault.story.vue: runtime component/directive resolution requires full validation ; Vue packages/core/src/PinInput/PinInputInput.vue: component could not be analyzed ; Vue packages/core/src/PinInput/PinInputRoot.vue: component could not be analyzed ; Vue packages/core/src/PinInput/story/PinInput.story.vue: runtime component/directive resolution requires full validation ; Vue packages/core/src/PinInput/story/PinInputNumeric.story.vue: runtime component/directive resolution requires full validation ; Vue packages/core/src/PinInput/story/_PinInput.vue: component could not be analyzed ; Vue packages/core/src/Popover/PopoverAnchor.vue: component could not be analyzed ; Vue packages/core/src/Popover/PopoverArrow.vue: component could not be analyzed ; Vue packages/core/src/Popover/PopoverClose.vue: component could not be analyzed ; Vue packages/core/src/Popover/PopoverContent.vue: component could not be analyzed ; Vue packages/core/src/Popover/PopoverContentImpl.vue: component could not be analyzed ; Vue packages/core/src/Popover/PopoverContentModal.vue: component could not be analyzed ; Vue packages/core/src/Popover/PopoverContentNonModal.vue: component could not be analyzed ; Vue packages/core/src/Popover/PopoverPortal.vue: component could not be analyzed ; Vue packages/core/src/Popover/PopoverTrigger.vue: component could not be analyzed ; Vue packages/core/src/Popover/story/PopoverBodyLock.story.vue: runtime component/directive resolution requires full validation ; Vue packages/core/src/Popover/story/PopoverBoundary.story.vue: runtime component/directive resolution requires full validation ; Vue packages/core/src/Popover/story/PopoverCustomAnchor.story.vue: runtime component/directive resolution requires full validation ; Vue packages/core/src/Popover/story/PopoverCustomArrow.story.vue: runtime component/directive resolution requires full validation ; Vue packages/core/src/Popover/story/PopoverDemo.story.vue: runtime component/directive resolution requires full validation ; Vue packages/core/src/Popover/story/PopoverForceMount.story.vue: runtime component/directive resolution requires full validation ; Vue packages/core/src/Popover/story/PopoverModality.story.vue: runtime component/directive resolution requires full validation ; Vue packages/core/src/Popover/story/PopoverNested.story.vue: runtime component/directive resolution requires full validation ; Vue packages/core/src/Popper/PopperAnchor.vue: component could not be analyzed ; Vue packages/core/src/Popper/PopperArrow.vue: component could not be analyzed ; Vue packages/core/src/Popper/PopperContent.vue: component could not be analyzed ; Vue packages/core/src/Presence/story/PresenceAnimation.story.vue: runtime component/directive resolution requires full validation ; Vue packages/core/src/Presence/story/PresenceBasic.story.vue: runtime component/directive resolution requires full validation ; Vue packages/core/src/Presence/story/PresenceTransition.story.vue: runtime component/directive resolution requires full validation ; Vue packages/core/src/Progress/ProgressIndicator.vue: component could not be analyzed ; Vue packages/core/src/Progress/ProgressRoot.vue: component could not be analyzed ; Vue packages/core/src/Progress/story/Progress.story.vue: runtime component/directive resolution requires full validation ; Vue packages/core/src/RadioGroup/Radio.vue: component could not be analyzed ; Vue packages/core/src/RadioGroup/RadioGroupIndicator.vue: component could not be analyzed ; Vue packages/core/src/RadioGroup/RadioGroupItem.vue: component could not be analyzed ; Vue packages/core/src/RadioGroup/RadioGroupRoot.vue: component could not be analyzed ; Vue packages/core/src/RadioGroup/story/RadioGroup.story.vue: runtime component/directive resolution requires full validation ; Vue packages/core/src/RangeCalendar/RangeCalendarCell.vue: component could not be analyzed ; Vue packages/core/src/RangeCalendar/RangeCalendarCellTrigger.vue: component could not be analyzed ; Vue packages/core/src/RangeCalendar/RangeCalendarGrid.vue: component could not be analyzed ; Vue packages/core/src/RangeCalendar/RangeCalendarGridBody.vue: component could not be analyzed ; Vue packages/core/src/RangeCalendar/RangeCalendarGridHead.vue: component could not be analyzed ; Vue packages/core/src/RangeCalendar/RangeCalendarGridRow.vue: component could not be analyzed ; Vue packages/core/src/RangeCalendar/RangeCalendarHeadCell.vue: component could not be analyzed ; Vue packages/core/src/RangeCalendar/RangeCalendarHeader.vue: component could not be analyzed ; Vue packages/core/src/RangeCalendar/RangeCalendarHeading.vue: component could not be analyzed ; Vue packages/core/src/RangeCalendar/RangeCalendarNext.vue: component could not be analyzed ; Vue packages/core/src/RangeCalendar/RangeCalendarPrev.vue: component could not be analyzed ; Vue packages/core/src/RangeCalendar/RangeCalendarRoot.vue: component could not be analyzed ; Vue packages/core/src/RangeCalendar/story/RangeCalendarChromatic.story.vue: runtime component/directive resolution requires full validation ; Vue packages/core/src/RangeCalendar/story/RangeCalendarDefault.story.vue: runtime component/directive resolution requires full validation ; Vue packages/core/src/RangeCalendar/story/RangeCalendarMultiple.story.vue: runtime component/directive resolution requires full validation ; Vue packages/core/src/RangeCalendar/story/RangeCalendarPopover.story.vue: runtime component/directive resolution requires full validation ; Vue packages/core/src/RangeCalendar/story/RangeCalendarValidation.story.vue: runtime component/directive resolution requires full validation ; Vue packages/core/src/RangeCalendar/story/_DummyRangeCalendar.vue: component could not be analyzed ; Vue packages/core/src/RovingFocus/RovingFocusGroup.vue: component could not be analyzed ; Vue packages/core/src/RovingFocus/RovingFocusItem.vue: component could not be analyzed ; Vue packages/core/src/RovingFocus/story/RovingFocusBasic.story.vue: runtime component/directive resolution requires full validation ; Vue packages/core/src/RovingFocus/story/_Button.vue: component could not be analyzed ; Vue packages/core/src/RovingFocus/story/_ButtonGroup.vue: component could not be analyzed ; Vue packages/core/src/ScrollArea/ScrollAreaCorner.vue: component could not be analyzed ; Vue packages/core/src/ScrollArea/ScrollAreaRoot.vue: component could not be analyzed ; Vue packages/core/src/ScrollArea/ScrollAreaScrollbar.vue: component could not be analyzed ; Vue packages/core/src/ScrollArea/ScrollAreaScrollbarHover.vue: component could not be analyzed ; Vue packages/core/src/ScrollArea/ScrollAreaThumb.vue: component could not be analyzed ; Vue packages/core/src/ScrollArea/ScrollAreaViewport.vue: component could not be analyzed ; Vue packages/core/src/ScrollArea/story/ScrollAreaBasic.story.vue: runtime component/directive resolution requires full validation ; Vue packages/core/src/ScrollArea/story/ScrollAreaChromatic.story.vue: runtime component/directive resolution requires full validation ; Vue packages/core/src/ScrollArea/story/ScrollAreaChromaticBoth.story.vue: runtime component/directive resolution requires full validation ; Vue packages/core/src/ScrollArea/story/ScrollAreaChromaticHorizontal.story.vue: runtime component/directive resolution requires full validation ; Vue packages/core/src/ScrollArea/story/ScrollAreaChromaticVertical.story.vue: runtime component/directive resolution requires full validation ; Vue packages/core/src/ScrollArea/story/_ScrollArea.vue: component could not be analyzed ; Vue packages/core/src/ScrollArea/story/_ScrollAreaStory.vue: component could not be analyzed ; Vue packages/core/src/Select/SelectArrow.vue: component could not be analyzed ; Vue packages/core/src/Select/SelectContent.vue: component could not be analyzed ; Vue packages/core/src/Select/SelectContentImpl.vue: component could not be analyzed ; Vue packages/core/src/Select/SelectGroup.vue: component could not be analyzed ; Vue packages/core/src/Select/SelectIcon.vue: component could not be analyzed ; Vue packages/core/src/Select/SelectItem.vue: component could not be analyzed ; Vue packages/core/src/Select/SelectItemAlignedPosition.vue: component could not be analyzed ; Vue packages/core/src/Select/SelectItemIndicator.vue: component could not be analyzed ; Vue packages/core/src/Select/SelectItemText.vue: component could not be analyzed ; Vue packages/core/src/Select/SelectLabel.vue: component could not be analyzed ; Vue packages/core/src/Select/SelectPopperPosition.vue: component could not be analyzed ; Vue packages/core/src/Select/SelectPortal.vue: component could not be analyzed ; Vue packages/core/src/Select/SelectRoot.vue: component could not be analyzed ; Vue packages/core/src/Select/SelectScrollDownButton.vue: component could not be analyzed ; Vue packages/core/src/Select/SelectScrollUpButton.vue: component could not be analyzed ; Vue packages/core/src/Select/SelectSeparator.vue: component could not be analyzed ; Vue packages/core/src/Select/SelectTrigger.vue: component could not be analyzed ; Vue packages/core/src/Select/SelectValue.vue: component could not be analyzed ; Vue packages/core/src/Select/SelectViewport.vue: component could not be analyzed ; Vue packages/core/src/Select/story/SelectDemo.story.vue: runtime component/directive resolution requires full validation ; Vue packages/core/src/Select/story/SelectForm.story.vue: runtime component/directive resolution requires full validation ; Vue packages/core/src/Select/story/SelectWithinDialog.story.vue: runtime component/directive resolution requires full validation ; Vue packages/core/src/Select/story/_SelectTest.vue: component could not be analyzed ; Vue packages/core/src/Separator/Separator.story.vue: runtime component/directive resolution requires full validation ; Vue packages/core/src/Separator/Separator.vue: component could not be analyzed ; Vue packages/core/src/Slider/SliderHorizontal.vue: component could not be analyzed ; Vue packages/core/src/Slider/SliderImpl.vue: component could not be analyzed ; Vue packages/core/src/Slider/SliderRange.vue: component could not be analyzed ; Vue packages/core/src/Slider/SliderRoot.vue: component could not be analyzed ; Vue packages/core/src/Slider/SliderThumb.vue: component could not be analyzed ; Vue packages/core/src/Slider/SliderThumbImpl.vue: component could not be analyzed ; Vue packages/core/src/Slider/SliderTrack.vue: component could not be analyzed ; Vue packages/core/src/Slider/SliderVertical.vue: component could not be analyzed ; Vue packages/core/src/Slider/story/SliderChromatic.story.vue: runtime component/directive resolution requires full validation ; Vue packages/core/src/Slider/story/SliderDemo.story.vue: runtime component/directive resolution requires full validation ; Vue packages/core/src/Slider/story/SliderExtremes.story.vue: runtime component/directive resolution requires full validation ; Vue packages/core/src/Slider/story/_Slider.vue: component could not be analyzed ; Vue packages/core/src/Splitter/SplitterGroup.vue: component could not be analyzed ; Vue packages/core/src/Splitter/SplitterPanel.vue: component could not be analyzed ; Vue packages/core/src/Splitter/SplitterResizeHandle.vue: component could not be analyzed ; Vue packages/core/src/Splitter/story/SplitterAction.story.vue: runtime component/directive resolution requires full validation ; Vue packages/core/src/Splitter/story/SplitterChromatic.story.vue: runtime component/directive resolution requires full validation ; Vue packages/core/src/Splitter/story/SplitterCollapsible.story.vue: runtime component/directive resolution requires full validation ; Vue packages/core/src/Splitter/story/SplitterConditional.story.vue: runtime component/directive resolution requires full validation ; Vue packages/core/src/Splitter/story/SplitterDemo.story.vue: runtime component/directive resolution requires full validation ; Vue packages/core/src/Splitter/story/SplitterDirection.story.vue: runtime component/directive resolution requires full validation ; Vue packages/core/src/Splitter/story/SplitterOverflow.story.vue: runtime component/directive resolution requires full validation ; Vue packages/core/src/Splitter/story/SplitterPersistence.story.vue: runtime component/directive resolution requires full validation ; Vue packages/core/src/Stepper/StepperDescription.vue: component could not be analyzed ; Vue packages/core/src/Stepper/StepperIndicator.vue: component could not be analyzed ; Vue packages/core/src/Stepper/StepperItem.vue: component could not be analyzed ; Vue packages/core/src/Stepper/StepperRoot.vue: component could not be analyzed ; Vue packages/core/src/Stepper/StepperSeparator.vue: component could not be analyzed ; Vue packages/core/src/Stepper/StepperTitle.vue: component could not be analyzed ; Vue packages/core/src/Stepper/StepperTrigger.vue: component could not be analyzed ; Vue packages/core/src/Stepper/story/StepperChromatic.story.vue: runtime component/directive resolution requires full validation ; Vue packages/core/src/Stepper/story/StepperDefault.story.vue: runtime component/directive resolution requires full validation ; Vue packages/core/src/Stepper/story/_DummyStepper.vue: component could not be analyzed ; Vue packages/core/src/Switch/Switch.story.vue: runtime component/directive resolution requires full validation ; Vue packages/core/src/Switch/SwitchRoot.vue: component could not be analyzed ; Vue packages/core/src/Switch/SwitchThumb.vue: component could not be analyzed ; Vue packages/core/src/Tabs/TabsContent.vue: component could not be analyzed ; Vue packages/core/src/Tabs/TabsIndicator.vue: component could not be analyzed ; Vue packages/core/src/Tabs/TabsList.vue: component could not be analyzed ; Vue packages/core/src/Tabs/TabsRoot.vue: component could not be analyzed ; Vue packages/core/src/Tabs/TabsTrigger.vue: component could not be analyzed ; Vue packages/core/src/Tabs/story/Tabs.story.vue: runtime component/directive resolution requires full validation ; Vue packages/core/src/Tabs/story/TabsVertical.story.vue: runtime component/directive resolution requires full validation ; Vue packages/core/src/TagsInput/TagsInputClear.vue: component could not be analyzed ; Vue packages/core/src/TagsInput/TagsInputInput.vue: component could not be analyzed ; Vue packages/core/src/TagsInput/TagsInputItem.vue: component could not be analyzed ; Vue packages/core/src/TagsInput/TagsInputItemDelete.vue: component could not be analyzed ; Vue packages/core/src/TagsInput/TagsInputItemText.vue: component could not be analyzed ; Vue packages/core/src/TagsInput/TagsInputRoot.vue: component could not be analyzed ; Vue packages/core/src/TagsInput/story/TagsInput.story.vue: runtime component/directive resolution requires full validation ; Vue packages/core/src/TagsInput/story/TagsInputCombobox.story.vue: runtime component/directive resolution requires full validation ; Vue packages/core/src/TagsInput/story/TagsInputObject.story.vue: runtime component/directive resolution requires full validation ; Vue packages/core/src/TagsInput/story/_TagsInputObject.vue: component could not be analyzed ; Vue packages/core/src/TimeField/TimeFieldInput.vue: component could not be analyzed ; Vue packages/core/src/TimeField/TimeFieldRoot.vue: component could not be analyzed ; Vue packages/core/src/TimeField/story/TimeFieldChromatic.story.vue: runtime component/directive resolution requires full validation ; Vue packages/core/src/TimeField/story/TimeFieldDefault.story.vue: runtime component/directive resolution requires full validation ; Vue packages/core/src/TimeField/story/TimeFieldGranular.story.vue: runtime component/directive resolution requires full validation ; Vue packages/core/src/TimeField/story/TimeFieldInvalid.story.vue: runtime component/directive resolution requires full validation ; Vue packages/core/src/TimeField/story/TimeFieldLocales.story.vue: runtime component/directive resolution requires full validation ; Vue packages/core/src/Toast/ToastAction.vue: component could not be analyzed ; Vue packages/core/src/Toast/ToastAnnounceExclude.vue: component could not be analyzed ; Vue packages/core/src/Toast/ToastClose.vue: component could not be analyzed ; Vue packages/core/src/Toast/ToastDescription.vue: component could not be analyzed ; Vue packages/core/src/Toast/ToastPortal.vue: component could not be analyzed ; Vue packages/core/src/Toast/ToastRoot.vue: component could not be analyzed ; Vue packages/core/src/Toast/ToastRootImpl.vue: component could not be analyzed ; Vue packages/core/src/Toast/ToastTitle.vue: component could not be analyzed ; Vue packages/core/src/Toast/ToastViewport.vue: component could not be analyzed ; Vue packages/core/src/Toast/story/ToastDemo.story.vue: runtime component/directive resolution requires full validation ; Vue packages/core/src/Toast/story/ToastDemoFromDialog.story.vue: runtime component/directive resolution requires full validation ; Vue packages/core/src/Toast/story/ToastDemoKeyChange.story.vue: runtime component/directive resolution requires full validation ; Vue packages/core/src/Toast/story/ToastMultiple.story.vue: runtime component/directive resolution requires full validation ; Vue packages/core/src/Toggle/Toggle.story.vue: runtime component/directive resolution requires full validation ; Vue packages/core/src/Toggle/Toggle.vue: component could not be analyzed ; Vue packages/core/src/ToggleGroup/ToggleGroupItem.vue: component could not be analyzed ; Vue packages/core/src/ToggleGroup/ToggleGroupRoot.vue: component could not be analyzed ; Vue packages/core/src/ToggleGroup/story/ToggleGroup.story.vue: runtime component/directive resolution requires full validation ; Vue packages/core/src/ToggleGroup/story/_ToggleGroup.vue: component could not be analyzed ; Vue packages/core/src/Toolbar/ToolbarButton.vue: component could not be analyzed ; Vue packages/core/src/Toolbar/ToolbarLink.vue: component could not be analyzed ; Vue packages/core/src/Toolbar/ToolbarRoot.vue: component could not be analyzed ; Vue packages/core/src/Toolbar/ToolbarSeparator.vue: component could not be analyzed ; Vue packages/core/src/Toolbar/ToolbarToggleGroup.vue: component could not be analyzed ; Vue packages/core/src/Toolbar/ToolbarToggleItem.vue: component could not be analyzed ; Vue packages/core/src/Toolbar/story/Toolbar.story.vue: runtime component/directive resolution requires full validation ; Vue packages/core/src/Tooltip/TooltipArrow.vue: component could not be analyzed ; Vue packages/core/src/Tooltip/TooltipContent.vue: component could not be analyzed ; Vue packages/core/src/Tooltip/TooltipContentHoverable.vue: component could not be analyzed ; Vue packages/core/src/Tooltip/TooltipContentImpl.vue: component could not be analyzed ; Vue packages/core/src/Tooltip/TooltipPortal.vue: component could not be analyzed ; Vue packages/core/src/Tooltip/TooltipTrigger.vue: component could not be analyzed ; Vue packages/core/src/Tooltip/stories/Tooltip.content.story.vue: runtime component/directive resolution requires full validation ; Vue packages/core/src/Tooltip/stories/Tooltip.story.vue: runtime component/directive resolution requires full validation ; Vue packages/core/src/Tree/TreeItem.vue: component could not be analyzed ; Vue packages/core/src/Tree/TreeRoot.vue: component could not be analyzed ; Vue packages/core/src/Tree/TreeVirtualizer.vue: runtime component/directive resolution requires full validation ; Vue packages/core/src/Tree/story/TreeAsync.story.vue: runtime component/directive resolution requires full validation ; Vue packages/core/src/Tree/story/TreeBasic.story.vue: runtime component/directive resolution requires full validation ; Vue packages/core/src/Tree/story/TreeCheckbox.story.vue: runtime component/directive resolution requires full validation ; Vue packages/core/src/Tree/story/TreeNested.story.vue: runtime component/directive resolution requires full validation ; Vue packages/core/src/Tree/story/TreeVirtual.story.vue: runtime component/directive resolution requires full validation ; Vue packages/core/src/Tree/story/_Tree.vue: component could not be analyzed ; Vue packages/core/src/Viewport/Viewport.vue: component could not be analyzed ; Vue packages/core/src/VisuallyHidden/VisuallyHidden.vue: component could not be analyzed ; Vue packages/core/src/VisuallyHidden/VisuallyHiddenInput.vue: component could not be analyzed ; Vue packages/core/src/shared/component/Arrow.vue: component could not be analyzed ; Vue packages/core/src/shared/component/BaseSeparator.vue: component could not be analyzed ; Vue playground/nuxt/app.vue: runtime component/directive resolution requires full validation ; Vue playground/vue3/src/App.vue: runtime component/directive resolution requires full validation ; Unresolved Vue dependencies require full validation ; Dependency graph confidence is UNSAFE; full validation required"
"reka-ui","5","b9125cfd73c6f86158d2c86bae3326cf0d7a9cf9","e0343918af243a6c808da06c1abb115021839c56","fix(DateRangeField/RangeCalendar): null value throws error (#1788)","FULL_POLICY_MEASURED","FULL","7758","86330",,"Nuxt implicit routes and auto-imports require a dedicated framework adapter ; Vue docs/.vitepress/components/ComponentLoader.vue: runtime component/directive resolution requires full validation ; Vue docs/.vitepress/components/DocOutlineItem.vue: runtime component/directive resolution requires full validation ; Vue docs/.vitepress/components/HeroCodeGroup.vue: runtime component/directive resolution requires full validation ; Vue docs/.vitepress/components/HomePage.vue: runtime component/directive resolution requires full validation ; Vue docs/components/Demos.vue: runtime component/directive resolution requires full validation ; Vue docs/components/demo/DialogToaster/tailwind/index.vue: runtime component/directive resolution requires full validation ; Vue docs/components/prose/ProseA.vue: runtime component/directive resolution requires full validation ; Vue docs/components/prose/ProseH1.vue: runtime component/directive resolution requires full validation ; Vue docs/components/prose/ProseH2.vue: runtime component/directive resolution requires full validation ; Vue docs/components/prose/ProseH3.vue: runtime component/directive resolution requires full validation ; Vue packages/core/src/Accordion/AccordionContent.vue: component could not be analyzed ; Vue packages/core/src/Accordion/AccordionHeader.vue: component could not be analyzed ; Vue packages/core/src/Accordion/AccordionItem.vue: component could not be analyzed ; Vue packages/core/src/Accordion/AccordionRoot.vue: component could not be analyzed ; Vue packages/core/src/Accordion/AccordionTrigger.vue: component could not be analyzed ; Vue packages/core/src/Accordion/story/AccordionAnimated.story.vue: runtime component/directive resolution requires full validation ; Vue packages/core/src/Accordion/story/AccordionChromatic.story.vue: runtime component/directive resolution requires full validation ; Vue packages/core/src/Accordion/story/AccordionHorizontal.story.vue: runtime component/directive resolution requires full validation ; Vue packages/core/src/Accordion/story/AccordionMultiple.story.vue: runtime component/directive resolution requires full validation ; Vue packages/core/src/Accordion/story/AccordionSingle.story.vue: runtime component/directive resolution requires full validation ; Vue packages/core/src/Accordion/story/AccordionViewport.story.vue: runtime component/directive resolution requires full validation ; Vue packages/core/src/Accordion/story/_Accordion.vue: component could not be analyzed ; Vue packages/core/src/AlertDialog/AlertDialogAction.vue: component could not be analyzed ; Vue packages/core/src/AlertDialog/AlertDialogCancel.vue: component could not be analyzed ; Vue packages/core/src/AlertDialog/AlertDialogContent.vue: component could not be analyzed ; Vue packages/core/src/AlertDialog/AlertDialogDescription.vue: component could not be analyzed ; Vue packages/core/src/AlertDialog/AlertDialogOverlay.vue: component could not be analyzed ; Vue packages/core/src/AlertDialog/AlertDialogPortal.vue: component could not be analyzed ; Vue packages/core/src/AlertDialog/AlertDialogRoot.vue: component could not be analyzed ; Vue packages/core/src/AlertDialog/AlertDialogTitle.vue: component could not be analyzed ; Vue packages/core/src/AlertDialog/AlertDialogTrigger.vue: component could not be analyzed ; Vue packages/core/src/AlertDialog/story/AlertDialog.story.vue: runtime component/directive resolution requires full validation ; Vue packages/core/src/AspectRatio/AspectRatio.vue: component could not be analyzed ; Vue packages/core/src/AspectRatio/story/AspectRatio.story.vue: runtime component/directive resolution requires full validation ; Vue packages/core/src/Avatar/AvatarFallback.vue: component could not be analyzed ; Vue packages/core/src/Avatar/AvatarImage.vue: component could not be analyzed ; Vue packages/core/src/Avatar/AvatarRoot.vue: component could not be analyzed ; Vue packages/core/src/Avatar/story/Avatar.story.vue: runtime component/directive resolution requires full validation ; Vue packages/core/src/Calendar/CalendarCell.vue: component could not be analyzed ; Vue packages/core/src/Calendar/CalendarCellTrigger.vue: component could not be analyzed ; Vue packages/core/src/Calendar/CalendarGrid.vue: component could not be analyzed ; Vue packages/core/src/Calendar/CalendarGridBody.vue: component could not be analyzed ; Vue packages/core/src/Calendar/CalendarGridHead.vue: component could not be analyzed ; Vue packages/core/src/Calendar/CalendarGridRow.vue: component could not be analyzed ; Vue packages/core/src/Calendar/CalendarHeadCell.vue: component could not be analyzed ; Vue packages/core/src/Calendar/CalendarHeader.vue: component could not be analyzed ; Vue packages/core/src/Calendar/CalendarHeading.vue: component could not be analyzed ; Vue packages/core/src/Calendar/CalendarNext.vue: component could not be analyzed ; Vue packages/core/src/Calendar/CalendarPrev.vue: component could not be analyzed ; Vue packages/core/src/Calendar/CalendarRoot.vue: component could not be analyzed ; Vue packages/core/src/Calendar/story/CalendarChromatic.story.vue: runtime component/directive resolution requires full validation ; Vue packages/core/src/Calendar/story/CalendarDefault.story.vue: runtime component/directive resolution requires full validation ; Vue packages/core/src/Calendar/story/CalendarDir.story.vue: runtime component/directive resolution requires full validation ; Vue packages/core/src/Calendar/story/CalendarFixedWeeksForLocales.story.vue: runtime component/directive resolution requires full validation ; Vue packages/core/src/Calendar/story/CalendarLocales.story.vue: runtime component/directive resolution requires full validation ; Vue packages/core/src/Calendar/story/CalendarMultiple.story.vue: runtime component/directive resolution requires full validation ; Vue packages/core/src/Calendar/story/CalendarPopover.story.vue: runtime component/directive resolution requires full validation ; Vue packages/core/src/Calendar/story/CalendarSelect.story.vue: runtime component/directive resolution requires full validation ; Vue packages/core/src/Calendar/story/CalendarValidation.story.vue: runtime component/directive resolution requires full validation ; Vue packages/core/src/Calendar/story/CalendarYearIncrement.story.vue: runtime component/directive resolution requires full validation ; Vue packages/core/src/Calendar/story/_DummyCalendar.vue: component could not be analyzed ; Vue packages/core/src/Checkbox/CheckboxGroupRoot.vue: component could not be analyzed ; Vue packages/core/src/Checkbox/CheckboxIndicator.vue: component could not be analyzed ; Vue packages/core/src/Checkbox/CheckboxRoot.vue: component could not be analyzed ; Vue packages/core/src/Checkbox/story/Checkbox.story.vue: runtime component/directive resolution requires full validation ; Vue packages/core/src/Checkbox/story/CheckboxGroup.story.vue: runtime component/directive resolution requires full validation ; Vue packages/core/src/Checkbox/story/_Checkbox.vue: component could not be analyzed ; Vue packages/core/src/Checkbox/story/_CheckboxGroup.vue: component could not be analyzed ; Vue packages/core/src/Collapsible/CollapsibleContent.vue: component could not be analyzed ; Vue packages/core/src/Collapsible/CollapsibleRoot.vue: component could not be analyzed ; Vue packages/core/src/Collapsible/CollapsibleTrigger.vue: component could not be analyzed ; Vue packages/core/src/Collapsible/story/Collapsible.story.vue: runtime component/directive resolution requires full validation ; Vue packages/core/src/Collapsible/story/_Collapsible.vue: component could not be analyzed ; Vue packages/core/src/Combobox/ComboboxAnchor.vue: component could not be analyzed ; Vue packages/core/src/Combobox/ComboboxArrow.vue: component could not be analyzed ; Vue packages/core/src/Combobox/ComboboxCancel.vue: component could not be analyzed ; Vue packages/core/src/Combobox/ComboboxContent.vue: component could not be analyzed ; Vue packages/core/src/Combobox/ComboboxContentImpl.vue: component could not be analyzed ; Vue packages/core/src/Combobox/ComboboxEmpty.vue: component could not be analyzed ; Vue packages/core/src/Combobox/ComboboxGroup.vue: component could not be analyzed ; Vue packages/core/src/Combobox/ComboboxInput.vue: component could not be analyzed ; Vue packages/core/src/Combobox/ComboboxItem.vue: component could not be analyzed ; Vue packages/core/src/Combobox/ComboboxItemIndicator.vue: component could not be analyzed ; Vue packages/core/src/Combobox/ComboboxLabel.vue: component could not be analyzed ; Vue packages/core/src/Combobox/ComboboxPortal.vue: component could not be analyzed ; Vue packages/core/src/Combobox/ComboboxRoot.vue: component could not be analyzed ; Vue packages/core/src/Combobox/ComboboxSeparator.vue: component could not be analyzed ; Vue packages/core/src/Combobox/ComboboxTrigger.vue: component could not be analyzed ; Vue packages/core/src/Combobox/ComboboxViewport.vue: component could not be analyzed ; Vue packages/core/src/Combobox/ComboboxVirtualizer.vue: component could not be analyzed ; Vue packages/core/src/Combobox/story/ComboboxAsync.story.vue: runtime component/directive resolution requires full validation ; Vue packages/core/src/Combobox/story/ComboboxBasic.story.vue: runtime component/directive resolution requires full validation ; Vue packages/core/src/Combobox/story/ComboboxCustom.story.vue: runtime component/directive resolution requires full validation ; Vue packages/core/src/Combobox/story/ComboboxMultiple.story.vue: runtime component/directive resolution requires full validation ; Vue packages/core/src/Combobox/story/ComboboxObject.story.vue: runtime component/directive resolution requires full validation ; Vue packages/core/src/Combobox/story/ComboboxReactive.story.vue: runtime component/directive resolution requires full validation ; Vue packages/core/src/Combobox/story/ComboboxScrolling.story.vue: runtime component/directive resolution requires full validation ; Vue packages/core/src/Combobox/story/ComboboxSelectMenu.story.vue: runtime component/directive resolution requires full validation ; Vue packages/core/src/Combobox/story/ComboboxVirtual.story.vue: runtime component/directive resolution requires full validation ; Vue packages/core/src/Combobox/story/_Combobox.vue: component could not be analyzed ; Vue packages/core/src/Combobox/story/_ComboboxManualFilter.vue: component could not be analyzed ; Vue packages/core/src/Combobox/story/_ComboboxObject.vue: component could not be analyzed ; Vue packages/core/src/ConfigProvider/_ConfigProvider.vue: component could not be analyzed ; Vue packages/core/src/ContextMenu/ContextMenuArrow.vue: component could not be analyzed ; Vue packages/core/src/ContextMenu/ContextMenuCheckboxItem.vue: component could not be analyzed ; Vue packages/core/src/ContextMenu/ContextMenuContent.vue: component could not be analyzed ; Vue packages/core/src/ContextMenu/ContextMenuGroup.vue: component could not be analyzed ; Vue packages/core/src/ContextMenu/ContextMenuItem.vue: component could not be analyzed ; Vue packages/core/src/ContextMenu/ContextMenuItemIndicator.vue: component could not be analyzed ; Vue packages/core/src/ContextMenu/ContextMenuLabel.vue: component could not be analyzed ; Vue packages/core/src/ContextMenu/ContextMenuPortal.vue: component could not be analyzed ; Vue packages/core/src/ContextMenu/ContextMenuRadioGroup.vue: component could not be analyzed ; Vue packages/core/src/ContextMenu/ContextMenuRadioItem.vue: component could not be analyzed ; Vue packages/core/src/ContextMenu/ContextMenuRoot.vue: component could not be analyzed ; Vue packages/core/src/ContextMenu/ContextMenuSeparator.vue: component could not be analyzed ; Vue packages/core/src/ContextMenu/ContextMenuSub.vue: component could not be analyzed ; Vue packages/core/src/ContextMenu/ContextMenuSubContent.vue: component could not be analyzed ; Vue packages/core/src/ContextMenu/ContextMenuSubTrigger.vue: component could not be analyzed ; Vue packages/core/src/ContextMenu/ContextMenuTrigger.vue: component could not be analyzed ; Vue packages/core/src/ContextMenu/story/ContextMenu.story.vue: runtime component/directive resolution requires full validation ; Vue packages/core/src/DateField/DateFieldInput.vue: component could not be analyzed ; Vue packages/core/src/DateField/DateFieldRoot.vue: component could not be analyzed ; Vue packages/core/src/DateField/story/DateFieldChromatic.story.vue: runtime component/directive resolution requires full validation ; Vue packages/core/src/DateField/story/DateFieldDefault.story.vue: runtime component/directive resolution requires full validation ; Vue packages/core/src/DateField/story/DateFieldGranular.story.vue: runtime component/directive resolution requires full validation ; Vue packages/core/src/DateField/story/DateFieldInvalid.story.vue: runtime component/directive resolution requires full validation ; Vue packages/core/src/DateField/story/DateFieldLocales.story.vue: runtime component/directive resolution requires full validation ; Vue packages/core/src/DatePicker/DatePickerAnchor.vue: component could not be analyzed ; Vue packages/core/src/DatePicker/DatePickerArrow.vue: component could not be analyzed ; Vue packages/core/src/DatePicker/DatePickerCell.vue: component could not be analyzed ; Vue packages/core/src/DatePicker/DatePickerCellTrigger.vue: component could not be analyzed ; Vue packages/core/src/DatePicker/DatePickerClose.vue: component could not be analyzed ; Vue packages/core/src/DatePicker/DatePickerContent.vue: component could not be analyzed ; Vue packages/core/src/DatePicker/DatePickerGrid.vue: component could not be analyzed ; Vue packages/core/src/DatePicker/DatePickerGridBody.vue: component could not be analyzed ; Vue packages/core/src/DatePicker/DatePickerGridHead.vue: component could not be analyzed ; Vue packages/core/src/DatePicker/DatePickerGridRow.vue: component could not be analyzed ; Vue packages/core/src/DatePicker/DatePickerHeadCell.vue: component could not be analyzed ; Vue packages/core/src/DatePicker/DatePickerHeader.vue: component could not be analyzed ; Vue packages/core/src/DatePicker/DatePickerHeading.vue: component could not be analyzed ; Vue packages/core/src/DatePicker/DatePickerInput.vue: component could not be analyzed ; Vue packages/core/src/DatePicker/DatePickerNext.vue: component could not be analyzed ; Vue packages/core/src/DatePicker/DatePickerPrev.vue: component could not be analyzed ; Vue packages/core/src/DatePicker/DatePickerRoot.vue: component could not be analyzed ; Vue packages/core/src/DatePicker/DatePickerTrigger.vue: component could not be analyzed ; Vue packages/core/src/DatePicker/story/DatePickerChromatic.story.vue: runtime component/directive resolution requires full validation ; Vue packages/core/src/DatePicker/story/DatePickerDefault.story.vue: runtime component/directive resolution requires full validation ; Vue packages/core/src/DatePicker/story/DatePickerGranular.story.vue: runtime component/directive resolution requires full validation ; Vue packages/core/src/DatePicker/story/DatePickerValidation.story.vue: runtime component/directive resolution requires full validation ; Vue packages/core/src/DatePicker/story/_DummyDatePicker.vue: component could not be analyzed ; Vue packages/core/src/DateRangeField/DateRangeFieldInput.vue: component could not be analyzed ; Vue packages/core/src/DateRangeField/DateRangeFieldRoot.vue: component could not be analyzed ; Vue packages/core/src/DateRangeField/story/DateRangeFieldChromatic.story.vue: runtime component/directive resolution requires full validation ; Vue packages/core/src/DateRangeField/story/DateRangeFieldDefault.story.vue: runtime component/directive resolution requires full validation ; Vue packages/core/src/DateRangeField/story/DateRangeFieldGranular.story.vue: runtime component/directive resolution requires full validation ; Vue packages/core/src/DateRangeField/story/DateRangeFieldValidation.story.vue: runtime component/directive resolution requires full validation ; Vue packages/core/src/DateRangeField/story/_DummyDateRangeField.vue: component could not be analyzed ; Vue packages/core/src/DateRangePicker/DateRangePickerAnchor.vue: component could not be analyzed ; Vue packages/core/src/DateRangePicker/DateRangePickerArrow.vue: component could not be analyzed ; Vue packages/core/src/DateRangePicker/DateRangePickerCell.vue: component could not be analyzed ; Vue packages/core/src/DateRangePicker/DateRangePickerCellTrigger.vue: component could not be analyzed ; Vue packages/core/src/DateRangePicker/DateRangePickerClose.vue: component could not be analyzed ; Vue packages/core/src/DateRangePicker/DateRangePickerContent.vue: component could not be analyzed ; Vue packages/core/src/DateRangePicker/DateRangePickerGrid.vue: component could not be analyzed ; Vue packages/core/src/DateRangePicker/DateRangePickerGridBody.vue: component could not be analyzed ; Vue packages/core/src/DateRangePicker/DateRangePickerGridHead.vue: component could not be analyzed ; Vue packages/core/src/DateRangePicker/DateRangePickerGridRow.vue: component could not be analyzed ; Vue packages/core/src/DateRangePicker/DateRangePickerHeadCell.vue: component could not be analyzed ; Vue packages/core/src/DateRangePicker/DateRangePickerHeader.vue: component could not be analyzed ; Vue packages/core/src/DateRangePicker/DateRangePickerHeading.vue: component could not be analyzed ; Vue packages/core/src/DateRangePicker/DateRangePickerInput.vue: component could not be analyzed ; Vue packages/core/src/DateRangePicker/DateRangePickerNext.vue: component could not be analyzed ; Vue packages/core/src/DateRangePicker/DateRangePickerPrev.vue: component could not be analyzed ; Vue packages/core/src/DateRangePicker/DateRangePickerRoot.vue: component could not be analyzed ; Vue packages/core/src/DateRangePicker/DateRangePickerTrigger.vue: component could not be analyzed ; Vue packages/core/src/DateRangePicker/story/DateRangePickerChromatic.story.vue: runtime component/directive resolution requires full validation ; Vue packages/core/src/DateRangePicker/story/DateRangePickerDefault.story.vue: runtime component/directive resolution requires full validation ; Vue packages/core/src/DateRangePicker/story/DateRangePickerGranular.story.vue: runtime component/directive resolution requires full validation ; Vue packages/core/src/DateRangePicker/story/DateRangePickerValidation.story.vue: runtime component/directive resolution requires full validation ; Vue packages/core/src/DateRangePicker/story/_DummyDateRangePicker.vue: component could not be analyzed ; Vue packages/core/src/Dialog/DialogClose.vue: component could not be analyzed ; Vue packages/core/src/Dialog/DialogContent.vue: component could not be analyzed ; Vue packages/core/src/Dialog/DialogContentImpl.vue: component could not be analyzed ; Vue packages/core/src/Dialog/DialogContentModal.vue: component could not be analyzed ; Vue packages/core/src/Dialog/DialogContentNonModal.vue: component could not be analyzed ; Vue packages/core/src/Dialog/DialogDescription.vue: component could not be analyzed ; Vue packages/core/src/Dialog/DialogOverlay.vue: component could not be analyzed ; Vue packages/core/src/Dialog/DialogOverlayImpl.vue: component could not be analyzed ; Vue packages/core/src/Dialog/DialogPortal.vue: component could not be analyzed ; Vue packages/core/src/Dialog/DialogTitle.vue: component could not be analyzed ; Vue packages/core/src/Dialog/DialogTrigger.vue: component could not be analyzed ; Vue packages/core/src/Dialog/story/Dialog.story.vue: runtime component/directive resolution requires full validation ; Vue packages/core/src/Dialog/story/DialogExternalTrigger.story.vue: runtime component/directive resolution requires full validation ; Vue packages/core/src/Dialog/story/DialogProgrammatic.story.vue: runtime component/directive resolution requires full validation ; Vue packages/core/src/Dialog/story/DialogWithDropdown.story.vue: runtime component/directive resolution requires full validation ; Vue packages/core/src/DismissableLayer/DismissableLayer.vue: component could not be analyzed ; Vue packages/core/src/DismissableLayer/DismissableLayerBranch.vue: component could not be analyzed ; Vue packages/core/src/DismissableLayer/story/DismissableLayerBasic.story.vue: runtime component/directive resolution requires full validation ; Vue packages/core/src/DismissableLayer/story/DismissableLayerDialog.story.vue: runtime component/directive resolution requires full validation ; Vue packages/core/src/DismissableLayer/story/DismissableLayerPopoverNested.story.vue: runtime component/directive resolution requires full validation ; Vue packages/core/src/DismissableLayer/story/_DismissableLayer.vue: component could not be analyzed ; Vue packages/core/src/DropdownMenu/DropdownMenuArrow.vue: component could not be analyzed ; Vue packages/core/src/DropdownMenu/DropdownMenuCheckboxItem.vue: component could not be analyzed ; Vue packages/core/src/DropdownMenu/DropdownMenuContent.vue: component could not be analyzed ; Vue packages/core/src/DropdownMenu/DropdownMenuGroup.vue: component could not be analyzed ; Vue packages/core/src/DropdownMenu/DropdownMenuItem.vue: component could not be analyzed ; Vue packages/core/src/DropdownMenu/DropdownMenuItemIndicator.vue: component could not be analyzed ; Vue packages/core/src/DropdownMenu/DropdownMenuLabel.vue: component could not be analyzed ; Vue packages/core/src/DropdownMenu/DropdownMenuPortal.vue: component could not be analyzed ; Vue packages/core/src/DropdownMenu/DropdownMenuRadioGroup.vue: component could not be analyzed ; Vue packages/core/src/DropdownMenu/DropdownMenuRadioItem.vue: component could not be analyzed ; Vue packages/core/src/DropdownMenu/DropdownMenuRoot.vue: component could not be analyzed ; Vue packages/core/src/DropdownMenu/DropdownMenuSeparator.vue: component could not be analyzed ; Vue packages/core/src/DropdownMenu/DropdownMenuSub.vue: component could not be analyzed ; Vue packages/core/src/DropdownMenu/DropdownMenuSubContent.vue: component could not be analyzed ; Vue packages/core/src/DropdownMenu/DropdownMenuSubTrigger.vue: component could not be analyzed ; Vue packages/core/src/DropdownMenu/DropdownMenuTrigger.vue: component could not be analyzed ; Vue packages/core/src/DropdownMenu/story/DropdownMenu.story.vue: runtime component/directive resolution requires full validation ; Vue packages/core/src/DropdownMenu/story/_DropdownMenu.vue: component could not be analyzed ; Vue packages/core/src/Editable/EditableArea.vue: component could not be analyzed ; Vue packages/core/src/Editable/EditableCancelTrigger.vue: component could not be analyzed ; Vue packages/core/src/Editable/EditableEditTrigger.vue: component could not be analyzed ; Vue packages/core/src/Editable/EditableInput.vue: component could not be analyzed ; Vue packages/core/src/Editable/EditablePreview.vue: component could not be analyzed ; Vue packages/core/src/Editable/EditableRoot.vue: component could not be analyzed ; Vue packages/core/src/Editable/EditableSubmitTrigger.vue: component could not be analyzed ; Vue packages/core/src/Editable/story/EditableChromatic.story.vue: runtime component/directive resolution requires full validation ; Vue packages/core/src/Editable/story/EditableDefault.story.vue: runtime component/directive resolution requires full validation ; Vue packages/core/src/Editable/story/_DummyEditable.vue: component could not be analyzed ; Vue packages/core/src/FocusScope/FocusScope.vue: component could not be analyzed ; Vue packages/core/src/FocusScope/story/FocusScopeMultiple.story.vue: runtime component/directive resolution requires full validation ; Vue packages/core/src/HoverCard/HoverCardArrow.vue: component could not be analyzed ; Vue packages/core/src/HoverCard/HoverCardContent.vue: component could not be analyzed ; Vue packages/core/src/HoverCard/HoverCardContentImpl.vue: component could not be analyzed ; Vue packages/core/src/HoverCard/HoverCardPortal.vue: component could not be analyzed ; Vue packages/core/src/HoverCard/HoverCardTrigger.vue: component could not be analyzed ; Vue packages/core/src/HoverCard/story/HoverCard.story.vue: runtime component/directive resolution requires full validation ; Vue packages/core/src/HoverCard/story/HoverMultiCard.story.vue: runtime component/directive resolution requires full validation ; Vue packages/core/src/Label/Label.story.vue: runtime component/directive resolution requires full validation ; Vue packages/core/src/Label/Label.vue: component could not be analyzed ; Vue packages/core/src/Listbox/ListboxContent.vue: component could not be analyzed ; Vue packages/core/src/Listbox/ListboxFilter.vue: component could not be analyzed ; Vue packages/core/src/Listbox/ListboxGroup.vue: component could not be analyzed ; Vue packages/core/src/Listbox/ListboxGroupLabel.vue: component could not be analyzed ; Vue packages/core/src/Listbox/ListboxItem.vue: component could not be analyzed ; Vue packages/core/src/Listbox/ListboxItemIndicator.vue: component could not be analyzed ; Vue packages/core/src/Listbox/ListboxRoot.vue: component could not be analyzed ; Vue packages/core/src/Listbox/ListboxVirtualizer.vue: runtime component/directive resolution requires full validation ; Vue packages/core/src/Listbox/story/ListboxChromatic.story.vue: runtime component/directive resolution requires full validation ; Vue packages/core/src/Listbox/story/ListboxDemo.story.vue: runtime component/directive resolution requires full validation ; Vue packages/core/src/Listbox/story/ListboxFilter.story.vue: runtime component/directive resolution requires full validation ; Vue packages/core/src/Listbox/story/ListboxVirtual.story.vue: runtime component/directive resolution requires full validation ; Vue packages/core/src/Listbox/story/_Listbox.vue: component could not be analyzed ; Vue packages/core/src/Menu/MenuAnchor.vue: component could not be analyzed ; Vue packages/core/src/Menu/MenuArrow.vue: component could not be analyzed ; Vue packages/core/src/Menu/MenuCheckboxItem.vue: component could not be analyzed ; Vue packages/core/src/Menu/MenuContent.vue: component could not be analyzed ; Vue packages/core/src/Menu/MenuContentImpl.vue: component could not be analyzed ; Vue packages/core/src/Menu/MenuGroup.vue: component could not be analyzed ; Vue packages/core/src/Menu/MenuItem.vue: component could not be analyzed ; Vue packages/core/src/Menu/MenuItemImpl.vue: component could not be analyzed ; Vue packages/core/src/Menu/MenuItemIndicator.vue: component could not be analyzed ; Vue packages/core/src/Menu/MenuLabel.vue: component could not be analyzed ; Vue packages/core/src/Menu/MenuPortal.vue: component could not be analyzed ; Vue packages/core/src/Menu/MenuRadioGroup.vue: component could not be analyzed ; Vue packages/core/src/Menu/MenuRadioItem.vue: component could not be analyzed ; Vue packages/core/src/Menu/MenuRootContentModal.vue: component could not be analyzed ; Vue packages/core/src/Menu/MenuRootContentNonModal.vue: component could not be analyzed ; Vue packages/core/src/Menu/MenuSeparator.vue: component could not be analyzed ; Vue packages/core/src/Menu/MenuSubContent.vue: component could not be analyzed ; Vue packages/core/src/Menu/MenuSubTrigger.vue: component could not be analyzed ; Vue packages/core/src/Menu/story/MenuCheckboxItems.story.vue: runtime component/directive resolution requires full validation ; Vue packages/core/src/Menu/story/MenuRadioItems.story.vue: runtime component/directive resolution requires full validation ; Vue packages/core/src/Menu/story/MenuStyled.story.vue: runtime component/directive resolution requires full validation ; Vue packages/core/src/Menu/story/MenuSubMenu.story.vue: runtime component/directive resolution requires full validation ; Vue packages/core/src/Menu/story/MenuWithLabels.story.vue: runtime component/directive resolution requires full validation ; Vue packages/core/src/Menu/story/_Menu.vue: component could not be analyzed ; Vue packages/core/src/Menu/story/_MenuWithAnchor.vue: component could not be analyzed ; Vue packages/core/src/Menubar/MenubarArrow.vue: component could not be analyzed ; Vue packages/core/src/Menubar/MenubarCheckboxItem.vue: component could not be analyzed ; Vue packages/core/src/Menubar/MenubarContent.vue: component could not be analyzed ; Vue packages/core/src/Menubar/MenubarGroup.vue: component could not be analyzed ; Vue packages/core/src/Menubar/MenubarItem.vue: component could not be analyzed ; Vue packages/core/src/Menubar/MenubarItemIndicator.vue: component could not be analyzed ; Vue packages/core/src/Menubar/MenubarLabel.vue: component could not be analyzed ; Vue packages/core/src/Menubar/MenubarPortal.vue: component could not be analyzed ; Vue packages/core/src/Menubar/MenubarRadioGroup.vue: component could not be analyzed ; Vue packages/core/src/Menubar/MenubarRadioItem.vue: component could not be analyzed ; Vue packages/core/src/Menubar/MenubarSeparator.vue: component could not be analyzed ; Vue packages/core/src/Menubar/MenubarSub.vue: component could not be analyzed ; Vue packages/core/src/Menubar/MenubarSubContent.vue: component could not be analyzed ; Vue packages/core/src/Menubar/MenubarSubTrigger.vue: component could not be analyzed ; Vue packages/core/src/Menubar/MenubarTrigger.vue: component could not be analyzed ; Vue packages/core/src/Menubar/story/Menubar.story.vue: runtime component/directive resolution requires full validation ; Vue packages/core/src/Menubar/story/_Menubar.vue: component could not be analyzed ; Vue packages/core/src/NavigationMenu/NavigationMenuContent.vue: component could not be analyzed ; Vue packages/core/src/NavigationMenu/NavigationMenuContentImpl.vue: component could not be analyzed ; Vue packages/core/src/NavigationMenu/NavigationMenuIndicator.vue: component could not be analyzed ; Vue packages/core/src/NavigationMenu/NavigationMenuItem.vue: component could not be analyzed ; Vue packages/core/src/NavigationMenu/NavigationMenuLink.vue: component could not be analyzed ; Vue packages/core/src/NavigationMenu/NavigationMenuList.vue: component could not be analyzed ; Vue packages/core/src/NavigationMenu/NavigationMenuRoot.vue: component could not be analyzed ; Vue packages/core/src/NavigationMenu/NavigationMenuSub.vue: component could not be analyzed ; Vue packages/core/src/NavigationMenu/NavigationMenuTrigger.vue: component could not be analyzed ; Vue packages/core/src/NavigationMenu/NavigationMenuViewport.vue: component could not be analyzed ; Vue packages/core/src/NavigationMenu/story/NavigationMenuAlignment.story.vue: runtime component/directive resolution requires full validation ; Vue packages/core/src/NavigationMenu/story/NavigationMenuBasic.story.vue: runtime component/directive resolution requires full validation ; Vue packages/core/src/NavigationMenu/story/NavigationMenuChromatic.story.vue: runtime component/directive resolution requires full validation ; Vue packages/core/src/NavigationMenu/story/NavigationMenuDemo.story.vue: runtime component/directive resolution requires full validation ; Vue packages/core/src/NavigationMenu/story/NavigationMenuSubmenus.story.vue: runtime component/directive resolution requires full validation ; Vue packages/core/src/NavigationMenu/story/NavigationMenuViewport.story.vue: runtime component/directive resolution requires full validation ; Vue packages/core/src/NumberField/NumberFieldDecrement.vue: component could not be analyzed ; Vue packages/core/src/NumberField/NumberFieldIncrement.vue: component could not be analyzed ; Vue packages/core/src/NumberField/NumberFieldInput.vue: component could not be analyzed ; Vue packages/core/src/NumberField/NumberFieldRoot.vue: component could not be analyzed ; Vue packages/core/src/NumberField/story/NumberField.story.vue: runtime component/directive resolution requires full validation ; Vue packages/core/src/NumberField/story/NumberFieldChromatic.story.vue: runtime component/directive resolution requires full validation ; Vue packages/core/src/NumberField/story/_NumberField.vue: component could not be analyzed ; Vue packages/core/src/Pagination/PaginationEllipsis.vue: component could not be analyzed ; Vue packages/core/src/Pagination/PaginationFirst.vue: component could not be analyzed ; Vue packages/core/src/Pagination/PaginationLast.vue: component could not be analyzed ; Vue packages/core/src/Pagination/PaginationList.vue: component could not be analyzed ; Vue packages/core/src/Pagination/PaginationListItem.vue: component could not be analyzed ; Vue packages/core/src/Pagination/PaginationNext.vue: component could not be analyzed ; Vue packages/core/src/Pagination/PaginationPrev.vue: component could not be analyzed ; Vue packages/core/src/Pagination/PaginationRoot.vue: component could not be analyzed ; Vue packages/core/src/Pagination/story/PaginationDefault.story.vue: runtime component/directive resolution requires full validation ; Vue packages/core/src/PinInput/PinInputInput.vue: component could not be analyzed ; Vue packages/core/src/PinInput/PinInputRoot.vue: component could not be analyzed ; Vue packages/core/src/PinInput/story/PinInput.story.vue: runtime component/directive resolution requires full validation ; Vue packages/core/src/PinInput/story/PinInputNumeric.story.vue: runtime component/directive resolution requires full validation ; Vue packages/core/src/PinInput/story/_PinInput.vue: component could not be analyzed ; Vue packages/core/src/Popover/PopoverAnchor.vue: component could not be analyzed ; Vue packages/core/src/Popover/PopoverArrow.vue: component could not be analyzed ; Vue packages/core/src/Popover/PopoverClose.vue: component could not be analyzed ; Vue packages/core/src/Popover/PopoverContent.vue: component could not be analyzed ; Vue packages/core/src/Popover/PopoverContentImpl.vue: component could not be analyzed ; Vue packages/core/src/Popover/PopoverContentModal.vue: component could not be analyzed ; Vue packages/core/src/Popover/PopoverContentNonModal.vue: component could not be analyzed ; Vue packages/core/src/Popover/PopoverPortal.vue: component could not be analyzed ; Vue packages/core/src/Popover/PopoverTrigger.vue: component could not be analyzed ; Vue packages/core/src/Popover/story/PopoverBodyLock.story.vue: runtime component/directive resolution requires full validation ; Vue packages/core/src/Popover/story/PopoverBoundary.story.vue: runtime component/directive resolution requires full validation ; Vue packages/core/src/Popover/story/PopoverCustomAnchor.story.vue: runtime component/directive resolution requires full validation ; Vue packages/core/src/Popover/story/PopoverCustomArrow.story.vue: runtime component/directive resolution requires full validation ; Vue packages/core/src/Popover/story/PopoverDemo.story.vue: runtime component/directive resolution requires full validation ; Vue packages/core/src/Popover/story/PopoverForceMount.story.vue: runtime component/directive resolution requires full validation ; Vue packages/core/src/Popover/story/PopoverModality.story.vue: runtime component/directive resolution requires full validation ; Vue packages/core/src/Popover/story/PopoverNested.story.vue: runtime component/directive resolution requires full validation ; Vue packages/core/src/Popper/PopperAnchor.vue: component could not be analyzed ; Vue packages/core/src/Popper/PopperArrow.vue: component could not be analyzed ; Vue packages/core/src/Popper/PopperContent.vue: component could not be analyzed ; Vue packages/core/src/Presence/story/PresenceAnimation.story.vue: runtime component/directive resolution requires full validation ; Vue packages/core/src/Presence/story/PresenceBasic.story.vue: runtime component/directive resolution requires full validation ; Vue packages/core/src/Presence/story/PresenceTransition.story.vue: runtime component/directive resolution requires full validation ; Vue packages/core/src/Progress/ProgressIndicator.vue: component could not be analyzed ; Vue packages/core/src/Progress/ProgressRoot.vue: component could not be analyzed ; Vue packages/core/src/Progress/story/Progress.story.vue: runtime component/directive resolution requires full validation ; Vue packages/core/src/RadioGroup/Radio.vue: component could not be analyzed ; Vue packages/core/src/RadioGroup/RadioGroupIndicator.vue: component could not be analyzed ; Vue packages/core/src/RadioGroup/RadioGroupItem.vue: component could not be analyzed ; Vue packages/core/src/RadioGroup/RadioGroupRoot.vue: component could not be analyzed ; Vue packages/core/src/RadioGroup/story/RadioGroup.story.vue: runtime component/directive resolution requires full validation ; Vue packages/core/src/RangeCalendar/RangeCalendarCell.vue: component could not be analyzed ; Vue packages/core/src/RangeCalendar/RangeCalendarCellTrigger.vue: component could not be analyzed ; Vue packages/core/src/RangeCalendar/RangeCalendarGrid.vue: component could not be analyzed ; Vue packages/core/src/RangeCalendar/RangeCalendarGridBody.vue: component could not be analyzed ; Vue packages/core/src/RangeCalendar/RangeCalendarGridHead.vue: component could not be analyzed ; Vue packages/core/src/RangeCalendar/RangeCalendarGridRow.vue: component could not be analyzed ; Vue packages/core/src/RangeCalendar/RangeCalendarHeadCell.vue: component could not be analyzed ; Vue packages/core/src/RangeCalendar/RangeCalendarHeader.vue: component could not be analyzed ; Vue packages/core/src/RangeCalendar/RangeCalendarHeading.vue: component could not be analyzed ; Vue packages/core/src/RangeCalendar/RangeCalendarNext.vue: component could not be analyzed ; Vue packages/core/src/RangeCalendar/RangeCalendarPrev.vue: component could not be analyzed ; Vue packages/core/src/RangeCalendar/RangeCalendarRoot.vue: component could not be analyzed ; Vue packages/core/src/RangeCalendar/story/RangeCalendarChromatic.story.vue: runtime component/directive resolution requires full validation ; Vue packages/core/src/RangeCalendar/story/RangeCalendarDefault.story.vue: runtime component/directive resolution requires full validation ; Vue packages/core/src/RangeCalendar/story/RangeCalendarMultiple.story.vue: runtime component/directive resolution requires full validation ; Vue packages/core/src/RangeCalendar/story/RangeCalendarPopover.story.vue: runtime component/directive resolution requires full validation ; Vue packages/core/src/RangeCalendar/story/RangeCalendarValidation.story.vue: runtime component/directive resolution requires full validation ; Vue packages/core/src/RangeCalendar/story/_DummyRangeCalendar.vue: component could not be analyzed ; Vue packages/core/src/RovingFocus/RovingFocusGroup.vue: component could not be analyzed ; Vue packages/core/src/RovingFocus/RovingFocusItem.vue: component could not be analyzed ; Vue packages/core/src/RovingFocus/story/RovingFocusBasic.story.vue: runtime component/directive resolution requires full validation ; Vue packages/core/src/RovingFocus/story/_Button.vue: component could not be analyzed ; Vue packages/core/src/RovingFocus/story/_ButtonGroup.vue: component could not be analyzed ; Vue packages/core/src/ScrollArea/ScrollAreaCorner.vue: component could not be analyzed ; Vue packages/core/src/ScrollArea/ScrollAreaRoot.vue: component could not be analyzed ; Vue packages/core/src/ScrollArea/ScrollAreaScrollbar.vue: component could not be analyzed ; Vue packages/core/src/ScrollArea/ScrollAreaScrollbarHover.vue: component could not be analyzed ; Vue packages/core/src/ScrollArea/ScrollAreaThumb.vue: component could not be analyzed ; Vue packages/core/src/ScrollArea/ScrollAreaViewport.vue: component could not be analyzed ; Vue packages/core/src/ScrollArea/story/ScrollAreaBasic.story.vue: runtime component/directive resolution requires full validation ; Vue packages/core/src/ScrollArea/story/ScrollAreaChromatic.story.vue: runtime component/directive resolution requires full validation ; Vue packages/core/src/ScrollArea/story/ScrollAreaChromaticBoth.story.vue: runtime component/directive resolution requires full validation ; Vue packages/core/src/ScrollArea/story/ScrollAreaChromaticHorizontal.story.vue: runtime component/directive resolution requires full validation ; Vue packages/core/src/ScrollArea/story/ScrollAreaChromaticVertical.story.vue: runtime component/directive resolution requires full validation ; Vue packages/core/src/ScrollArea/story/_ScrollArea.vue: component could not be analyzed ; Vue packages/core/src/ScrollArea/story/_ScrollAreaStory.vue: component could not be analyzed ; Vue packages/core/src/Select/SelectArrow.vue: component could not be analyzed ; Vue packages/core/src/Select/SelectContent.vue: component could not be analyzed ; Vue packages/core/src/Select/SelectContentImpl.vue: component could not be analyzed ; Vue packages/core/src/Select/SelectGroup.vue: component could not be analyzed ; Vue packages/core/src/Select/SelectIcon.vue: component could not be analyzed ; Vue packages/core/src/Select/SelectItem.vue: component could not be analyzed ; Vue packages/core/src/Select/SelectItemAlignedPosition.vue: component could not be analyzed ; Vue packages/core/src/Select/SelectItemIndicator.vue: component could not be analyzed ; Vue packages/core/src/Select/SelectItemText.vue: component could not be analyzed ; Vue packages/core/src/Select/SelectLabel.vue: component could not be analyzed ; Vue packages/core/src/Select/SelectPopperPosition.vue: component could not be analyzed ; Vue packages/core/src/Select/SelectPortal.vue: component could not be analyzed ; Vue packages/core/src/Select/SelectRoot.vue: component could not be analyzed ; Vue packages/core/src/Select/SelectScrollDownButton.vue: component could not be analyzed ; Vue packages/core/src/Select/SelectScrollUpButton.vue: component could not be analyzed ; Vue packages/core/src/Select/SelectSeparator.vue: component could not be analyzed ; Vue packages/core/src/Select/SelectTrigger.vue: component could not be analyzed ; Vue packages/core/src/Select/SelectValue.vue: component could not be analyzed ; Vue packages/core/src/Select/SelectViewport.vue: component could not be analyzed ; Vue packages/core/src/Select/story/SelectDemo.story.vue: runtime component/directive resolution requires full validation ; Vue packages/core/src/Select/story/SelectForm.story.vue: runtime component/directive resolution requires full validation ; Vue packages/core/src/Select/story/SelectWithinDialog.story.vue: runtime component/directive resolution requires full validation ; Vue packages/core/src/Select/story/_SelectTest.vue: component could not be analyzed ; Vue packages/core/src/Separator/Separator.story.vue: runtime component/directive resolution requires full validation ; Vue packages/core/src/Separator/Separator.vue: component could not be analyzed ; Vue packages/core/src/Slider/SliderHorizontal.vue: component could not be analyzed ; Vue packages/core/src/Slider/SliderImpl.vue: component could not be analyzed ; Vue packages/core/src/Slider/SliderRange.vue: component could not be analyzed ; Vue packages/core/src/Slider/SliderRoot.vue: component could not be analyzed ; Vue packages/core/src/Slider/SliderThumb.vue: component could not be analyzed ; Vue packages/core/src/Slider/SliderThumbImpl.vue: component could not be analyzed ; Vue packages/core/src/Slider/SliderTrack.vue: component could not be analyzed ; Vue packages/core/src/Slider/SliderVertical.vue: component could not be analyzed ; Vue packages/core/src/Slider/story/SliderChromatic.story.vue: runtime component/directive resolution requires full validation ; Vue packages/core/src/Slider/story/SliderDemo.story.vue: runtime component/directive resolution requires full validation ; Vue packages/core/src/Slider/story/SliderExtremes.story.vue: runtime component/directive resolution requires full validation ; Vue packages/core/src/Slider/story/_Slider.vue: component could not be analyzed ; Vue packages/core/src/Splitter/SplitterGroup.vue: component could not be analyzed ; Vue packages/core/src/Splitter/SplitterPanel.vue: component could not be analyzed ; Vue packages/core/src/Splitter/SplitterResizeHandle.vue: component could not be analyzed ; Vue packages/core/src/Splitter/story/SplitterAction.story.vue: runtime component/directive resolution requires full validation ; Vue packages/core/src/Splitter/story/SplitterChromatic.story.vue: runtime component/directive resolution requires full validation ; Vue packages/core/src/Splitter/story/SplitterCollapsible.story.vue: runtime component/directive resolution requires full validation ; Vue packages/core/src/Splitter/story/SplitterConditional.story.vue: runtime component/directive resolution requires full validation ; Vue packages/core/src/Splitter/story/SplitterDemo.story.vue: runtime component/directive resolution requires full validation ; Vue packages/core/src/Splitter/story/SplitterDirection.story.vue: runtime component/directive resolution requires full validation ; Vue packages/core/src/Splitter/story/SplitterOverflow.story.vue: runtime component/directive resolution requires full validation ; Vue packages/core/src/Splitter/story/SplitterPersistence.story.vue: runtime component/directive resolution requires full validation ; Vue packages/core/src/Stepper/StepperDescription.vue: component could not be analyzed ; Vue packages/core/src/Stepper/StepperIndicator.vue: component could not be analyzed ; Vue packages/core/src/Stepper/StepperItem.vue: component could not be analyzed ; Vue packages/core/src/Stepper/StepperRoot.vue: component could not be analyzed ; Vue packages/core/src/Stepper/StepperSeparator.vue: component could not be analyzed ; Vue packages/core/src/Stepper/StepperTitle.vue: component could not be analyzed ; Vue packages/core/src/Stepper/StepperTrigger.vue: component could not be analyzed ; Vue packages/core/src/Stepper/story/StepperChromatic.story.vue: runtime component/directive resolution requires full validation ; Vue packages/core/src/Stepper/story/StepperDefault.story.vue: runtime component/directive resolution requires full validation ; Vue packages/core/src/Stepper/story/_DummyStepper.vue: component could not be analyzed ; Vue packages/core/src/Switch/Switch.story.vue: runtime component/directive resolution requires full validation ; Vue packages/core/src/Switch/SwitchRoot.vue: component could not be analyzed ; Vue packages/core/src/Switch/SwitchThumb.vue: component could not be analyzed ; Vue packages/core/src/Tabs/TabsContent.vue: component could not be analyzed ; Vue packages/core/src/Tabs/TabsIndicator.vue: component could not be analyzed ; Vue packages/core/src/Tabs/TabsList.vue: component could not be analyzed ; Vue packages/core/src/Tabs/TabsRoot.vue: component could not be analyzed ; Vue packages/core/src/Tabs/TabsTrigger.vue: component could not be analyzed ; Vue packages/core/src/Tabs/story/Tabs.story.vue: runtime component/directive resolution requires full validation ; Vue packages/core/src/Tabs/story/TabsVertical.story.vue: runtime component/directive resolution requires full validation ; Vue packages/core/src/TagsInput/TagsInputClear.vue: component could not be analyzed ; Vue packages/core/src/TagsInput/TagsInputInput.vue: component could not be analyzed ; Vue packages/core/src/TagsInput/TagsInputItem.vue: component could not be analyzed ; Vue packages/core/src/TagsInput/TagsInputItemDelete.vue: component could not be analyzed ; Vue packages/core/src/TagsInput/TagsInputItemText.vue: component could not be analyzed ; Vue packages/core/src/TagsInput/TagsInputRoot.vue: component could not be analyzed ; Vue packages/core/src/TagsInput/story/TagsInput.story.vue: runtime component/directive resolution requires full validation ; Vue packages/core/src/TagsInput/story/TagsInputCombobox.story.vue: runtime component/directive resolution requires full validation ; Vue packages/core/src/TagsInput/story/TagsInputObject.story.vue: runtime component/directive resolution requires full validation ; Vue packages/core/src/TagsInput/story/_TagsInputObject.vue: component could not be analyzed ; Vue packages/core/src/TimeField/TimeFieldInput.vue: component could not be analyzed ; Vue packages/core/src/TimeField/TimeFieldRoot.vue: component could not be analyzed ; Vue packages/core/src/TimeField/story/TimeFieldChromatic.story.vue: runtime component/directive resolution requires full validation ; Vue packages/core/src/TimeField/story/TimeFieldDefault.story.vue: runtime component/directive resolution requires full validation ; Vue packages/core/src/TimeField/story/TimeFieldGranular.story.vue: runtime component/directive resolution requires full validation ; Vue packages/core/src/TimeField/story/TimeFieldInvalid.story.vue: runtime component/directive resolution requires full validation ; Vue packages/core/src/TimeField/story/TimeFieldLocales.story.vue: runtime component/directive resolution requires full validation ; Vue packages/core/src/Toast/ToastAction.vue: component could not be analyzed ; Vue packages/core/src/Toast/ToastAnnounceExclude.vue: component could not be analyzed ; Vue packages/core/src/Toast/ToastClose.vue: component could not be analyzed ; Vue packages/core/src/Toast/ToastDescription.vue: component could not be analyzed ; Vue packages/core/src/Toast/ToastPortal.vue: component could not be analyzed ; Vue packages/core/src/Toast/ToastRoot.vue: component could not be analyzed ; Vue packages/core/src/Toast/ToastRootImpl.vue: component could not be analyzed ; Vue packages/core/src/Toast/ToastTitle.vue: component could not be analyzed ; Vue packages/core/src/Toast/ToastViewport.vue: component could not be analyzed ; Vue packages/core/src/Toast/story/ToastDemo.story.vue: runtime component/directive resolution requires full validation ; Vue packages/core/src/Toast/story/ToastDemoFromDialog.story.vue: runtime component/directive resolution requires full validation ; Vue packages/core/src/Toast/story/ToastDemoKeyChange.story.vue: runtime component/directive resolution requires full validation ; Vue packages/core/src/Toast/story/ToastMultiple.story.vue: runtime component/directive resolution requires full validation ; Vue packages/core/src/Toggle/Toggle.story.vue: runtime component/directive resolution requires full validation ; Vue packages/core/src/Toggle/Toggle.vue: component could not be analyzed ; Vue packages/core/src/ToggleGroup/ToggleGroupItem.vue: component could not be analyzed ; Vue packages/core/src/ToggleGroup/ToggleGroupRoot.vue: component could not be analyzed ; Vue packages/core/src/ToggleGroup/story/ToggleGroup.story.vue: runtime component/directive resolution requires full validation ; Vue packages/core/src/ToggleGroup/story/_ToggleGroup.vue: component could not be analyzed ; Vue packages/core/src/Toolbar/ToolbarButton.vue: component could not be analyzed ; Vue packages/core/src/Toolbar/ToolbarLink.vue: component could not be analyzed ; Vue packages/core/src/Toolbar/ToolbarRoot.vue: component could not be analyzed ; Vue packages/core/src/Toolbar/ToolbarSeparator.vue: component could not be analyzed ; Vue packages/core/src/Toolbar/ToolbarToggleGroup.vue: component could not be analyzed ; Vue packages/core/src/Toolbar/ToolbarToggleItem.vue: component could not be analyzed ; Vue packages/core/src/Toolbar/story/Toolbar.story.vue: runtime component/directive resolution requires full validation ; Vue packages/core/src/Tooltip/TooltipArrow.vue: component could not be analyzed ; Vue packages/core/src/Tooltip/TooltipContent.vue: component could not be analyzed ; Vue packages/core/src/Tooltip/TooltipContentHoverable.vue: component could not be analyzed ; Vue packages/core/src/Tooltip/TooltipContentImpl.vue: component could not be analyzed ; Vue packages/core/src/Tooltip/TooltipPortal.vue: component could not be analyzed ; Vue packages/core/src/Tooltip/TooltipTrigger.vue: component could not be analyzed ; Vue packages/core/src/Tooltip/stories/Tooltip.content.story.vue: runtime component/directive resolution requires full validation ; Vue packages/core/src/Tooltip/stories/Tooltip.story.vue: runtime component/directive resolution requires full validation ; Vue packages/core/src/Tree/TreeItem.vue: component could not be analyzed ; Vue packages/core/src/Tree/TreeRoot.vue: component could not be analyzed ; Vue packages/core/src/Tree/TreeVirtualizer.vue: runtime component/directive resolution requires full validation ; Vue packages/core/src/Tree/story/TreeAsync.story.vue: runtime component/directive resolution requires full validation ; Vue packages/core/src/Tree/story/TreeBasic.story.vue: runtime component/directive resolution requires full validation ; Vue packages/core/src/Tree/story/TreeCheckbox.story.vue: runtime component/directive resolution requires full validation ; Vue packages/core/src/Tree/story/TreeNested.story.vue: runtime component/directive resolution requires full validation ; Vue packages/core/src/Tree/story/TreeVirtual.story.vue: runtime component/directive resolution requires full validation ; Vue packages/core/src/Tree/story/_Tree.vue: component could not be analyzed ; Vue packages/core/src/Viewport/Viewport.vue: component could not be analyzed ; Vue packages/core/src/VisuallyHidden/VisuallyHidden.vue: component could not be analyzed ; Vue packages/core/src/VisuallyHidden/VisuallyHiddenInput.vue: component could not be analyzed ; Vue packages/core/src/shared/component/Arrow.vue: component could not be analyzed ; Vue packages/core/src/shared/component/BaseSeparator.vue: component could not be analyzed ; Vue playground/nuxt/app.vue: runtime component/directive resolution requires full validation ; Vue playground/vue3/src/App.vue: runtime component/directive resolution requires full validation ; Unresolved Vue dependencies require full validation ; Dependency graph confidence is UNSAFE; full validation required"
"reka-ui","6","f950796b9a3760cb4db1052687587365cc5e3293","b9125cfd73c6f86158d2c86bae3326cf0d7a9cf9","feat(Calendar): expose `grid` and `weekDays` via injection (#1783)","FULL_POLICY_MEASURED","FULL","8262","87494",,"Nuxt implicit routes and auto-imports require a dedicated framework adapter ; Vue docs/.vitepress/components/ComponentLoader.vue: runtime component/directive resolution requires full validation ; Vue docs/.vitepress/components/DocOutlineItem.vue: runtime component/directive resolution requires full validation ; Vue docs/.vitepress/components/HeroCodeGroup.vue: runtime component/directive resolution requires full validation ; Vue docs/.vitepress/components/HomePage.vue: runtime component/directive resolution requires full validation ; Vue docs/components/Demos.vue: runtime component/directive resolution requires full validation ; Vue docs/components/demo/DialogToaster/tailwind/index.vue: runtime component/directive resolution requires full validation ; Vue docs/components/prose/ProseA.vue: runtime component/directive resolution requires full validation ; Vue docs/components/prose/ProseH1.vue: runtime component/directive resolution requires full validation ; Vue docs/components/prose/ProseH2.vue: runtime component/directive resolution requires full validation ; Vue docs/components/prose/ProseH3.vue: runtime component/directive resolution requires full validation ; Vue packages/core/src/Accordion/AccordionContent.vue: component could not be analyzed ; Vue packages/core/src/Accordion/AccordionHeader.vue: component could not be analyzed ; Vue packages/core/src/Accordion/AccordionItem.vue: component could not be analyzed ; Vue packages/core/src/Accordion/AccordionRoot.vue: component could not be analyzed ; Vue packages/core/src/Accordion/AccordionTrigger.vue: component could not be analyzed ; Vue packages/core/src/Accordion/story/AccordionAnimated.story.vue: runtime component/directive resolution requires full validation ; Vue packages/core/src/Accordion/story/AccordionChromatic.story.vue: runtime component/directive resolution requires full validation ; Vue packages/core/src/Accordion/story/AccordionHorizontal.story.vue: runtime component/directive resolution requires full validation ; Vue packages/core/src/Accordion/story/AccordionMultiple.story.vue: runtime component/directive resolution requires full validation ; Vue packages/core/src/Accordion/story/AccordionSingle.story.vue: runtime component/directive resolution requires full validation ; Vue packages/core/src/Accordion/story/AccordionViewport.story.vue: runtime component/directive resolution requires full validation ; Vue packages/core/src/Accordion/story/_Accordion.vue: component could not be analyzed ; Vue packages/core/src/AlertDialog/AlertDialogAction.vue: component could not be analyzed ; Vue packages/core/src/AlertDialog/AlertDialogCancel.vue: component could not be analyzed ; Vue packages/core/src/AlertDialog/AlertDialogContent.vue: component could not be analyzed ; Vue packages/core/src/AlertDialog/AlertDialogDescription.vue: component could not be analyzed ; Vue packages/core/src/AlertDialog/AlertDialogOverlay.vue: component could not be analyzed ; Vue packages/core/src/AlertDialog/AlertDialogPortal.vue: component could not be analyzed ; Vue packages/core/src/AlertDialog/AlertDialogRoot.vue: component could not be analyzed ; Vue packages/core/src/AlertDialog/AlertDialogTitle.vue: component could not be analyzed ; Vue packages/core/src/AlertDialog/AlertDialogTrigger.vue: component could not be analyzed ; Vue packages/core/src/AlertDialog/story/AlertDialog.story.vue: runtime component/directive resolution requires full validation ; Vue packages/core/src/AspectRatio/AspectRatio.vue: component could not be analyzed ; Vue packages/core/src/AspectRatio/story/AspectRatio.story.vue: runtime component/directive resolution requires full validation ; Vue packages/core/src/Avatar/AvatarFallback.vue: component could not be analyzed ; Vue packages/core/src/Avatar/AvatarImage.vue: component could not be analyzed ; Vue packages/core/src/Avatar/AvatarRoot.vue: component could not be analyzed ; Vue packages/core/src/Avatar/story/Avatar.story.vue: runtime component/directive resolution requires full validation ; Vue packages/core/src/Calendar/CalendarCell.vue: component could not be analyzed ; Vue packages/core/src/Calendar/CalendarCellTrigger.vue: component could not be analyzed ; Vue packages/core/src/Calendar/CalendarGrid.vue: component could not be analyzed ; Vue packages/core/src/Calendar/CalendarGridBody.vue: component could not be analyzed ; Vue packages/core/src/Calendar/CalendarGridHead.vue: component could not be analyzed ; Vue packages/core/src/Calendar/CalendarGridRow.vue: component could not be analyzed ; Vue packages/core/src/Calendar/CalendarHeadCell.vue: component could not be analyzed ; Vue packages/core/src/Calendar/CalendarHeader.vue: component could not be analyzed ; Vue packages/core/src/Calendar/CalendarHeading.vue: component could not be analyzed ; Vue packages/core/src/Calendar/CalendarNext.vue: component could not be analyzed ; Vue packages/core/src/Calendar/CalendarPrev.vue: component could not be analyzed ; Vue packages/core/src/Calendar/CalendarRoot.vue: component could not be analyzed ; Vue packages/core/src/Calendar/story/CalendarChromatic.story.vue: runtime component/directive resolution requires full validation ; Vue packages/core/src/Calendar/story/CalendarDefault.story.vue: runtime component/directive resolution requires full validation ; Vue packages/core/src/Calendar/story/CalendarDir.story.vue: runtime component/directive resolution requires full validation ; Vue packages/core/src/Calendar/story/CalendarFixedWeeksForLocales.story.vue: runtime component/directive resolution requires full validation ; Vue packages/core/src/Calendar/story/CalendarLocales.story.vue: runtime component/directive resolution requires full validation ; Vue packages/core/src/Calendar/story/CalendarMultiple.story.vue: runtime component/directive resolution requires full validation ; Vue packages/core/src/Calendar/story/CalendarPopover.story.vue: runtime component/directive resolution requires full validation ; Vue packages/core/src/Calendar/story/CalendarSelect.story.vue: runtime component/directive resolution requires full validation ; Vue packages/core/src/Calendar/story/CalendarValidation.story.vue: runtime component/directive resolution requires full validation ; Vue packages/core/src/Calendar/story/CalendarYearIncrement.story.vue: runtime component/directive resolution requires full validation ; Vue packages/core/src/Calendar/story/_DummyCalendar.vue: component could not be analyzed ; Vue packages/core/src/Checkbox/CheckboxGroupRoot.vue: component could not be analyzed ; Vue packages/core/src/Checkbox/CheckboxIndicator.vue: component could not be analyzed ; Vue packages/core/src/Checkbox/CheckboxRoot.vue: component could not be analyzed ; Vue packages/core/src/Checkbox/story/Checkbox.story.vue: runtime component/directive resolution requires full validation ; Vue packages/core/src/Checkbox/story/CheckboxGroup.story.vue: runtime component/directive resolution requires full validation ; Vue packages/core/src/Checkbox/story/_Checkbox.vue: component could not be analyzed ; Vue packages/core/src/Checkbox/story/_CheckboxGroup.vue: component could not be analyzed ; Vue packages/core/src/Collapsible/CollapsibleContent.vue: component could not be analyzed ; Vue packages/core/src/Collapsible/CollapsibleRoot.vue: component could not be analyzed ; Vue packages/core/src/Collapsible/CollapsibleTrigger.vue: component could not be analyzed ; Vue packages/core/src/Collapsible/story/Collapsible.story.vue: runtime component/directive resolution requires full validation ; Vue packages/core/src/Collapsible/story/_Collapsible.vue: component could not be analyzed ; Vue packages/core/src/Combobox/ComboboxAnchor.vue: component could not be analyzed ; Vue packages/core/src/Combobox/ComboboxArrow.vue: component could not be analyzed ; Vue packages/core/src/Combobox/ComboboxCancel.vue: component could not be analyzed ; Vue packages/core/src/Combobox/ComboboxContent.vue: component could not be analyzed ; Vue packages/core/src/Combobox/ComboboxContentImpl.vue: component could not be analyzed ; Vue packages/core/src/Combobox/ComboboxEmpty.vue: component could not be analyzed ; Vue packages/core/src/Combobox/ComboboxGroup.vue: component could not be analyzed ; Vue packages/core/src/Combobox/ComboboxInput.vue: component could not be analyzed ; Vue packages/core/src/Combobox/ComboboxItem.vue: component could not be analyzed ; Vue packages/core/src/Combobox/ComboboxItemIndicator.vue: component could not be analyzed ; Vue packages/core/src/Combobox/ComboboxLabel.vue: component could not be analyzed ; Vue packages/core/src/Combobox/ComboboxPortal.vue: component could not be analyzed ; Vue packages/core/src/Combobox/ComboboxRoot.vue: component could not be analyzed ; Vue packages/core/src/Combobox/ComboboxSeparator.vue: component could not be analyzed ; Vue packages/core/src/Combobox/ComboboxTrigger.vue: component could not be analyzed ; Vue packages/core/src/Combobox/ComboboxViewport.vue: component could not be analyzed ; Vue packages/core/src/Combobox/ComboboxVirtualizer.vue: component could not be analyzed ; Vue packages/core/src/Combobox/story/ComboboxAsync.story.vue: runtime component/directive resolution requires full validation ; Vue packages/core/src/Combobox/story/ComboboxBasic.story.vue: runtime component/directive resolution requires full validation ; Vue packages/core/src/Combobox/story/ComboboxCustom.story.vue: runtime component/directive resolution requires full validation ; Vue packages/core/src/Combobox/story/ComboboxMultiple.story.vue: runtime component/directive resolution requires full validation ; Vue packages/core/src/Combobox/story/ComboboxObject.story.vue: runtime component/directive resolution requires full validation ; Vue packages/core/src/Combobox/story/ComboboxReactive.story.vue: runtime component/directive resolution requires full validation ; Vue packages/core/src/Combobox/story/ComboboxScrolling.story.vue: runtime component/directive resolution requires full validation ; Vue packages/core/src/Combobox/story/ComboboxSelectMenu.story.vue: runtime component/directive resolution requires full validation ; Vue packages/core/src/Combobox/story/ComboboxVirtual.story.vue: runtime component/directive resolution requires full validation ; Vue packages/core/src/Combobox/story/_Combobox.vue: component could not be analyzed ; Vue packages/core/src/Combobox/story/_ComboboxManualFilter.vue: component could not be analyzed ; Vue packages/core/src/Combobox/story/_ComboboxObject.vue: component could not be analyzed ; Vue packages/core/src/ConfigProvider/_ConfigProvider.vue: component could not be analyzed ; Vue packages/core/src/ContextMenu/ContextMenuArrow.vue: component could not be analyzed ; Vue packages/core/src/ContextMenu/ContextMenuCheckboxItem.vue: component could not be analyzed ; Vue packages/core/src/ContextMenu/ContextMenuContent.vue: component could not be analyzed ; Vue packages/core/src/ContextMenu/ContextMenuGroup.vue: component could not be analyzed ; Vue packages/core/src/ContextMenu/ContextMenuItem.vue: component could not be analyzed ; Vue packages/core/src/ContextMenu/ContextMenuItemIndicator.vue: component could not be analyzed ; Vue packages/core/src/ContextMenu/ContextMenuLabel.vue: component could not be analyzed ; Vue packages/core/src/ContextMenu/ContextMenuPortal.vue: component could not be analyzed ; Vue packages/core/src/ContextMenu/ContextMenuRadioGroup.vue: component could not be analyzed ; Vue packages/core/src/ContextMenu/ContextMenuRadioItem.vue: component could not be analyzed ; Vue packages/core/src/ContextMenu/ContextMenuRoot.vue: component could not be analyzed ; Vue packages/core/src/ContextMenu/ContextMenuSeparator.vue: component could not be analyzed ; Vue packages/core/src/ContextMenu/ContextMenuSub.vue: component could not be analyzed ; Vue packages/core/src/ContextMenu/ContextMenuSubContent.vue: component could not be analyzed ; Vue packages/core/src/ContextMenu/ContextMenuSubTrigger.vue: component could not be analyzed ; Vue packages/core/src/ContextMenu/ContextMenuTrigger.vue: component could not be analyzed ; Vue packages/core/src/ContextMenu/story/ContextMenu.story.vue: runtime component/directive resolution requires full validation ; Vue packages/core/src/DateField/DateFieldInput.vue: component could not be analyzed ; Vue packages/core/src/DateField/DateFieldRoot.vue: component could not be analyzed ; Vue packages/core/src/DateField/story/DateFieldChromatic.story.vue: runtime component/directive resolution requires full validation ; Vue packages/core/src/DateField/story/DateFieldDefault.story.vue: runtime component/directive resolution requires full validation ; Vue packages/core/src/DateField/story/DateFieldGranular.story.vue: runtime component/directive resolution requires full validation ; Vue packages/core/src/DateField/story/DateFieldInvalid.story.vue: runtime component/directive resolution requires full validation ; Vue packages/core/src/DateField/story/DateFieldLocales.story.vue: runtime component/directive resolution requires full validation ; Vue packages/core/src/DatePicker/DatePickerAnchor.vue: component could not be analyzed ; Vue packages/core/src/DatePicker/DatePickerArrow.vue: component could not be analyzed ; Vue packages/core/src/DatePicker/DatePickerCell.vue: component could not be analyzed ; Vue packages/core/src/DatePicker/DatePickerCellTrigger.vue: component could not be analyzed ; Vue packages/core/src/DatePicker/DatePickerClose.vue: component could not be analyzed ; Vue packages/core/src/DatePicker/DatePickerContent.vue: component could not be analyzed ; Vue packages/core/src/DatePicker/DatePickerGrid.vue: component could not be analyzed ; Vue packages/core/src/DatePicker/DatePickerGridBody.vue: component could not be analyzed ; Vue packages/core/src/DatePicker/DatePickerGridHead.vue: component could not be analyzed ; Vue packages/core/src/DatePicker/DatePickerGridRow.vue: component could not be analyzed ; Vue packages/core/src/DatePicker/DatePickerHeadCell.vue: component could not be analyzed ; Vue packages/core/src/DatePicker/DatePickerHeader.vue: component could not be analyzed ; Vue packages/core/src/DatePicker/DatePickerHeading.vue: component could not be analyzed ; Vue packages/core/src/DatePicker/DatePickerInput.vue: component could not be analyzed ; Vue packages/core/src/DatePicker/DatePickerNext.vue: component could not be analyzed ; Vue packages/core/src/DatePicker/DatePickerPrev.vue: component could not be analyzed ; Vue packages/core/src/DatePicker/DatePickerRoot.vue: component could not be analyzed ; Vue packages/core/src/DatePicker/DatePickerTrigger.vue: component could not be analyzed ; Vue packages/core/src/DatePicker/story/DatePickerChromatic.story.vue: runtime component/directive resolution requires full validation ; Vue packages/core/src/DatePicker/story/DatePickerDefault.story.vue: runtime component/directive resolution requires full validation ; Vue packages/core/src/DatePicker/story/DatePickerGranular.story.vue: runtime component/directive resolution requires full validation ; Vue packages/core/src/DatePicker/story/DatePickerValidation.story.vue: runtime component/directive resolution requires full validation ; Vue packages/core/src/DatePicker/story/_DummyDatePicker.vue: component could not be analyzed ; Vue packages/core/src/DateRangeField/DateRangeFieldInput.vue: component could not be analyzed ; Vue packages/core/src/DateRangeField/DateRangeFieldRoot.vue: component could not be analyzed ; Vue packages/core/src/DateRangeField/story/DateRangeFieldChromatic.story.vue: runtime component/directive resolution requires full validation ; Vue packages/core/src/DateRangeField/story/DateRangeFieldDefault.story.vue: runtime component/directive resolution requires full validation ; Vue packages/core/src/DateRangeField/story/DateRangeFieldGranular.story.vue: runtime component/directive resolution requires full validation ; Vue packages/core/src/DateRangeField/story/DateRangeFieldValidation.story.vue: runtime component/directive resolution requires full validation ; Vue packages/core/src/DateRangeField/story/_DummyDateRangeField.vue: component could not be analyzed ; Vue packages/core/src/DateRangePicker/DateRangePickerAnchor.vue: component could not be analyzed ; Vue packages/core/src/DateRangePicker/DateRangePickerArrow.vue: component could not be analyzed ; Vue packages/core/src/DateRangePicker/DateRangePickerCell.vue: component could not be analyzed ; Vue packages/core/src/DateRangePicker/DateRangePickerCellTrigger.vue: component could not be analyzed ; Vue packages/core/src/DateRangePicker/DateRangePickerClose.vue: component could not be analyzed ; Vue packages/core/src/DateRangePicker/DateRangePickerContent.vue: component could not be analyzed ; Vue packages/core/src/DateRangePicker/DateRangePickerGrid.vue: component could not be analyzed ; Vue packages/core/src/DateRangePicker/DateRangePickerGridBody.vue: component could not be analyzed ; Vue packages/core/src/DateRangePicker/DateRangePickerGridHead.vue: component could not be analyzed ; Vue packages/core/src/DateRangePicker/DateRangePickerGridRow.vue: component could not be analyzed ; Vue packages/core/src/DateRangePicker/DateRangePickerHeadCell.vue: component could not be analyzed ; Vue packages/core/src/DateRangePicker/DateRangePickerHeader.vue: component could not be analyzed ; Vue packages/core/src/DateRangePicker/DateRangePickerHeading.vue: component could not be analyzed ; Vue packages/core/src/DateRangePicker/DateRangePickerInput.vue: component could not be analyzed ; Vue packages/core/src/DateRangePicker/DateRangePickerNext.vue: component could not be analyzed ; Vue packages/core/src/DateRangePicker/DateRangePickerPrev.vue: component could not be analyzed ; Vue packages/core/src/DateRangePicker/DateRangePickerRoot.vue: component could not be analyzed ; Vue packages/core/src/DateRangePicker/DateRangePickerTrigger.vue: component could not be analyzed ; Vue packages/core/src/DateRangePicker/story/DateRangePickerChromatic.story.vue: runtime component/directive resolution requires full validation ; Vue packages/core/src/DateRangePicker/story/DateRangePickerDefault.story.vue: runtime component/directive resolution requires full validation ; Vue packages/core/src/DateRangePicker/story/DateRangePickerGranular.story.vue: runtime component/directive resolution requires full validation ; Vue packages/core/src/DateRangePicker/story/DateRangePickerValidation.story.vue: runtime component/directive resolution requires full validation ; Vue packages/core/src/DateRangePicker/story/_DummyDateRangePicker.vue: component could not be analyzed ; Vue packages/core/src/Dialog/DialogClose.vue: component could not be analyzed ; Vue packages/core/src/Dialog/DialogContent.vue: component could not be analyzed ; Vue packages/core/src/Dialog/DialogContentImpl.vue: component could not be analyzed ; Vue packages/core/src/Dialog/DialogContentModal.vue: component could not be analyzed ; Vue packages/core/src/Dialog/DialogContentNonModal.vue: component could not be analyzed ; Vue packages/core/src/Dialog/DialogDescription.vue: component could not be analyzed ; Vue packages/core/src/Dialog/DialogOverlay.vue: component could not be analyzed ; Vue packages/core/src/Dialog/DialogOverlayImpl.vue: component could not be analyzed ; Vue packages/core/src/Dialog/DialogPortal.vue: component could not be analyzed ; Vue packages/core/src/Dialog/DialogTitle.vue: component could not be analyzed ; Vue packages/core/src/Dialog/DialogTrigger.vue: component could not be analyzed ; Vue packages/core/src/Dialog/story/Dialog.story.vue: runtime component/directive resolution requires full validation ; Vue packages/core/src/Dialog/story/DialogExternalTrigger.story.vue: runtime component/directive resolution requires full validation ; Vue packages/core/src/Dialog/story/DialogProgrammatic.story.vue: runtime component/directive resolution requires full validation ; Vue packages/core/src/Dialog/story/DialogWithDropdown.story.vue: runtime component/directive resolution requires full validation ; Vue packages/core/src/DismissableLayer/DismissableLayer.vue: component could not be analyzed ; Vue packages/core/src/DismissableLayer/DismissableLayerBranch.vue: component could not be analyzed ; Vue packages/core/src/DismissableLayer/story/DismissableLayerBasic.story.vue: runtime component/directive resolution requires full validation ; Vue packages/core/src/DismissableLayer/story/DismissableLayerDialog.story.vue: runtime component/directive resolution requires full validation ; Vue packages/core/src/DismissableLayer/story/DismissableLayerPopoverNested.story.vue: runtime component/directive resolution requires full validation ; Vue packages/core/src/DismissableLayer/story/_DismissableLayer.vue: component could not be analyzed ; Vue packages/core/src/DropdownMenu/DropdownMenuArrow.vue: component could not be analyzed ; Vue packages/core/src/DropdownMenu/DropdownMenuCheckboxItem.vue: component could not be analyzed ; Vue packages/core/src/DropdownMenu/DropdownMenuContent.vue: component could not be analyzed ; Vue packages/core/src/DropdownMenu/DropdownMenuGroup.vue: component could not be analyzed ; Vue packages/core/src/DropdownMenu/DropdownMenuItem.vue: component could not be analyzed ; Vue packages/core/src/DropdownMenu/DropdownMenuItemIndicator.vue: component could not be analyzed ; Vue packages/core/src/DropdownMenu/DropdownMenuLabel.vue: component could not be analyzed ; Vue packages/core/src/DropdownMenu/DropdownMenuPortal.vue: component could not be analyzed ; Vue packages/core/src/DropdownMenu/DropdownMenuRadioGroup.vue: component could not be analyzed ; Vue packages/core/src/DropdownMenu/DropdownMenuRadioItem.vue: component could not be analyzed ; Vue packages/core/src/DropdownMenu/DropdownMenuRoot.vue: component could not be analyzed ; Vue packages/core/src/DropdownMenu/DropdownMenuSeparator.vue: component could not be analyzed ; Vue packages/core/src/DropdownMenu/DropdownMenuSub.vue: component could not be analyzed ; Vue packages/core/src/DropdownMenu/DropdownMenuSubContent.vue: component could not be analyzed ; Vue packages/core/src/DropdownMenu/DropdownMenuSubTrigger.vue: component could not be analyzed ; Vue packages/core/src/DropdownMenu/DropdownMenuTrigger.vue: component could not be analyzed ; Vue packages/core/src/DropdownMenu/story/DropdownMenu.story.vue: runtime component/directive resolution requires full validation ; Vue packages/core/src/DropdownMenu/story/_DropdownMenu.vue: component could not be analyzed ; Vue packages/core/src/Editable/EditableArea.vue: component could not be analyzed ; Vue packages/core/src/Editable/EditableCancelTrigger.vue: component could not be analyzed ; Vue packages/core/src/Editable/EditableEditTrigger.vue: component could not be analyzed ; Vue packages/core/src/Editable/EditableInput.vue: component could not be analyzed ; Vue packages/core/src/Editable/EditablePreview.vue: component could not be analyzed ; Vue packages/core/src/Editable/EditableRoot.vue: component could not be analyzed ; Vue packages/core/src/Editable/EditableSubmitTrigger.vue: component could not be analyzed ; Vue packages/core/src/Editable/story/EditableChromatic.story.vue: runtime component/directive resolution requires full validation ; Vue packages/core/src/Editable/story/EditableDefault.story.vue: runtime component/directive resolution requires full validation ; Vue packages/core/src/Editable/story/_DummyEditable.vue: component could not be analyzed ; Vue packages/core/src/FocusScope/FocusScope.vue: component could not be analyzed ; Vue packages/core/src/FocusScope/story/FocusScopeMultiple.story.vue: runtime component/directive resolution requires full validation ; Vue packages/core/src/HoverCard/HoverCardArrow.vue: component could not be analyzed ; Vue packages/core/src/HoverCard/HoverCardContent.vue: component could not be analyzed ; Vue packages/core/src/HoverCard/HoverCardContentImpl.vue: component could not be analyzed ; Vue packages/core/src/HoverCard/HoverCardPortal.vue: component could not be analyzed ; Vue packages/core/src/HoverCard/HoverCardTrigger.vue: component could not be analyzed ; Vue packages/core/src/HoverCard/story/HoverCard.story.vue: runtime component/directive resolution requires full validation ; Vue packages/core/src/HoverCard/story/HoverMultiCard.story.vue: runtime component/directive resolution requires full validation ; Vue packages/core/src/Label/Label.story.vue: runtime component/directive resolution requires full validation ; Vue packages/core/src/Label/Label.vue: component could not be analyzed ; Vue packages/core/src/Listbox/ListboxContent.vue: component could not be analyzed ; Vue packages/core/src/Listbox/ListboxFilter.vue: component could not be analyzed ; Vue packages/core/src/Listbox/ListboxGroup.vue: component could not be analyzed ; Vue packages/core/src/Listbox/ListboxGroupLabel.vue: component could not be analyzed ; Vue packages/core/src/Listbox/ListboxItem.vue: component could not be analyzed ; Vue packages/core/src/Listbox/ListboxItemIndicator.vue: component could not be analyzed ; Vue packages/core/src/Listbox/ListboxRoot.vue: component could not be analyzed ; Vue packages/core/src/Listbox/ListboxVirtualizer.vue: runtime component/directive resolution requires full validation ; Vue packages/core/src/Listbox/story/ListboxChromatic.story.vue: runtime component/directive resolution requires full validation ; Vue packages/core/src/Listbox/story/ListboxDemo.story.vue: runtime component/directive resolution requires full validation ; Vue packages/core/src/Listbox/story/ListboxFilter.story.vue: runtime component/directive resolution requires full validation ; Vue packages/core/src/Listbox/story/ListboxVirtual.story.vue: runtime component/directive resolution requires full validation ; Vue packages/core/src/Listbox/story/_Listbox.vue: component could not be analyzed ; Vue packages/core/src/Menu/MenuAnchor.vue: component could not be analyzed ; Vue packages/core/src/Menu/MenuArrow.vue: component could not be analyzed ; Vue packages/core/src/Menu/MenuCheckboxItem.vue: component could not be analyzed ; Vue packages/core/src/Menu/MenuContent.vue: component could not be analyzed ; Vue packages/core/src/Menu/MenuContentImpl.vue: component could not be analyzed ; Vue packages/core/src/Menu/MenuGroup.vue: component could not be analyzed ; Vue packages/core/src/Menu/MenuItem.vue: component could not be analyzed ; Vue packages/core/src/Menu/MenuItemImpl.vue: component could not be analyzed ; Vue packages/core/src/Menu/MenuItemIndicator.vue: component could not be analyzed ; Vue packages/core/src/Menu/MenuLabel.vue: component could not be analyzed ; Vue packages/core/src/Menu/MenuPortal.vue: component could not be analyzed ; Vue packages/core/src/Menu/MenuRadioGroup.vue: component could not be analyzed ; Vue packages/core/src/Menu/MenuRadioItem.vue: component could not be analyzed ; Vue packages/core/src/Menu/MenuRootContentModal.vue: component could not be analyzed ; Vue packages/core/src/Menu/MenuRootContentNonModal.vue: component could not be analyzed ; Vue packages/core/src/Menu/MenuSeparator.vue: component could not be analyzed ; Vue packages/core/src/Menu/MenuSubContent.vue: component could not be analyzed ; Vue packages/core/src/Menu/MenuSubTrigger.vue: component could not be analyzed ; Vue packages/core/src/Menu/story/MenuCheckboxItems.story.vue: runtime component/directive resolution requires full validation ; Vue packages/core/src/Menu/story/MenuRadioItems.story.vue: runtime component/directive resolution requires full validation ; Vue packages/core/src/Menu/story/MenuStyled.story.vue: runtime component/directive resolution requires full validation ; Vue packages/core/src/Menu/story/MenuSubMenu.story.vue: runtime component/directive resolution requires full validation ; Vue packages/core/src/Menu/story/MenuWithLabels.story.vue: runtime component/directive resolution requires full validation ; Vue packages/core/src/Menu/story/_Menu.vue: component could not be analyzed ; Vue packages/core/src/Menu/story/_MenuWithAnchor.vue: component could not be analyzed ; Vue packages/core/src/Menubar/MenubarArrow.vue: component could not be analyzed ; Vue packages/core/src/Menubar/MenubarCheckboxItem.vue: component could not be analyzed ; Vue packages/core/src/Menubar/MenubarContent.vue: component could not be analyzed ; Vue packages/core/src/Menubar/MenubarGroup.vue: component could not be analyzed ; Vue packages/core/src/Menubar/MenubarItem.vue: component could not be analyzed ; Vue packages/core/src/Menubar/MenubarItemIndicator.vue: component could not be analyzed ; Vue packages/core/src/Menubar/MenubarLabel.vue: component could not be analyzed ; Vue packages/core/src/Menubar/MenubarPortal.vue: component could not be analyzed ; Vue packages/core/src/Menubar/MenubarRadioGroup.vue: component could not be analyzed ; Vue packages/core/src/Menubar/MenubarRadioItem.vue: component could not be analyzed ; Vue packages/core/src/Menubar/MenubarSeparator.vue: component could not be analyzed ; Vue packages/core/src/Menubar/MenubarSub.vue: component could not be analyzed ; Vue packages/core/src/Menubar/MenubarSubContent.vue: component could not be analyzed ; Vue packages/core/src/Menubar/MenubarSubTrigger.vue: component could not be analyzed ; Vue packages/core/src/Menubar/MenubarTrigger.vue: component could not be analyzed ; Vue packages/core/src/Menubar/story/Menubar.story.vue: runtime component/directive resolution requires full validation ; Vue packages/core/src/Menubar/story/_Menubar.vue: component could not be analyzed ; Vue packages/core/src/NavigationMenu/NavigationMenuContent.vue: component could not be analyzed ; Vue packages/core/src/NavigationMenu/NavigationMenuContentImpl.vue: component could not be analyzed ; Vue packages/core/src/NavigationMenu/NavigationMenuIndicator.vue: component could not be analyzed ; Vue packages/core/src/NavigationMenu/NavigationMenuItem.vue: component could not be analyzed ; Vue packages/core/src/NavigationMenu/NavigationMenuLink.vue: component could not be analyzed ; Vue packages/core/src/NavigationMenu/NavigationMenuList.vue: component could not be analyzed ; Vue packages/core/src/NavigationMenu/NavigationMenuRoot.vue: component could not be analyzed ; Vue packages/core/src/NavigationMenu/NavigationMenuSub.vue: component could not be analyzed ; Vue packages/core/src/NavigationMenu/NavigationMenuTrigger.vue: component could not be analyzed ; Vue packages/core/src/NavigationMenu/NavigationMenuViewport.vue: component could not be analyzed ; Vue packages/core/src/NavigationMenu/story/NavigationMenuAlignment.story.vue: runtime component/directive resolution requires full validation ; Vue packages/core/src/NavigationMenu/story/NavigationMenuBasic.story.vue: runtime component/directive resolution requires full validation ; Vue packages/core/src/NavigationMenu/story/NavigationMenuChromatic.story.vue: runtime component/directive resolution requires full validation ; Vue packages/core/src/NavigationMenu/story/NavigationMenuDemo.story.vue: runtime component/directive resolution requires full validation ; Vue packages/core/src/NavigationMenu/story/NavigationMenuSubmenus.story.vue: runtime component/directive resolution requires full validation ; Vue packages/core/src/NavigationMenu/story/NavigationMenuViewport.story.vue: runtime component/directive resolution requires full validation ; Vue packages/core/src/NumberField/NumberFieldDecrement.vue: component could not be analyzed ; Vue packages/core/src/NumberField/NumberFieldIncrement.vue: component could not be analyzed ; Vue packages/core/src/NumberField/NumberFieldInput.vue: component could not be analyzed ; Vue packages/core/src/NumberField/NumberFieldRoot.vue: component could not be analyzed ; Vue packages/core/src/NumberField/story/NumberField.story.vue: runtime component/directive resolution requires full validation ; Vue packages/core/src/NumberField/story/NumberFieldChromatic.story.vue: runtime component/directive resolution requires full validation ; Vue packages/core/src/NumberField/story/_NumberField.vue: component could not be analyzed ; Vue packages/core/src/Pagination/PaginationEllipsis.vue: component could not be analyzed ; Vue packages/core/src/Pagination/PaginationFirst.vue: component could not be analyzed ; Vue packages/core/src/Pagination/PaginationLast.vue: component could not be analyzed ; Vue packages/core/src/Pagination/PaginationList.vue: component could not be analyzed ; Vue packages/core/src/Pagination/PaginationListItem.vue: component could not be analyzed ; Vue packages/core/src/Pagination/PaginationNext.vue: component could not be analyzed ; Vue packages/core/src/Pagination/PaginationPrev.vue: component could not be analyzed ; Vue packages/core/src/Pagination/PaginationRoot.vue: component could not be analyzed ; Vue packages/core/src/Pagination/story/PaginationDefault.story.vue: runtime component/directive resolution requires full validation ; Vue packages/core/src/PinInput/PinInputInput.vue: component could not be analyzed ; Vue packages/core/src/PinInput/PinInputRoot.vue: component could not be analyzed ; Vue packages/core/src/PinInput/story/PinInput.story.vue: runtime component/directive resolution requires full validation ; Vue packages/core/src/PinInput/story/PinInputNumeric.story.vue: runtime component/directive resolution requires full validation ; Vue packages/core/src/PinInput/story/_PinInput.vue: component could not be analyzed ; Vue packages/core/src/Popover/PopoverAnchor.vue: component could not be analyzed ; Vue packages/core/src/Popover/PopoverArrow.vue: component could not be analyzed ; Vue packages/core/src/Popover/PopoverClose.vue: component could not be analyzed ; Vue packages/core/src/Popover/PopoverContent.vue: component could not be analyzed ; Vue packages/core/src/Popover/PopoverContentImpl.vue: component could not be analyzed ; Vue packages/core/src/Popover/PopoverContentModal.vue: component could not be analyzed ; Vue packages/core/src/Popover/PopoverContentNonModal.vue: component could not be analyzed ; Vue packages/core/src/Popover/PopoverPortal.vue: component could not be analyzed ; Vue packages/core/src/Popover/PopoverTrigger.vue: component could not be analyzed ; Vue packages/core/src/Popover/story/PopoverBodyLock.story.vue: runtime component/directive resolution requires full validation ; Vue packages/core/src/Popover/story/PopoverBoundary.story.vue: runtime component/directive resolution requires full validation ; Vue packages/core/src/Popover/story/PopoverCustomAnchor.story.vue: runtime component/directive resolution requires full validation ; Vue packages/core/src/Popover/story/PopoverCustomArrow.story.vue: runtime component/directive resolution requires full validation ; Vue packages/core/src/Popover/story/PopoverDemo.story.vue: runtime component/directive resolution requires full validation ; Vue packages/core/src/Popover/story/PopoverForceMount.story.vue: runtime component/directive resolution requires full validation ; Vue packages/core/src/Popover/story/PopoverModality.story.vue: runtime component/directive resolution requires full validation ; Vue packages/core/src/Popover/story/PopoverNested.story.vue: runtime component/directive resolution requires full validation ; Vue packages/core/src/Popper/PopperAnchor.vue: component could not be analyzed ; Vue packages/core/src/Popper/PopperArrow.vue: component could not be analyzed ; Vue packages/core/src/Popper/PopperContent.vue: component could not be analyzed ; Vue packages/core/src/Presence/story/PresenceAnimation.story.vue: runtime component/directive resolution requires full validation ; Vue packages/core/src/Presence/story/PresenceBasic.story.vue: runtime component/directive resolution requires full validation ; Vue packages/core/src/Presence/story/PresenceTransition.story.vue: runtime component/directive resolution requires full validation ; Vue packages/core/src/Progress/ProgressIndicator.vue: component could not be analyzed ; Vue packages/core/src/Progress/ProgressRoot.vue: component could not be analyzed ; Vue packages/core/src/Progress/story/Progress.story.vue: runtime component/directive resolution requires full validation ; Vue packages/core/src/RadioGroup/Radio.vue: component could not be analyzed ; Vue packages/core/src/RadioGroup/RadioGroupIndicator.vue: component could not be analyzed ; Vue packages/core/src/RadioGroup/RadioGroupItem.vue: component could not be analyzed ; Vue packages/core/src/RadioGroup/RadioGroupRoot.vue: component could not be analyzed ; Vue packages/core/src/RadioGroup/story/RadioGroup.story.vue: runtime component/directive resolution requires full validation ; Vue packages/core/src/RangeCalendar/RangeCalendarCell.vue: component could not be analyzed ; Vue packages/core/src/RangeCalendar/RangeCalendarCellTrigger.vue: component could not be analyzed ; Vue packages/core/src/RangeCalendar/RangeCalendarGrid.vue: component could not be analyzed ; Vue packages/core/src/RangeCalendar/RangeCalendarGridBody.vue: component could not be analyzed ; Vue packages/core/src/RangeCalendar/RangeCalendarGridHead.vue: component could not be analyzed ; Vue packages/core/src/RangeCalendar/RangeCalendarGridRow.vue: component could not be analyzed ; Vue packages/core/src/RangeCalendar/RangeCalendarHeadCell.vue: component could not be analyzed ; Vue packages/core/src/RangeCalendar/RangeCalendarHeader.vue: component could not be analyzed ; Vue packages/core/src/RangeCalendar/RangeCalendarHeading.vue: component could not be analyzed ; Vue packages/core/src/RangeCalendar/RangeCalendarNext.vue: component could not be analyzed ; Vue packages/core/src/RangeCalendar/RangeCalendarPrev.vue: component could not be analyzed ; Vue packages/core/src/RangeCalendar/RangeCalendarRoot.vue: component could not be analyzed ; Vue packages/core/src/RangeCalendar/story/RangeCalendarChromatic.story.vue: runtime component/directive resolution requires full validation ; Vue packages/core/src/RangeCalendar/story/RangeCalendarDefault.story.vue: runtime component/directive resolution requires full validation ; Vue packages/core/src/RangeCalendar/story/RangeCalendarMultiple.story.vue: runtime component/directive resolution requires full validation ; Vue packages/core/src/RangeCalendar/story/RangeCalendarPopover.story.vue: runtime component/directive resolution requires full validation ; Vue packages/core/src/RangeCalendar/story/RangeCalendarValidation.story.vue: runtime component/directive resolution requires full validation ; Vue packages/core/src/RangeCalendar/story/_DummyRangeCalendar.vue: component could not be analyzed ; Vue packages/core/src/RovingFocus/RovingFocusGroup.vue: component could not be analyzed ; Vue packages/core/src/RovingFocus/RovingFocusItem.vue: component could not be analyzed ; Vue packages/core/src/RovingFocus/story/RovingFocusBasic.story.vue: runtime component/directive resolution requires full validation ; Vue packages/core/src/RovingFocus/story/_Button.vue: component could not be analyzed ; Vue packages/core/src/RovingFocus/story/_ButtonGroup.vue: component could not be analyzed ; Vue packages/core/src/ScrollArea/ScrollAreaCorner.vue: component could not be analyzed ; Vue packages/core/src/ScrollArea/ScrollAreaRoot.vue: component could not be analyzed ; Vue packages/core/src/ScrollArea/ScrollAreaScrollbar.vue: component could not be analyzed ; Vue packages/core/src/ScrollArea/ScrollAreaScrollbarHover.vue: component could not be analyzed ; Vue packages/core/src/ScrollArea/ScrollAreaThumb.vue: component could not be analyzed ; Vue packages/core/src/ScrollArea/ScrollAreaViewport.vue: component could not be analyzed ; Vue packages/core/src/ScrollArea/story/ScrollAreaBasic.story.vue: runtime component/directive resolution requires full validation ; Vue packages/core/src/ScrollArea/story/ScrollAreaChromatic.story.vue: runtime component/directive resolution requires full validation ; Vue packages/core/src/ScrollArea/story/ScrollAreaChromaticBoth.story.vue: runtime component/directive resolution requires full validation ; Vue packages/core/src/ScrollArea/story/ScrollAreaChromaticHorizontal.story.vue: runtime component/directive resolution requires full validation ; Vue packages/core/src/ScrollArea/story/ScrollAreaChromaticVertical.story.vue: runtime component/directive resolution requires full validation ; Vue packages/core/src/ScrollArea/story/_ScrollArea.vue: component could not be analyzed ; Vue packages/core/src/ScrollArea/story/_ScrollAreaStory.vue: component could not be analyzed ; Vue packages/core/src/Select/SelectArrow.vue: component could not be analyzed ; Vue packages/core/src/Select/SelectContent.vue: component could not be analyzed ; Vue packages/core/src/Select/SelectContentImpl.vue: component could not be analyzed ; Vue packages/core/src/Select/SelectGroup.vue: component could not be analyzed ; Vue packages/core/src/Select/SelectIcon.vue: component could not be analyzed ; Vue packages/core/src/Select/SelectItem.vue: component could not be analyzed ; Vue packages/core/src/Select/SelectItemAlignedPosition.vue: component could not be analyzed ; Vue packages/core/src/Select/SelectItemIndicator.vue: component could not be analyzed ; Vue packages/core/src/Select/SelectItemText.vue: component could not be analyzed ; Vue packages/core/src/Select/SelectLabel.vue: component could not be analyzed ; Vue packages/core/src/Select/SelectPopperPosition.vue: component could not be analyzed ; Vue packages/core/src/Select/SelectPortal.vue: component could not be analyzed ; Vue packages/core/src/Select/SelectRoot.vue: component could not be analyzed ; Vue packages/core/src/Select/SelectScrollDownButton.vue: component could not be analyzed ; Vue packages/core/src/Select/SelectScrollUpButton.vue: component could not be analyzed ; Vue packages/core/src/Select/SelectSeparator.vue: component could not be analyzed ; Vue packages/core/src/Select/SelectTrigger.vue: component could not be analyzed ; Vue packages/core/src/Select/SelectValue.vue: component could not be analyzed ; Vue packages/core/src/Select/SelectViewport.vue: component could not be analyzed ; Vue packages/core/src/Select/story/SelectDemo.story.vue: runtime component/directive resolution requires full validation ; Vue packages/core/src/Select/story/SelectForm.story.vue: runtime component/directive resolution requires full validation ; Vue packages/core/src/Select/story/SelectWithinDialog.story.vue: runtime component/directive resolution requires full validation ; Vue packages/core/src/Select/story/_SelectTest.vue: component could not be analyzed ; Vue packages/core/src/Separator/Separator.story.vue: runtime component/directive resolution requires full validation ; Vue packages/core/src/Separator/Separator.vue: component could not be analyzed ; Vue packages/core/src/Slider/SliderHorizontal.vue: component could not be analyzed ; Vue packages/core/src/Slider/SliderImpl.vue: component could not be analyzed ; Vue packages/core/src/Slider/SliderRange.vue: component could not be analyzed ; Vue packages/core/src/Slider/SliderRoot.vue: component could not be analyzed ; Vue packages/core/src/Slider/SliderThumb.vue: component could not be analyzed ; Vue packages/core/src/Slider/SliderThumbImpl.vue: component could not be analyzed ; Vue packages/core/src/Slider/SliderTrack.vue: component could not be analyzed ; Vue packages/core/src/Slider/SliderVertical.vue: component could not be analyzed ; Vue packages/core/src/Slider/story/SliderChromatic.story.vue: runtime component/directive resolution requires full validation ; Vue packages/core/src/Slider/story/SliderDemo.story.vue: runtime component/directive resolution requires full validation ; Vue packages/core/src/Slider/story/SliderExtremes.story.vue: runtime component/directive resolution requires full validation ; Vue packages/core/src/Slider/story/_Slider.vue: component could not be analyzed ; Vue packages/core/src/Splitter/SplitterGroup.vue: component could not be analyzed ; Vue packages/core/src/Splitter/SplitterPanel.vue: component could not be analyzed ; Vue packages/core/src/Splitter/SplitterResizeHandle.vue: component could not be analyzed ; Vue packages/core/src/Splitter/story/SplitterAction.story.vue: runtime component/directive resolution requires full validation ; Vue packages/core/src/Splitter/story/SplitterChromatic.story.vue: runtime component/directive resolution requires full validation ; Vue packages/core/src/Splitter/story/SplitterCollapsible.story.vue: runtime component/directive resolution requires full validation ; Vue packages/core/src/Splitter/story/SplitterConditional.story.vue: runtime component/directive resolution requires full validation ; Vue packages/core/src/Splitter/story/SplitterDemo.story.vue: runtime component/directive resolution requires full validation ; Vue packages/core/src/Splitter/story/SplitterDirection.story.vue: runtime component/directive resolution requires full validation ; Vue packages/core/src/Splitter/story/SplitterOverflow.story.vue: runtime component/directive resolution requires full validation ; Vue packages/core/src/Splitter/story/SplitterPersistence.story.vue: runtime component/directive resolution requires full validation ; Vue packages/core/src/Stepper/StepperDescription.vue: component could not be analyzed ; Vue packages/core/src/Stepper/StepperIndicator.vue: component could not be analyzed ; Vue packages/core/src/Stepper/StepperItem.vue: component could not be analyzed ; Vue packages/core/src/Stepper/StepperRoot.vue: component could not be analyzed ; Vue packages/core/src/Stepper/StepperSeparator.vue: component could not be analyzed ; Vue packages/core/src/Stepper/StepperTitle.vue: component could not be analyzed ; Vue packages/core/src/Stepper/StepperTrigger.vue: component could not be analyzed ; Vue packages/core/src/Stepper/story/StepperChromatic.story.vue: runtime component/directive resolution requires full validation ; Vue packages/core/src/Stepper/story/StepperDefault.story.vue: runtime component/directive resolution requires full validation ; Vue packages/core/src/Stepper/story/_DummyStepper.vue: component could not be analyzed ; Vue packages/core/src/Switch/Switch.story.vue: runtime component/directive resolution requires full validation ; Vue packages/core/src/Switch/SwitchRoot.vue: component could not be analyzed ; Vue packages/core/src/Switch/SwitchThumb.vue: component could not be analyzed ; Vue packages/core/src/Tabs/TabsContent.vue: component could not be analyzed ; Vue packages/core/src/Tabs/TabsIndicator.vue: component could not be analyzed ; Vue packages/core/src/Tabs/TabsList.vue: component could not be analyzed ; Vue packages/core/src/Tabs/TabsRoot.vue: component could not be analyzed ; Vue packages/core/src/Tabs/TabsTrigger.vue: component could not be analyzed ; Vue packages/core/src/Tabs/story/Tabs.story.vue: runtime component/directive resolution requires full validation ; Vue packages/core/src/Tabs/story/TabsVertical.story.vue: runtime component/directive resolution requires full validation ; Vue packages/core/src/TagsInput/TagsInputClear.vue: component could not be analyzed ; Vue packages/core/src/TagsInput/TagsInputInput.vue: component could not be analyzed ; Vue packages/core/src/TagsInput/TagsInputItem.vue: component could not be analyzed ; Vue packages/core/src/TagsInput/TagsInputItemDelete.vue: component could not be analyzed ; Vue packages/core/src/TagsInput/TagsInputItemText.vue: component could not be analyzed ; Vue packages/core/src/TagsInput/TagsInputRoot.vue: component could not be analyzed ; Vue packages/core/src/TagsInput/story/TagsInput.story.vue: runtime component/directive resolution requires full validation ; Vue packages/core/src/TagsInput/story/TagsInputCombobox.story.vue: runtime component/directive resolution requires full validation ; Vue packages/core/src/TagsInput/story/TagsInputObject.story.vue: runtime component/directive resolution requires full validation ; Vue packages/core/src/TagsInput/story/_TagsInputObject.vue: component could not be analyzed ; Vue packages/core/src/TimeField/TimeFieldInput.vue: component could not be analyzed ; Vue packages/core/src/TimeField/TimeFieldRoot.vue: component could not be analyzed ; Vue packages/core/src/TimeField/story/TimeFieldChromatic.story.vue: runtime component/directive resolution requires full validation ; Vue packages/core/src/TimeField/story/TimeFieldDefault.story.vue: runtime component/directive resolution requires full validation ; Vue packages/core/src/TimeField/story/TimeFieldGranular.story.vue: runtime component/directive resolution requires full validation ; Vue packages/core/src/TimeField/story/TimeFieldInvalid.story.vue: runtime component/directive resolution requires full validation ; Vue packages/core/src/TimeField/story/TimeFieldLocales.story.vue: runtime component/directive resolution requires full validation ; Vue packages/core/src/Toast/ToastAction.vue: component could not be analyzed ; Vue packages/core/src/Toast/ToastAnnounceExclude.vue: component could not be analyzed ; Vue packages/core/src/Toast/ToastClose.vue: component could not be analyzed ; Vue packages/core/src/Toast/ToastDescription.vue: component could not be analyzed ; Vue packages/core/src/Toast/ToastPortal.vue: component could not be analyzed ; Vue packages/core/src/Toast/ToastRoot.vue: component could not be analyzed ; Vue packages/core/src/Toast/ToastRootImpl.vue: component could not be analyzed ; Vue packages/core/src/Toast/ToastTitle.vue: component could not be analyzed ; Vue packages/core/src/Toast/ToastViewport.vue: component could not be analyzed ; Vue packages/core/src/Toast/story/ToastDemo.story.vue: runtime component/directive resolution requires full validation ; Vue packages/core/src/Toast/story/ToastDemoFromDialog.story.vue: runtime component/directive resolution requires full validation ; Vue packages/core/src/Toast/story/ToastDemoKeyChange.story.vue: runtime component/directive resolution requires full validation ; Vue packages/core/src/Toast/story/ToastMultiple.story.vue: runtime component/directive resolution requires full validation ; Vue packages/core/src/Toggle/Toggle.story.vue: runtime component/directive resolution requires full validation ; Vue packages/core/src/Toggle/Toggle.vue: component could not be analyzed ; Vue packages/core/src/ToggleGroup/ToggleGroupItem.vue: component could not be analyzed ; Vue packages/core/src/ToggleGroup/ToggleGroupRoot.vue: component could not be analyzed ; Vue packages/core/src/ToggleGroup/story/ToggleGroup.story.vue: runtime component/directive resolution requires full validation ; Vue packages/core/src/ToggleGroup/story/_ToggleGroup.vue: component could not be analyzed ; Vue packages/core/src/Toolbar/ToolbarButton.vue: component could not be analyzed ; Vue packages/core/src/Toolbar/ToolbarLink.vue: component could not be analyzed ; Vue packages/core/src/Toolbar/ToolbarRoot.vue: component could not be analyzed ; Vue packages/core/src/Toolbar/ToolbarSeparator.vue: component could not be analyzed ; Vue packages/core/src/Toolbar/ToolbarToggleGroup.vue: component could not be analyzed ; Vue packages/core/src/Toolbar/ToolbarToggleItem.vue: component could not be analyzed ; Vue packages/core/src/Toolbar/story/Toolbar.story.vue: runtime component/directive resolution requires full validation ; Vue packages/core/src/Tooltip/TooltipArrow.vue: component could not be analyzed ; Vue packages/core/src/Tooltip/TooltipContent.vue: component could not be analyzed ; Vue packages/core/src/Tooltip/TooltipContentHoverable.vue: component could not be analyzed ; Vue packages/core/src/Tooltip/TooltipContentImpl.vue: component could not be analyzed ; Vue packages/core/src/Tooltip/TooltipPortal.vue: component could not be analyzed ; Vue packages/core/src/Tooltip/TooltipTrigger.vue: component could not be analyzed ; Vue packages/core/src/Tooltip/stories/Tooltip.content.story.vue: runtime component/directive resolution requires full validation ; Vue packages/core/src/Tooltip/stories/Tooltip.story.vue: runtime component/directive resolution requires full validation ; Vue packages/core/src/Tree/TreeItem.vue: component could not be analyzed ; Vue packages/core/src/Tree/TreeRoot.vue: component could not be analyzed ; Vue packages/core/src/Tree/TreeVirtualizer.vue: runtime component/directive resolution requires full validation ; Vue packages/core/src/Tree/story/TreeAsync.story.vue: runtime component/directive resolution requires full validation ; Vue packages/core/src/Tree/story/TreeBasic.story.vue: runtime component/directive resolution requires full validation ; Vue packages/core/src/Tree/story/TreeCheckbox.story.vue: runtime component/directive resolution requires full validation ; Vue packages/core/src/Tree/story/TreeNested.story.vue: runtime component/directive resolution requires full validation ; Vue packages/core/src/Tree/story/TreeVirtual.story.vue: runtime component/directive resolution requires full validation ; Vue packages/core/src/Tree/story/_Tree.vue: component could not be analyzed ; Vue packages/core/src/Viewport/Viewport.vue: component could not be analyzed ; Vue packages/core/src/VisuallyHidden/VisuallyHidden.vue: component could not be analyzed ; Vue packages/core/src/VisuallyHidden/VisuallyHiddenInput.vue: component could not be analyzed ; Vue packages/core/src/shared/component/Arrow.vue: component could not be analyzed ; Vue packages/core/src/shared/component/BaseSeparator.vue: component could not be analyzed ; Vue playground/nuxt/app.vue: runtime component/directive resolution requires full validation ; Vue playground/vue3/src/App.vue: runtime component/directive resolution requires full validation ; Unresolved Vue dependencies require full validation ; Dependency graph confidence is UNSAFE; full validation required"
"reka-ui","7","e4ece4c953cc7c7755055de5232b062d1af4fe59","f950796b9a3760cb4db1052687587365cc5e3293","fix: illegal invocation in edge case (#1784)","FULL_POLICY_MEASURED","FULL","7413","85216","DETECTED","Nuxt implicit routes and auto-imports require a dedicated framework adapter ; Vue docs/.vitepress/components/ComponentLoader.vue: runtime component/directive resolution requires full validation ; Vue docs/.vitepress/components/DocOutlineItem.vue: runtime component/directive resolution requires full validation ; Vue docs/.vitepress/components/HeroCodeGroup.vue: runtime component/directive resolution requires full validation ; Vue docs/.vitepress/components/HomePage.vue: runtime component/directive resolution requires full validation ; Vue docs/components/Demos.vue: runtime component/directive resolution requires full validation ; Vue docs/components/demo/DialogToaster/tailwind/index.vue: runtime component/directive resolution requires full validation ; Vue docs/components/prose/ProseA.vue: runtime component/directive resolution requires full validation ; Vue docs/components/prose/ProseH1.vue: runtime component/directive resolution requires full validation ; Vue docs/components/prose/ProseH2.vue: runtime component/directive resolution requires full validation ; Vue docs/components/prose/ProseH3.vue: runtime component/directive resolution requires full validation ; Vue packages/core/src/Accordion/AccordionContent.vue: component could not be analyzed ; Vue packages/core/src/Accordion/AccordionHeader.vue: component could not be analyzed ; Vue packages/core/src/Accordion/AccordionItem.vue: component could not be analyzed ; Vue packages/core/src/Accordion/AccordionRoot.vue: component could not be analyzed ; Vue packages/core/src/Accordion/AccordionTrigger.vue: component could not be analyzed ; Vue packages/core/src/Accordion/story/AccordionAnimated.story.vue: runtime component/directive resolution requires full validation ; Vue packages/core/src/Accordion/story/AccordionChromatic.story.vue: runtime component/directive resolution requires full validation ; Vue packages/core/src/Accordion/story/AccordionHorizontal.story.vue: runtime component/directive resolution requires full validation ; Vue packages/core/src/Accordion/story/AccordionMultiple.story.vue: runtime component/directive resolution requires full validation ; Vue packages/core/src/Accordion/story/AccordionSingle.story.vue: runtime component/directive resolution requires full validation ; Vue packages/core/src/Accordion/story/AccordionViewport.story.vue: runtime component/directive resolution requires full validation ; Vue packages/core/src/Accordion/story/_Accordion.vue: component could not be analyzed ; Vue packages/core/src/AlertDialog/AlertDialogAction.vue: component could not be analyzed ; Vue packages/core/src/AlertDialog/AlertDialogCancel.vue: component could not be analyzed ; Vue packages/core/src/AlertDialog/AlertDialogContent.vue: component could not be analyzed ; Vue packages/core/src/AlertDialog/AlertDialogDescription.vue: component could not be analyzed ; Vue packages/core/src/AlertDialog/AlertDialogOverlay.vue: component could not be analyzed ; Vue packages/core/src/AlertDialog/AlertDialogPortal.vue: component could not be analyzed ; Vue packages/core/src/AlertDialog/AlertDialogRoot.vue: component could not be analyzed ; Vue packages/core/src/AlertDialog/AlertDialogTitle.vue: component could not be analyzed ; Vue packages/core/src/AlertDialog/AlertDialogTrigger.vue: component could not be analyzed ; Vue packages/core/src/AlertDialog/story/AlertDialog.story.vue: runtime component/directive resolution requires full validation ; Vue packages/core/src/AspectRatio/AspectRatio.vue: component could not be analyzed ; Vue packages/core/src/AspectRatio/story/AspectRatio.story.vue: runtime component/directive resolution requires full validation ; Vue packages/core/src/Avatar/AvatarFallback.vue: component could not be analyzed ; Vue packages/core/src/Avatar/AvatarImage.vue: component could not be analyzed ; Vue packages/core/src/Avatar/AvatarRoot.vue: component could not be analyzed ; Vue packages/core/src/Avatar/story/Avatar.story.vue: runtime component/directive resolution requires full validation ; Vue packages/core/src/Calendar/CalendarCell.vue: component could not be analyzed ; Vue packages/core/src/Calendar/CalendarCellTrigger.vue: component could not be analyzed ; Vue packages/core/src/Calendar/CalendarGrid.vue: component could not be analyzed ; Vue packages/core/src/Calendar/CalendarGridBody.vue: component could not be analyzed ; Vue packages/core/src/Calendar/CalendarGridHead.vue: component could not be analyzed ; Vue packages/core/src/Calendar/CalendarGridRow.vue: component could not be analyzed ; Vue packages/core/src/Calendar/CalendarHeadCell.vue: component could not be analyzed ; Vue packages/core/src/Calendar/CalendarHeader.vue: component could not be analyzed ; Vue packages/core/src/Calendar/CalendarHeading.vue: component could not be analyzed ; Vue packages/core/src/Calendar/CalendarNext.vue: component could not be analyzed ; Vue packages/core/src/Calendar/CalendarPrev.vue: component could not be analyzed ; Vue packages/core/src/Calendar/CalendarRoot.vue: component could not be analyzed ; Vue packages/core/src/Calendar/story/CalendarChromatic.story.vue: runtime component/directive resolution requires full validation ; Vue packages/core/src/Calendar/story/CalendarDefault.story.vue: runtime component/directive resolution requires full validation ; Vue packages/core/src/Calendar/story/CalendarDir.story.vue: runtime component/directive resolution requires full validation ; Vue packages/core/src/Calendar/story/CalendarFixedWeeksForLocales.story.vue: runtime component/directive resolution requires full validation ; Vue packages/core/src/Calendar/story/CalendarLocales.story.vue: runtime component/directive resolution requires full validation ; Vue packages/core/src/Calendar/story/CalendarMultiple.story.vue: runtime component/directive resolution requires full validation ; Vue packages/core/src/Calendar/story/CalendarPopover.story.vue: runtime component/directive resolution requires full validation ; Vue packages/core/src/Calendar/story/CalendarSelect.story.vue: runtime component/directive resolution requires full validation ; Vue packages/core/src/Calendar/story/CalendarValidation.story.vue: runtime component/directive resolution requires full validation ; Vue packages/core/src/Calendar/story/CalendarYearIncrement.story.vue: runtime component/directive resolution requires full validation ; Vue packages/core/src/Calendar/story/_DummyCalendar.vue: component could not be analyzed ; Vue packages/core/src/Checkbox/CheckboxGroupRoot.vue: component could not be analyzed ; Vue packages/core/src/Checkbox/CheckboxIndicator.vue: component could not be analyzed ; Vue packages/core/src/Checkbox/CheckboxRoot.vue: component could not be analyzed ; Vue packages/core/src/Checkbox/story/Checkbox.story.vue: runtime component/directive resolution requires full validation ; Vue packages/core/src/Checkbox/story/CheckboxGroup.story.vue: runtime component/directive resolution requires full validation ; Vue packages/core/src/Checkbox/story/_Checkbox.vue: component could not be analyzed ; Vue packages/core/src/Checkbox/story/_CheckboxGroup.vue: component could not be analyzed ; Vue packages/core/src/Collapsible/CollapsibleContent.vue: component could not be analyzed ; Vue packages/core/src/Collapsible/CollapsibleRoot.vue: component could not be analyzed ; Vue packages/core/src/Collapsible/CollapsibleTrigger.vue: component could not be analyzed ; Vue packages/core/src/Collapsible/story/Collapsible.story.vue: runtime component/directive resolution requires full validation ; Vue packages/core/src/Collapsible/story/_Collapsible.vue: component could not be analyzed ; Vue packages/core/src/Combobox/ComboboxAnchor.vue: component could not be analyzed ; Vue packages/core/src/Combobox/ComboboxArrow.vue: component could not be analyzed ; Vue packages/core/src/Combobox/ComboboxCancel.vue: component could not be analyzed ; Vue packages/core/src/Combobox/ComboboxContent.vue: component could not be analyzed ; Vue packages/core/src/Combobox/ComboboxContentImpl.vue: component could not be analyzed ; Vue packages/core/src/Combobox/ComboboxEmpty.vue: component could not be analyzed ; Vue packages/core/src/Combobox/ComboboxGroup.vue: component could not be analyzed ; Vue packages/core/src/Combobox/ComboboxInput.vue: component could not be analyzed ; Vue packages/core/src/Combobox/ComboboxItem.vue: component could not be analyzed ; Vue packages/core/src/Combobox/ComboboxItemIndicator.vue: component could not be analyzed ; Vue packages/core/src/Combobox/ComboboxLabel.vue: component could not be analyzed ; Vue packages/core/src/Combobox/ComboboxPortal.vue: component could not be analyzed ; Vue packages/core/src/Combobox/ComboboxRoot.vue: component could not be analyzed ; Vue packages/core/src/Combobox/ComboboxSeparator.vue: component could not be analyzed ; Vue packages/core/src/Combobox/ComboboxTrigger.vue: component could not be analyzed ; Vue packages/core/src/Combobox/ComboboxViewport.vue: component could not be analyzed ; Vue packages/core/src/Combobox/ComboboxVirtualizer.vue: component could not be analyzed ; Vue packages/core/src/Combobox/story/ComboboxAsync.story.vue: runtime component/directive resolution requires full validation ; Vue packages/core/src/Combobox/story/ComboboxBasic.story.vue: runtime component/directive resolution requires full validation ; Vue packages/core/src/Combobox/story/ComboboxCustom.story.vue: runtime component/directive resolution requires full validation ; Vue packages/core/src/Combobox/story/ComboboxMultiple.story.vue: runtime component/directive resolution requires full validation ; Vue packages/core/src/Combobox/story/ComboboxObject.story.vue: runtime component/directive resolution requires full validation ; Vue packages/core/src/Combobox/story/ComboboxReactive.story.vue: runtime component/directive resolution requires full validation ; Vue packages/core/src/Combobox/story/ComboboxScrolling.story.vue: runtime component/directive resolution requires full validation ; Vue packages/core/src/Combobox/story/ComboboxSelectMenu.story.vue: runtime component/directive resolution requires full validation ; Vue packages/core/src/Combobox/story/ComboboxVirtual.story.vue: runtime component/directive resolution requires full validation ; Vue packages/core/src/Combobox/story/_Combobox.vue: component could not be analyzed ; Vue packages/core/src/Combobox/story/_ComboboxManualFilter.vue: component could not be analyzed ; Vue packages/core/src/Combobox/story/_ComboboxObject.vue: component could not be analyzed ; Vue packages/core/src/ConfigProvider/_ConfigProvider.vue: component could not be analyzed ; Vue packages/core/src/ContextMenu/ContextMenuArrow.vue: component could not be analyzed ; Vue packages/core/src/ContextMenu/ContextMenuCheckboxItem.vue: component could not be analyzed ; Vue packages/core/src/ContextMenu/ContextMenuContent.vue: component could not be analyzed ; Vue packages/core/src/ContextMenu/ContextMenuGroup.vue: component could not be analyzed ; Vue packages/core/src/ContextMenu/ContextMenuItem.vue: component could not be analyzed ; Vue packages/core/src/ContextMenu/ContextMenuItemIndicator.vue: component could not be analyzed ; Vue packages/core/src/ContextMenu/ContextMenuLabel.vue: component could not be analyzed ; Vue packages/core/src/ContextMenu/ContextMenuPortal.vue: component could not be analyzed ; Vue packages/core/src/ContextMenu/ContextMenuRadioGroup.vue: component could not be analyzed ; Vue packages/core/src/ContextMenu/ContextMenuRadioItem.vue: component could not be analyzed ; Vue packages/core/src/ContextMenu/ContextMenuRoot.vue: component could not be analyzed ; Vue packages/core/src/ContextMenu/ContextMenuSeparator.vue: component could not be analyzed ; Vue packages/core/src/ContextMenu/ContextMenuSub.vue: component could not be analyzed ; Vue packages/core/src/ContextMenu/ContextMenuSubContent.vue: component could not be analyzed ; Vue packages/core/src/ContextMenu/ContextMenuSubTrigger.vue: component could not be analyzed ; Vue packages/core/src/ContextMenu/ContextMenuTrigger.vue: component could not be analyzed ; Vue packages/core/src/ContextMenu/story/ContextMenu.story.vue: runtime component/directive resolution requires full validation ; Vue packages/core/src/DateField/DateFieldInput.vue: component could not be analyzed ; Vue packages/core/src/DateField/DateFieldRoot.vue: component could not be analyzed ; Vue packages/core/src/DateField/story/DateFieldChromatic.story.vue: runtime component/directive resolution requires full validation ; Vue packages/core/src/DateField/story/DateFieldDefault.story.vue: runtime component/directive resolution requires full validation ; Vue packages/core/src/DateField/story/DateFieldGranular.story.vue: runtime component/directive resolution requires full validation ; Vue packages/core/src/DateField/story/DateFieldInvalid.story.vue: runtime component/directive resolution requires full validation ; Vue packages/core/src/DateField/story/DateFieldLocales.story.vue: runtime component/directive resolution requires full validation ; Vue packages/core/src/DatePicker/DatePickerAnchor.vue: component could not be analyzed ; Vue packages/core/src/DatePicker/DatePickerArrow.vue: component could not be analyzed ; Vue packages/core/src/DatePicker/DatePickerCell.vue: component could not be analyzed ; Vue packages/core/src/DatePicker/DatePickerCellTrigger.vue: component could not be analyzed ; Vue packages/core/src/DatePicker/DatePickerClose.vue: component could not be analyzed ; Vue packages/core/src/DatePicker/DatePickerContent.vue: component could not be analyzed ; Vue packages/core/src/DatePicker/DatePickerGrid.vue: component could not be analyzed ; Vue packages/core/src/DatePicker/DatePickerGridBody.vue: component could not be analyzed ; Vue packages/core/src/DatePicker/DatePickerGridHead.vue: component could not be analyzed ; Vue packages/core/src/DatePicker/DatePickerGridRow.vue: component could not be analyzed ; Vue packages/core/src/DatePicker/DatePickerHeadCell.vue: component could not be analyzed ; Vue packages/core/src/DatePicker/DatePickerHeader.vue: component could not be analyzed ; Vue packages/core/src/DatePicker/DatePickerHeading.vue: component could not be analyzed ; Vue packages/core/src/DatePicker/DatePickerInput.vue: component could not be analyzed ; Vue packages/core/src/DatePicker/DatePickerNext.vue: component could not be analyzed ; Vue packages/core/src/DatePicker/DatePickerPrev.vue: component could not be analyzed ; Vue packages/core/src/DatePicker/DatePickerRoot.vue: component could not be analyzed ; Vue packages/core/src/DatePicker/DatePickerTrigger.vue: component could not be analyzed ; Vue packages/core/src/DatePicker/story/DatePickerChromatic.story.vue: runtime component/directive resolution requires full validation ; Vue packages/core/src/DatePicker/story/DatePickerDefault.story.vue: runtime component/directive resolution requires full validation ; Vue packages/core/src/DatePicker/story/DatePickerGranular.story.vue: runtime component/directive resolution requires full validation ; Vue packages/core/src/DatePicker/story/DatePickerValidation.story.vue: runtime component/directive resolution requires full validation ; Vue packages/core/src/DatePicker/story/_DummyDatePicker.vue: component could not be analyzed ; Vue packages/core/src/DateRangeField/DateRangeFieldInput.vue: component could not be analyzed ; Vue packages/core/src/DateRangeField/DateRangeFieldRoot.vue: component could not be analyzed ; Vue packages/core/src/DateRangeField/story/DateRangeFieldChromatic.story.vue: runtime component/directive resolution requires full validation ; Vue packages/core/src/DateRangeField/story/DateRangeFieldDefault.story.vue: runtime component/directive resolution requires full validation ; Vue packages/core/src/DateRangeField/story/DateRangeFieldGranular.story.vue: runtime component/directive resolution requires full validation ; Vue packages/core/src/DateRangeField/story/DateRangeFieldValidation.story.vue: runtime component/directive resolution requires full validation ; Vue packages/core/src/DateRangeField/story/_DummyDateRangeField.vue: component could not be analyzed ; Vue packages/core/src/DateRangePicker/DateRangePickerAnchor.vue: component could not be analyzed ; Vue packages/core/src/DateRangePicker/DateRangePickerArrow.vue: component could not be analyzed ; Vue packages/core/src/DateRangePicker/DateRangePickerCell.vue: component could not be analyzed ; Vue packages/core/src/DateRangePicker/DateRangePickerCellTrigger.vue: component could not be analyzed ; Vue packages/core/src/DateRangePicker/DateRangePickerClose.vue: component could not be analyzed ; Vue packages/core/src/DateRangePicker/DateRangePickerContent.vue: component could not be analyzed ; Vue packages/core/src/DateRangePicker/DateRangePickerGrid.vue: component could not be analyzed ; Vue packages/core/src/DateRangePicker/DateRangePickerGridBody.vue: component could not be analyzed ; Vue packages/core/src/DateRangePicker/DateRangePickerGridHead.vue: component could not be analyzed ; Vue packages/core/src/DateRangePicker/DateRangePickerGridRow.vue: component could not be analyzed ; Vue packages/core/src/DateRangePicker/DateRangePickerHeadCell.vue: component could not be analyzed ; Vue packages/core/src/DateRangePicker/DateRangePickerHeader.vue: component could not be analyzed ; Vue packages/core/src/DateRangePicker/DateRangePickerHeading.vue: component could not be analyzed ; Vue packages/core/src/DateRangePicker/DateRangePickerInput.vue: component could not be analyzed ; Vue packages/core/src/DateRangePicker/DateRangePickerNext.vue: component could not be analyzed ; Vue packages/core/src/DateRangePicker/DateRangePickerPrev.vue: component could not be analyzed ; Vue packages/core/src/DateRangePicker/DateRangePickerRoot.vue: component could not be analyzed ; Vue packages/core/src/DateRangePicker/DateRangePickerTrigger.vue: component could not be analyzed ; Vue packages/core/src/DateRangePicker/story/DateRangePickerChromatic.story.vue: runtime component/directive resolution requires full validation ; Vue packages/core/src/DateRangePicker/story/DateRangePickerDefault.story.vue: runtime component/directive resolution requires full validation ; Vue packages/core/src/DateRangePicker/story/DateRangePickerGranular.story.vue: runtime component/directive resolution requires full validation ; Vue packages/core/src/DateRangePicker/story/DateRangePickerValidation.story.vue: runtime component/directive resolution requires full validation ; Vue packages/core/src/DateRangePicker/story/_DummyDateRangePicker.vue: component could not be analyzed ; Vue packages/core/src/Dialog/DialogClose.vue: component could not be analyzed ; Vue packages/core/src/Dialog/DialogContent.vue: component could not be analyzed ; Vue packages/core/src/Dialog/DialogContentImpl.vue: component could not be analyzed ; Vue packages/core/src/Dialog/DialogContentModal.vue: component could not be analyzed ; Vue packages/core/src/Dialog/DialogContentNonModal.vue: component could not be analyzed ; Vue packages/core/src/Dialog/DialogDescription.vue: component could not be analyzed ; Vue packages/core/src/Dialog/DialogOverlay.vue: component could not be analyzed ; Vue packages/core/src/Dialog/DialogOverlayImpl.vue: component could not be analyzed ; Vue packages/core/src/Dialog/DialogPortal.vue: component could not be analyzed ; Vue packages/core/src/Dialog/DialogTitle.vue: component could not be analyzed ; Vue packages/core/src/Dialog/DialogTrigger.vue: component could not be analyzed ; Vue packages/core/src/Dialog/story/Dialog.story.vue: runtime component/directive resolution requires full validation ; Vue packages/core/src/Dialog/story/DialogExternalTrigger.story.vue: runtime component/directive resolution requires full validation ; Vue packages/core/src/Dialog/story/DialogProgrammatic.story.vue: runtime component/directive resolution requires full validation ; Vue packages/core/src/Dialog/story/DialogWithDropdown.story.vue: runtime component/directive resolution requires full validation ; Vue packages/core/src/DismissableLayer/DismissableLayer.vue: component could not be analyzed ; Vue packages/core/src/DismissableLayer/DismissableLayerBranch.vue: component could not be analyzed ; Vue packages/core/src/DismissableLayer/story/DismissableLayerBasic.story.vue: runtime component/directive resolution requires full validation ; Vue packages/core/src/DismissableLayer/story/DismissableLayerDialog.story.vue: runtime component/directive resolution requires full validation ; Vue packages/core/src/DismissableLayer/story/DismissableLayerPopoverNested.story.vue: runtime component/directive resolution requires full validation ; Vue packages/core/src/DismissableLayer/story/_DismissableLayer.vue: component could not be analyzed ; Vue packages/core/src/DropdownMenu/DropdownMenuArrow.vue: component could not be analyzed ; Vue packages/core/src/DropdownMenu/DropdownMenuCheckboxItem.vue: component could not be analyzed ; Vue packages/core/src/DropdownMenu/DropdownMenuContent.vue: component could not be analyzed ; Vue packages/core/src/DropdownMenu/DropdownMenuGroup.vue: component could not be analyzed ; Vue packages/core/src/DropdownMenu/DropdownMenuItem.vue: component could not be analyzed ; Vue packages/core/src/DropdownMenu/DropdownMenuItemIndicator.vue: component could not be analyzed ; Vue packages/core/src/DropdownMenu/DropdownMenuLabel.vue: component could not be analyzed ; Vue packages/core/src/DropdownMenu/DropdownMenuPortal.vue: component could not be analyzed ; Vue packages/core/src/DropdownMenu/DropdownMenuRadioGroup.vue: component could not be analyzed ; Vue packages/core/src/DropdownMenu/DropdownMenuRadioItem.vue: component could not be analyzed ; Vue packages/core/src/DropdownMenu/DropdownMenuRoot.vue: component could not be analyzed ; Vue packages/core/src/DropdownMenu/DropdownMenuSeparator.vue: component could not be analyzed ; Vue packages/core/src/DropdownMenu/DropdownMenuSub.vue: component could not be analyzed ; Vue packages/core/src/DropdownMenu/DropdownMenuSubContent.vue: component could not be analyzed ; Vue packages/core/src/DropdownMenu/DropdownMenuSubTrigger.vue: component could not be analyzed ; Vue packages/core/src/DropdownMenu/DropdownMenuTrigger.vue: component could not be analyzed ; Vue packages/core/src/DropdownMenu/story/DropdownMenu.story.vue: runtime component/directive resolution requires full validation ; Vue packages/core/src/DropdownMenu/story/_DropdownMenu.vue: component could not be analyzed ; Vue packages/core/src/Editable/EditableArea.vue: component could not be analyzed ; Vue packages/core/src/Editable/EditableCancelTrigger.vue: component could not be analyzed ; Vue packages/core/src/Editable/EditableEditTrigger.vue: component could not be analyzed ; Vue packages/core/src/Editable/EditableInput.vue: component could not be analyzed ; Vue packages/core/src/Editable/EditablePreview.vue: component could not be analyzed ; Vue packages/core/src/Editable/EditableRoot.vue: component could not be analyzed ; Vue packages/core/src/Editable/EditableSubmitTrigger.vue: component could not be analyzed ; Vue packages/core/src/Editable/story/EditableChromatic.story.vue: runtime component/directive resolution requires full validation ; Vue packages/core/src/Editable/story/EditableDefault.story.vue: runtime component/directive resolution requires full validation ; Vue packages/core/src/Editable/story/_DummyEditable.vue: component could not be analyzed ; Vue packages/core/src/FocusScope/FocusScope.vue: component could not be analyzed ; Vue packages/core/src/FocusScope/story/FocusScopeMultiple.story.vue: runtime component/directive resolution requires full validation ; Vue packages/core/src/HoverCard/HoverCardArrow.vue: component could not be analyzed ; Vue packages/core/src/HoverCard/HoverCardContent.vue: component could not be analyzed ; Vue packages/core/src/HoverCard/HoverCardContentImpl.vue: component could not be analyzed ; Vue packages/core/src/HoverCard/HoverCardPortal.vue: component could not be analyzed ; Vue packages/core/src/HoverCard/HoverCardTrigger.vue: component could not be analyzed ; Vue packages/core/src/HoverCard/story/HoverCard.story.vue: runtime component/directive resolution requires full validation ; Vue packages/core/src/HoverCard/story/HoverMultiCard.story.vue: runtime component/directive resolution requires full validation ; Vue packages/core/src/Label/Label.story.vue: runtime component/directive resolution requires full validation ; Vue packages/core/src/Label/Label.vue: component could not be analyzed ; Vue packages/core/src/Listbox/ListboxContent.vue: component could not be analyzed ; Vue packages/core/src/Listbox/ListboxFilter.vue: component could not be analyzed ; Vue packages/core/src/Listbox/ListboxGroup.vue: component could not be analyzed ; Vue packages/core/src/Listbox/ListboxGroupLabel.vue: component could not be analyzed ; Vue packages/core/src/Listbox/ListboxItem.vue: component could not be analyzed ; Vue packages/core/src/Listbox/ListboxItemIndicator.vue: component could not be analyzed ; Vue packages/core/src/Listbox/ListboxRoot.vue: component could not be analyzed ; Vue packages/core/src/Listbox/ListboxVirtualizer.vue: runtime component/directive resolution requires full validation ; Vue packages/core/src/Listbox/story/ListboxChromatic.story.vue: runtime component/directive resolution requires full validation ; Vue packages/core/src/Listbox/story/ListboxDemo.story.vue: runtime component/directive resolution requires full validation ; Vue packages/core/src/Listbox/story/ListboxFilter.story.vue: runtime component/directive resolution requires full validation ; Vue packages/core/src/Listbox/story/ListboxVirtual.story.vue: runtime component/directive resolution requires full validation ; Vue packages/core/src/Listbox/story/_Listbox.vue: component could not be analyzed ; Vue packages/core/src/Menu/MenuAnchor.vue: component could not be analyzed ; Vue packages/core/src/Menu/MenuArrow.vue: component could not be analyzed ; Vue packages/core/src/Menu/MenuCheckboxItem.vue: component could not be analyzed ; Vue packages/core/src/Menu/MenuContent.vue: component could not be analyzed ; Vue packages/core/src/Menu/MenuContentImpl.vue: component could not be analyzed ; Vue packages/core/src/Menu/MenuGroup.vue: component could not be analyzed ; Vue packages/core/src/Menu/MenuItem.vue: component could not be analyzed ; Vue packages/core/src/Menu/MenuItemImpl.vue: component could not be analyzed ; Vue packages/core/src/Menu/MenuItemIndicator.vue: component could not be analyzed ; Vue packages/core/src/Menu/MenuLabel.vue: component could not be analyzed ; Vue packages/core/src/Menu/MenuPortal.vue: component could not be analyzed ; Vue packages/core/src/Menu/MenuRadioGroup.vue: component could not be analyzed ; Vue packages/core/src/Menu/MenuRadioItem.vue: component could not be analyzed ; Vue packages/core/src/Menu/MenuRootContentModal.vue: component could not be analyzed ; Vue packages/core/src/Menu/MenuRootContentNonModal.vue: component could not be analyzed ; Vue packages/core/src/Menu/MenuSeparator.vue: component could not be analyzed ; Vue packages/core/src/Menu/MenuSubContent.vue: component could not be analyzed ; Vue packages/core/src/Menu/MenuSubTrigger.vue: component could not be analyzed ; Vue packages/core/src/Menu/story/MenuCheckboxItems.story.vue: runtime component/directive resolution requires full validation ; Vue packages/core/src/Menu/story/MenuRadioItems.story.vue: runtime component/directive resolution requires full validation ; Vue packages/core/src/Menu/story/MenuStyled.story.vue: runtime component/directive resolution requires full validation ; Vue packages/core/src/Menu/story/MenuSubMenu.story.vue: runtime component/directive resolution requires full validation ; Vue packages/core/src/Menu/story/MenuWithLabels.story.vue: runtime component/directive resolution requires full validation ; Vue packages/core/src/Menu/story/_Menu.vue: component could not be analyzed ; Vue packages/core/src/Menu/story/_MenuWithAnchor.vue: component could not be analyzed ; Vue packages/core/src/Menubar/MenubarArrow.vue: component could not be analyzed ; Vue packages/core/src/Menubar/MenubarCheckboxItem.vue: component could not be analyzed ; Vue packages/core/src/Menubar/MenubarContent.vue: component could not be analyzed ; Vue packages/core/src/Menubar/MenubarGroup.vue: component could not be analyzed ; Vue packages/core/src/Menubar/MenubarItem.vue: component could not be analyzed ; Vue packages/core/src/Menubar/MenubarItemIndicator.vue: component could not be analyzed ; Vue packages/core/src/Menubar/MenubarLabel.vue: component could not be analyzed ; Vue packages/core/src/Menubar/MenubarPortal.vue: component could not be analyzed ; Vue packages/core/src/Menubar/MenubarRadioGroup.vue: component could not be analyzed ; Vue packages/core/src/Menubar/MenubarRadioItem.vue: component could not be analyzed ; Vue packages/core/src/Menubar/MenubarSeparator.vue: component could not be analyzed ; Vue packages/core/src/Menubar/MenubarSub.vue: component could not be analyzed ; Vue packages/core/src/Menubar/MenubarSubContent.vue: component could not be analyzed ; Vue packages/core/src/Menubar/MenubarSubTrigger.vue: component could not be analyzed ; Vue packages/core/src/Menubar/MenubarTrigger.vue: component could not be analyzed ; Vue packages/core/src/Menubar/story/Menubar.story.vue: runtime component/directive resolution requires full validation ; Vue packages/core/src/Menubar/story/_Menubar.vue: component could not be analyzed ; Vue packages/core/src/NavigationMenu/NavigationMenuContent.vue: component could not be analyzed ; Vue packages/core/src/NavigationMenu/NavigationMenuContentImpl.vue: component could not be analyzed ; Vue packages/core/src/NavigationMenu/NavigationMenuIndicator.vue: component could not be analyzed ; Vue packages/core/src/NavigationMenu/NavigationMenuItem.vue: component could not be analyzed ; Vue packages/core/src/NavigationMenu/NavigationMenuLink.vue: component could not be analyzed ; Vue packages/core/src/NavigationMenu/NavigationMenuList.vue: component could not be analyzed ; Vue packages/core/src/NavigationMenu/NavigationMenuRoot.vue: component could not be analyzed ; Vue packages/core/src/NavigationMenu/NavigationMenuSub.vue: component could not be analyzed ; Vue packages/core/src/NavigationMenu/NavigationMenuTrigger.vue: component could not be analyzed ; Vue packages/core/src/NavigationMenu/NavigationMenuViewport.vue: component could not be analyzed ; Vue packages/core/src/NavigationMenu/story/NavigationMenuAlignment.story.vue: runtime component/directive resolution requires full validation ; Vue packages/core/src/NavigationMenu/story/NavigationMenuBasic.story.vue: runtime component/directive resolution requires full validation ; Vue packages/core/src/NavigationMenu/story/NavigationMenuChromatic.story.vue: runtime component/directive resolution requires full validation ; Vue packages/core/src/NavigationMenu/story/NavigationMenuDemo.story.vue: runtime component/directive resolution requires full validation ; Vue packages/core/src/NavigationMenu/story/NavigationMenuSubmenus.story.vue: runtime component/directive resolution requires full validation ; Vue packages/core/src/NavigationMenu/story/NavigationMenuViewport.story.vue: runtime component/directive resolution requires full validation ; Vue packages/core/src/NumberField/NumberFieldDecrement.vue: component could not be analyzed ; Vue packages/core/src/NumberField/NumberFieldIncrement.vue: component could not be analyzed ; Vue packages/core/src/NumberField/NumberFieldInput.vue: component could not be analyzed ; Vue packages/core/src/NumberField/NumberFieldRoot.vue: component could not be analyzed ; Vue packages/core/src/NumberField/story/NumberField.story.vue: runtime component/directive resolution requires full validation ; Vue packages/core/src/NumberField/story/NumberFieldChromatic.story.vue: runtime component/directive resolution requires full validation ; Vue packages/core/src/NumberField/story/_NumberField.vue: component could not be analyzed ; Vue packages/core/src/Pagination/PaginationEllipsis.vue: component could not be analyzed ; Vue packages/core/src/Pagination/PaginationFirst.vue: component could not be analyzed ; Vue packages/core/src/Pagination/PaginationLast.vue: component could not be analyzed ; Vue packages/core/src/Pagination/PaginationList.vue: component could not be analyzed ; Vue packages/core/src/Pagination/PaginationListItem.vue: component could not be analyzed ; Vue packages/core/src/Pagination/PaginationNext.vue: component could not be analyzed ; Vue packages/core/src/Pagination/PaginationPrev.vue: component could not be analyzed ; Vue packages/core/src/Pagination/PaginationRoot.vue: component could not be analyzed ; Vue packages/core/src/Pagination/story/PaginationDefault.story.vue: runtime component/directive resolution requires full validation ; Vue packages/core/src/PinInput/PinInputInput.vue: component could not be analyzed ; Vue packages/core/src/PinInput/PinInputRoot.vue: component could not be analyzed ; Vue packages/core/src/PinInput/story/PinInput.story.vue: runtime component/directive resolution requires full validation ; Vue packages/core/src/PinInput/story/PinInputNumeric.story.vue: runtime component/directive resolution requires full validation ; Vue packages/core/src/PinInput/story/_PinInput.vue: component could not be analyzed ; Vue packages/core/src/Popover/PopoverAnchor.vue: component could not be analyzed ; Vue packages/core/src/Popover/PopoverArrow.vue: component could not be analyzed ; Vue packages/core/src/Popover/PopoverClose.vue: component could not be analyzed ; Vue packages/core/src/Popover/PopoverContent.vue: component could not be analyzed ; Vue packages/core/src/Popover/PopoverContentImpl.vue: component could not be analyzed ; Vue packages/core/src/Popover/PopoverContentModal.vue: component could not be analyzed ; Vue packages/core/src/Popover/PopoverContentNonModal.vue: component could not be analyzed ; Vue packages/core/src/Popover/PopoverPortal.vue: component could not be analyzed ; Vue packages/core/src/Popover/PopoverTrigger.vue: component could not be analyzed ; Vue packages/core/src/Popover/story/PopoverBodyLock.story.vue: runtime component/directive resolution requires full validation ; Vue packages/core/src/Popover/story/PopoverBoundary.story.vue: runtime component/directive resolution requires full validation ; Vue packages/core/src/Popover/story/PopoverCustomAnchor.story.vue: runtime component/directive resolution requires full validation ; Vue packages/core/src/Popover/story/PopoverCustomArrow.story.vue: runtime component/directive resolution requires full validation ; Vue packages/core/src/Popover/story/PopoverDemo.story.vue: runtime component/directive resolution requires full validation ; Vue packages/core/src/Popover/story/PopoverForceMount.story.vue: runtime component/directive resolution requires full validation ; Vue packages/core/src/Popover/story/PopoverModality.story.vue: runtime component/directive resolution requires full validation ; Vue packages/core/src/Popover/story/PopoverNested.story.vue: runtime component/directive resolution requires full validation ; Vue packages/core/src/Popper/PopperAnchor.vue: component could not be analyzed ; Vue packages/core/src/Popper/PopperArrow.vue: component could not be analyzed ; Vue packages/core/src/Popper/PopperContent.vue: component could not be analyzed ; Vue packages/core/src/Presence/story/PresenceAnimation.story.vue: runtime component/directive resolution requires full validation ; Vue packages/core/src/Presence/story/PresenceBasic.story.vue: runtime component/directive resolution requires full validation ; Vue packages/core/src/Presence/story/PresenceTransition.story.vue: runtime component/directive resolution requires full validation ; Vue packages/core/src/Progress/ProgressIndicator.vue: component could not be analyzed ; Vue packages/core/src/Progress/ProgressRoot.vue: component could not be analyzed ; Vue packages/core/src/Progress/story/Progress.story.vue: runtime component/directive resolution requires full validation ; Vue packages/core/src/RadioGroup/Radio.vue: component could not be analyzed ; Vue packages/core/src/RadioGroup/RadioGroupIndicator.vue: component could not be analyzed ; Vue packages/core/src/RadioGroup/RadioGroupItem.vue: component could not be analyzed ; Vue packages/core/src/RadioGroup/RadioGroupRoot.vue: component could not be analyzed ; Vue packages/core/src/RadioGroup/story/RadioGroup.story.vue: runtime component/directive resolution requires full validation ; Vue packages/core/src/RangeCalendar/RangeCalendarCell.vue: component could not be analyzed ; Vue packages/core/src/RangeCalendar/RangeCalendarCellTrigger.vue: component could not be analyzed ; Vue packages/core/src/RangeCalendar/RangeCalendarGrid.vue: component could not be analyzed ; Vue packages/core/src/RangeCalendar/RangeCalendarGridBody.vue: component could not be analyzed ; Vue packages/core/src/RangeCalendar/RangeCalendarGridHead.vue: component could not be analyzed ; Vue packages/core/src/RangeCalendar/RangeCalendarGridRow.vue: component could not be analyzed ; Vue packages/core/src/RangeCalendar/RangeCalendarHeadCell.vue: component could not be analyzed ; Vue packages/core/src/RangeCalendar/RangeCalendarHeader.vue: component could not be analyzed ; Vue packages/core/src/RangeCalendar/RangeCalendarHeading.vue: component could not be analyzed ; Vue packages/core/src/RangeCalendar/RangeCalendarNext.vue: component could not be analyzed ; Vue packages/core/src/RangeCalendar/RangeCalendarPrev.vue: component could not be analyzed ; Vue packages/core/src/RangeCalendar/RangeCalendarRoot.vue: component could not be analyzed ; Vue packages/core/src/RangeCalendar/story/RangeCalendarChromatic.story.vue: runtime component/directive resolution requires full validation ; Vue packages/core/src/RangeCalendar/story/RangeCalendarDefault.story.vue: runtime component/directive resolution requires full validation ; Vue packages/core/src/RangeCalendar/story/RangeCalendarMultiple.story.vue: runtime component/directive resolution requires full validation ; Vue packages/core/src/RangeCalendar/story/RangeCalendarPopover.story.vue: runtime component/directive resolution requires full validation ; Vue packages/core/src/RangeCalendar/story/RangeCalendarValidation.story.vue: runtime component/directive resolution requires full validation ; Vue packages/core/src/RangeCalendar/story/_DummyRangeCalendar.vue: component could not be analyzed ; Vue packages/core/src/RovingFocus/RovingFocusGroup.vue: component could not be analyzed ; Vue packages/core/src/RovingFocus/RovingFocusItem.vue: component could not be analyzed ; Vue packages/core/src/RovingFocus/story/RovingFocusBasic.story.vue: runtime component/directive resolution requires full validation ; Vue packages/core/src/RovingFocus/story/_Button.vue: component could not be analyzed ; Vue packages/core/src/RovingFocus/story/_ButtonGroup.vue: component could not be analyzed ; Vue packages/core/src/ScrollArea/ScrollAreaCorner.vue: component could not be analyzed ; Vue packages/core/src/ScrollArea/ScrollAreaRoot.vue: component could not be analyzed ; Vue packages/core/src/ScrollArea/ScrollAreaScrollbar.vue: component could not be analyzed ; Vue packages/core/src/ScrollArea/ScrollAreaScrollbarHover.vue: component could not be analyzed ; Vue packages/core/src/ScrollArea/ScrollAreaThumb.vue: component could not be analyzed ; Vue packages/core/src/ScrollArea/ScrollAreaViewport.vue: component could not be analyzed ; Vue packages/core/src/ScrollArea/story/ScrollAreaBasic.story.vue: runtime component/directive resolution requires full validation ; Vue packages/core/src/ScrollArea/story/ScrollAreaChromatic.story.vue: runtime component/directive resolution requires full validation ; Vue packages/core/src/ScrollArea/story/ScrollAreaChromaticBoth.story.vue: runtime component/directive resolution requires full validation ; Vue packages/core/src/ScrollArea/story/ScrollAreaChromaticHorizontal.story.vue: runtime component/directive resolution requires full validation ; Vue packages/core/src/ScrollArea/story/ScrollAreaChromaticVertical.story.vue: runtime component/directive resolution requires full validation ; Vue packages/core/src/ScrollArea/story/_ScrollArea.vue: component could not be analyzed ; Vue packages/core/src/ScrollArea/story/_ScrollAreaStory.vue: component could not be analyzed ; Vue packages/core/src/Select/SelectArrow.vue: component could not be analyzed ; Vue packages/core/src/Select/SelectContent.vue: component could not be analyzed ; Vue packages/core/src/Select/SelectContentImpl.vue: component could not be analyzed ; Vue packages/core/src/Select/SelectGroup.vue: component could not be analyzed ; Vue packages/core/src/Select/SelectIcon.vue: component could not be analyzed ; Vue packages/core/src/Select/SelectItem.vue: component could not be analyzed ; Vue packages/core/src/Select/SelectItemAlignedPosition.vue: component could not be analyzed ; Vue packages/core/src/Select/SelectItemIndicator.vue: component could not be analyzed ; Vue packages/core/src/Select/SelectItemText.vue: component could not be analyzed ; Vue packages/core/src/Select/SelectLabel.vue: component could not be analyzed ; Vue packages/core/src/Select/SelectPopperPosition.vue: component could not be analyzed ; Vue packages/core/src/Select/SelectPortal.vue: component could not be analyzed ; Vue packages/core/src/Select/SelectRoot.vue: component could not be analyzed ; Vue packages/core/src/Select/SelectScrollDownButton.vue: component could not be analyzed ; Vue packages/core/src/Select/SelectScrollUpButton.vue: component could not be analyzed ; Vue packages/core/src/Select/SelectSeparator.vue: component could not be analyzed ; Vue packages/core/src/Select/SelectTrigger.vue: component could not be analyzed ; Vue packages/core/src/Select/SelectValue.vue: component could not be analyzed ; Vue packages/core/src/Select/SelectViewport.vue: component could not be analyzed ; Vue packages/core/src/Select/story/SelectDemo.story.vue: runtime component/directive resolution requires full validation ; Vue packages/core/src/Select/story/SelectForm.story.vue: runtime component/directive resolution requires full validation ; Vue packages/core/src/Select/story/SelectWithinDialog.story.vue: runtime component/directive resolution requires full validation ; Vue packages/core/src/Select/story/_SelectTest.vue: component could not be analyzed ; Vue packages/core/src/Separator/Separator.story.vue: runtime component/directive resolution requires full validation ; Vue packages/core/src/Separator/Separator.vue: component could not be analyzed ; Vue packages/core/src/Slider/SliderHorizontal.vue: component could not be analyzed ; Vue packages/core/src/Slider/SliderImpl.vue: component could not be analyzed ; Vue packages/core/src/Slider/SliderRange.vue: component could not be analyzed ; Vue packages/core/src/Slider/SliderRoot.vue: component could not be analyzed ; Vue packages/core/src/Slider/SliderThumb.vue: component could not be analyzed ; Vue packages/core/src/Slider/SliderThumbImpl.vue: component could not be analyzed ; Vue packages/core/src/Slider/SliderTrack.vue: component could not be analyzed ; Vue packages/core/src/Slider/SliderVertical.vue: component could not be analyzed ; Vue packages/core/src/Slider/story/SliderChromatic.story.vue: runtime component/directive resolution requires full validation ; Vue packages/core/src/Slider/story/SliderDemo.story.vue: runtime component/directive resolution requires full validation ; Vue packages/core/src/Slider/story/SliderExtremes.story.vue: runtime component/directive resolution requires full validation ; Vue packages/core/src/Slider/story/_Slider.vue: component could not be analyzed ; Vue packages/core/src/Splitter/SplitterGroup.vue: component could not be analyzed ; Vue packages/core/src/Splitter/SplitterPanel.vue: component could not be analyzed ; Vue packages/core/src/Splitter/SplitterResizeHandle.vue: component could not be analyzed ; Vue packages/core/src/Splitter/story/SplitterAction.story.vue: runtime component/directive resolution requires full validation ; Vue packages/core/src/Splitter/story/SplitterChromatic.story.vue: runtime component/directive resolution requires full validation ; Vue packages/core/src/Splitter/story/SplitterCollapsible.story.vue: runtime component/directive resolution requires full validation ; Vue packages/core/src/Splitter/story/SplitterConditional.story.vue: runtime component/directive resolution requires full validation ; Vue packages/core/src/Splitter/story/SplitterDemo.story.vue: runtime component/directive resolution requires full validation ; Vue packages/core/src/Splitter/story/SplitterDirection.story.vue: runtime component/directive resolution requires full validation ; Vue packages/core/src/Splitter/story/SplitterOverflow.story.vue: runtime component/directive resolution requires full validation ; Vue packages/core/src/Splitter/story/SplitterPersistence.story.vue: runtime component/directive resolution requires full validation ; Vue packages/core/src/Stepper/StepperDescription.vue: component could not be analyzed ; Vue packages/core/src/Stepper/StepperIndicator.vue: component could not be analyzed ; Vue packages/core/src/Stepper/StepperItem.vue: component could not be analyzed ; Vue packages/core/src/Stepper/StepperRoot.vue: component could not be analyzed ; Vue packages/core/src/Stepper/StepperSeparator.vue: component could not be analyzed ; Vue packages/core/src/Stepper/StepperTitle.vue: component could not be analyzed ; Vue packages/core/src/Stepper/StepperTrigger.vue: component could not be analyzed ; Vue packages/core/src/Stepper/story/StepperChromatic.story.vue: runtime component/directive resolution requires full validation ; Vue packages/core/src/Stepper/story/StepperDefault.story.vue: runtime component/directive resolution requires full validation ; Vue packages/core/src/Stepper/story/_DummyStepper.vue: component could not be analyzed ; Vue packages/core/src/Switch/Switch.story.vue: runtime component/directive resolution requires full validation ; Vue packages/core/src/Switch/SwitchRoot.vue: component could not be analyzed ; Vue packages/core/src/Switch/SwitchThumb.vue: component could not be analyzed ; Vue packages/core/src/Tabs/TabsContent.vue: component could not be analyzed ; Vue packages/core/src/Tabs/TabsIndicator.vue: component could not be analyzed ; Vue packages/core/src/Tabs/TabsList.vue: component could not be analyzed ; Vue packages/core/src/Tabs/TabsRoot.vue: component could not be analyzed ; Vue packages/core/src/Tabs/TabsTrigger.vue: component could not be analyzed ; Vue packages/core/src/Tabs/story/Tabs.story.vue: runtime component/directive resolution requires full validation ; Vue packages/core/src/Tabs/story/TabsVertical.story.vue: runtime component/directive resolution requires full validation ; Vue packages/core/src/TagsInput/TagsInputClear.vue: component could not be analyzed ; Vue packages/core/src/TagsInput/TagsInputInput.vue: component could not be analyzed ; Vue packages/core/src/TagsInput/TagsInputItem.vue: component could not be analyzed ; Vue packages/core/src/TagsInput/TagsInputItemDelete.vue: component could not be analyzed ; Vue packages/core/src/TagsInput/TagsInputItemText.vue: component could not be analyzed ; Vue packages/core/src/TagsInput/TagsInputRoot.vue: component could not be analyzed ; Vue packages/core/src/TagsInput/story/TagsInput.story.vue: runtime component/directive resolution requires full validation ; Vue packages/core/src/TagsInput/story/TagsInputCombobox.story.vue: runtime component/directive resolution requires full validation ; Vue packages/core/src/TagsInput/story/TagsInputObject.story.vue: runtime component/directive resolution requires full validation ; Vue packages/core/src/TagsInput/story/_TagsInputObject.vue: component could not be analyzed ; Vue packages/core/src/TimeField/TimeFieldInput.vue: component could not be analyzed ; Vue packages/core/src/TimeField/TimeFieldRoot.vue: component could not be analyzed ; Vue packages/core/src/TimeField/story/TimeFieldChromatic.story.vue: runtime component/directive resolution requires full validation ; Vue packages/core/src/TimeField/story/TimeFieldDefault.story.vue: runtime component/directive resolution requires full validation ; Vue packages/core/src/TimeField/story/TimeFieldGranular.story.vue: runtime component/directive resolution requires full validation ; Vue packages/core/src/TimeField/story/TimeFieldInvalid.story.vue: runtime component/directive resolution requires full validation ; Vue packages/core/src/TimeField/story/TimeFieldLocales.story.vue: runtime component/directive resolution requires full validation ; Vue packages/core/src/Toast/ToastAction.vue: component could not be analyzed ; Vue packages/core/src/Toast/ToastAnnounceExclude.vue: component could not be analyzed ; Vue packages/core/src/Toast/ToastClose.vue: component could not be analyzed ; Vue packages/core/src/Toast/ToastDescription.vue: component could not be analyzed ; Vue packages/core/src/Toast/ToastPortal.vue: component could not be analyzed ; Vue packages/core/src/Toast/ToastRoot.vue: component could not be analyzed ; Vue packages/core/src/Toast/ToastRootImpl.vue: component could not be analyzed ; Vue packages/core/src/Toast/ToastTitle.vue: component could not be analyzed ; Vue packages/core/src/Toast/ToastViewport.vue: component could not be analyzed ; Vue packages/core/src/Toast/story/ToastDemo.story.vue: runtime component/directive resolution requires full validation ; Vue packages/core/src/Toast/story/ToastDemoFromDialog.story.vue: runtime component/directive resolution requires full validation ; Vue packages/core/src/Toast/story/ToastDemoKeyChange.story.vue: runtime component/directive resolution requires full validation ; Vue packages/core/src/Toast/story/ToastMultiple.story.vue: runtime component/directive resolution requires full validation ; Vue packages/core/src/Toggle/Toggle.story.vue: runtime component/directive resolution requires full validation ; Vue packages/core/src/Toggle/Toggle.vue: component could not be analyzed ; Vue packages/core/src/ToggleGroup/ToggleGroupItem.vue: component could not be analyzed ; Vue packages/core/src/ToggleGroup/ToggleGroupRoot.vue: component could not be analyzed ; Vue packages/core/src/ToggleGroup/story/ToggleGroup.story.vue: runtime component/directive resolution requires full validation ; Vue packages/core/src/ToggleGroup/story/_ToggleGroup.vue: component could not be analyzed ; Vue packages/core/src/Toolbar/ToolbarButton.vue: component could not be analyzed ; Vue packages/core/src/Toolbar/ToolbarLink.vue: component could not be analyzed ; Vue packages/core/src/Toolbar/ToolbarRoot.vue: component could not be analyzed ; Vue packages/core/src/Toolbar/ToolbarSeparator.vue: component could not be analyzed ; Vue packages/core/src/Toolbar/ToolbarToggleGroup.vue: component could not be analyzed ; Vue packages/core/src/Toolbar/ToolbarToggleItem.vue: component could not be analyzed ; Vue packages/core/src/Toolbar/story/Toolbar.story.vue: runtime component/directive resolution requires full validation ; Vue packages/core/src/Tooltip/TooltipArrow.vue: component could not be analyzed ; Vue packages/core/src/Tooltip/TooltipContent.vue: component could not be analyzed ; Vue packages/core/src/Tooltip/TooltipContentHoverable.vue: component could not be analyzed ; Vue packages/core/src/Tooltip/TooltipContentImpl.vue: component could not be analyzed ; Vue packages/core/src/Tooltip/TooltipPortal.vue: component could not be analyzed ; Vue packages/core/src/Tooltip/TooltipTrigger.vue: component could not be analyzed ; Vue packages/core/src/Tooltip/stories/Tooltip.content.story.vue: runtime component/directive resolution requires full validation ; Vue packages/core/src/Tooltip/stories/Tooltip.story.vue: runtime component/directive resolution requires full validation ; Vue packages/core/src/Tree/TreeItem.vue: component could not be analyzed ; Vue packages/core/src/Tree/TreeRoot.vue: component could not be analyzed ; Vue packages/core/src/Tree/TreeVirtualizer.vue: runtime component/directive resolution requires full validation ; Vue packages/core/src/Tree/story/TreeAsync.story.vue: runtime component/directive resolution requires full validation ; Vue packages/core/src/Tree/story/TreeBasic.story.vue: runtime component/directive resolution requires full validation ; Vue packages/core/src/Tree/story/TreeCheckbox.story.vue: runtime component/directive resolution requires full validation ; Vue packages/core/src/Tree/story/TreeNested.story.vue: runtime component/directive resolution requires full validation ; Vue packages/core/src/Tree/story/TreeVirtual.story.vue: runtime component/directive resolution requires full validation ; Vue packages/core/src/Tree/story/_Tree.vue: component could not be analyzed ; Vue packages/core/src/Viewport/Viewport.vue: component could not be analyzed ; Vue packages/core/src/VisuallyHidden/VisuallyHidden.vue: component could not be analyzed ; Vue packages/core/src/VisuallyHidden/VisuallyHiddenInput.vue: component could not be analyzed ; Vue packages/core/src/shared/component/Arrow.vue: component could not be analyzed ; Vue packages/core/src/shared/component/BaseSeparator.vue: component could not be analyzed ; Vue playground/nuxt/app.vue: runtime component/directive resolution requires full validation ; Vue playground/vue3/src/App.vue: runtime component/directive resolution requires full validation ; Unresolved Vue dependencies require full validation ; Dependency graph confidence is UNSAFE; full validation required"
"chi","0","d9d5e318c2701f0dfd1decf6f77566501d720d20","0a20a0e3400e551803f463d17a0ab84ee8afef3c","Revert ""feat(): add CF-Connecting-IP (#908)"" (#966)","FULL_POLICY_MEASURED","FULL","2835","44560","DETECTED","Go files outside the active build context require full validation ; Dependency graph confidence is UNSAFE; full validation required"
"chi","1","6ceb498b221efa11f559602beb2463b8b52c2161","d9d5e318c2701f0dfd1decf6f77566501d720d20","fix: allow multiple informational status (#961)","FULL_POLICY_MEASURED","FULL","2119","26222",,"Go files outside the active build context require full validation ; Dependency graph confidence is UNSAFE; full validation required"
"chi","2","882c15e6462ce0630529d04c330e84942ebd059d","6ceb498b221efa11f559602beb2463b8b52c2161","Fix `Mux.Find` not correctly handling nested routes (#954)","UNSTABLE_OR_POLICY_FAILED","FULL","2336","26433",,"Go files outside the active build context require full validation ; Dependency graph confidence is UNSAFE; full validation required"
"chi","3","1f927a8ec868a307ad892b454d2aacfab463d5d0","882c15e6462ce0630529d04c330e84942ebd059d","Update content_type.go (#880)","BASELINE_RED_OR_UNREADABLE","FULL","2051","26525",,"Go files outside the active build context require full validation ; Dependency graph confidence is UNSAFE; full validation required"
"chi","4","2c4d128ffd487f49b3e5cfeb70e3bdd39a2fe462","1f927a8ec868a307ad892b454d2aacfab463d5d0","Ability to specify response HTTP status code for Throttle middleware (#571)","FULL_POLICY_MEASURED","FULL","2053","26613",,"Go files outside the active build context require full validation ; Dependency graph confidence is UNSAFE; full validation required"
"chi","5","73350509aa6e198d6677df0f09c5611446e96da4","5dd77169551921a41dd3cb54ad01c4d7facab7d0","add strip prefix. (#875)","FULL_POLICY_MEASURED","FULL","2251","26409",,"Go files outside the active build context require full validation ; Dependency graph confidence is UNSAFE; full validation required"
"chi","6","cbaac313e4f2c7140eba9863f2be951c7804139a","df0303d61b1dc0933b60c550f9a02e7784a42ed5","Fixed incorrect comment about routing (#887)","FULL_POLICY_MEASURED","FULL","2189","26310",,"Go files outside the active build context require full validation ; Dependency graph confidence is UNSAFE; full validation required"
"chi","7","134f373b64a79c16e0d4e72acf47a355ae37dfe9","cbaac313e4f2c7140eba9863f2be951c7804139a","feat(): add CF-Connecting-IP (#908)","FULL_POLICY_MEASURED","FULL","1206","26626","DETECTED","Go files outside the active build context require full validation ; Dependency graph confidence is UNSAFE; full validation required"
"cobra","0","a97f9fd47b290016526c8af2dac0531fea5cd773","40b5bc1437a564fc795d388b23835e84f54cd1d1","Revert ""Make detection for test-binary more universal (#2173)"" (#2235)","FULL_POLICY_MEASURED","FULL","2265","17388","DETECTED","Go files outside the active build context require full validation ; Dependency graph confidence is UNSAFE; full validation required ; Deleted source/asset command_go120.go not present in HEAD dependency graph; legacy dependents cannot be determined ; Deleted source/asset command_go121.go not present in HEAD dependency graph; legacy dependents cannot be determined"
"cobra","1","5f9c40898e795a9fb0fd5ca83b6e05c3720523d1","a97f9fd47b290016526c8af2dac0531fea5cd773","fix CompletionFunc implementation (#2234)","FULL_POLICY_MEASURED","FULL","1783","2424",,"Go files outside the active build context require full validation ; Dependency graph confidence is UNSAFE; full validation required"
"cobra","2","680936a2200be363c61feda8cd29287f0726a48c","24ada7fe71e3a3a8741dd52e0a7fc3b97450535a","Remove the default ""completion"" cmd if it is alone (#1559)","FULL_POLICY_MEASURED","FULL","1830","2992",,"Go files outside the active build context require full validation ; Dependency graph confidence is UNSAFE; full validation required"
"cobra","3","17b6dca2ffaf6113cbd1cf433ec988fa7d63c6f3","8cb30f9ca53a004a6fe88c5cfcc79ac7b24fc638","feat: add CompletionWithDesc helper (#2231)","FULL_POLICY_MEASURED","FULL","1821","2457","DETECTED","Go files outside the active build context require full validation ; Dependency graph confidence is UNSAFE; full validation required"
"cobra","4","4ba5566f5704a9c0d205e1ef3efc4896156d33fa","ab5cadcc1bbe224b329726fc5f8b99d6f93e9805","Allow to reset the templates to the default (#2229)","FULL_POLICY_MEASURED","FULL","1711","2444",,"Go files outside the active build context require full validation ; Dependency graph confidence is UNSAFE; full validation required"
"cobra","5","41b26ec8bb59dfba580f722201bf371c4f5703dd","4ba5566f5704a9c0d205e1ef3efc4896156d33fa","fix(bash): nounset unbound file filter variable on empty extension (#2228)","FULL_POLICY_MEASURED","FULL","1584","2151",,"Go files outside the active build context require full validation ; Dependency graph confidence is UNSAFE; full validation required"
"cobra","6","611e16c322e3b0413a9ba4e489fcd98ef904e406","41b26ec8bb59dfba580f722201bf371c4f5703dd","Print ActiveHelp for bash along other completions (#2076)","FULL_POLICY_MEASURED","FULL","1801","2426",,"Go files outside the active build context require full validation ; Dependency graph confidence is UNSAFE; full validation required"
"cobra","7","09d5664f34e3f7571560e48ccb74c8904b671e87","611e16c322e3b0413a9ba4e489fcd98ef904e406","Allow linker to perform deadcode elimination for program using Cobra (#1956)","FULL_POLICY_MEASURED","FULL","1839","2483","DETECTED","Go files outside the active build context require full validation ; Dependency graph confidence is UNSAFE; full validation required"
"validator","0","859202275556dac82d4460234867c5c5988d06fd","433b08283c14b1def28e8f05e36c2bed2f13b3f4","Update linter to v2.0.2 (#1405)","FULL_POLICY_MEASURED","FULL","6278","22425","DETECTED","Go files outside the active build context require full validation ; Configuration file(s) changed; full validation required ; GitHub workflow definition(s) changed; full validation required ; Dependency graph confidence is UNSAFE; full validation required ; Unknown changed file: .golangci.yaml ; Unknown changed file: Makefile"
"validator","1","271abb312cd958fd1c61b58983ecab31026eb252","859202275556dac82d4460234867c5c5988d06fd","use mail.ParseAddress to cover missing email validations (#1395)","FULL_POLICY_MEASURED","FULL","2087","5915",,"Go files outside the active build context require full validation ; Dependency graph confidence is UNSAFE; full validation required"
"validator","2","79c42ad73c1fdebee04c93ac6a0e132353662dc6","271abb312cd958fd1c61b58983ecab31026eb252","Fix reference to parameter name in docs (#1400)","FULL_POLICY_MEASURED","FULL","2106","6771",,"Go files outside the active build context require full validation ; Dependency graph confidence is UNSAFE; full validation required"
"validator","3","2cadaff20364eef00f8711e1b6a0dfcc2aceee14","79c42ad73c1fdebee04c93ac6a0e132353662dc6","Feat: add EIN validation (#1384)","FULL_POLICY_MEASURED","FULL","2043","4673","DETECTED","Go files outside the active build context require full validation ; Dependency graph confidence is UNSAFE; full validation required"
"validator","4","bae7f6d3cb253fbd5dddcdf339f8460fa8d091c3","2cadaff20364eef00f8711e1b6a0dfcc2aceee14","Translate to thai (#1202)","FULL_POLICY_MEASURED","FULL","1333","7501",,"Go files outside the active build context require full validation ; Dependency graph confidence is UNSAFE; full validation required"
"validator","5","909c504042f17c83dc76e8a2c11efd3dd41bd212","bae7f6d3cb253fbd5dddcdf339f8460fa8d091c3","Fix: Nil pointer dereference in Arabic translations (#1391)","FULL_POLICY_MEASURED","FULL","1867","2690",,"Go files outside the active build context require full validation ; Dependency graph confidence is UNSAFE; full validation required"
"validator","6","45dd6e3bd61a7659b16d9c624e3e0174223a5fd6","09c1323276ffada71562c1b8bf0554a0ed5ddd1d","add german translations (#1322)","FULL_POLICY_MEASURED","FULL","1291","2641",,"Go files outside the active build context require full validation ; Dependency graph confidence is UNSAFE; full validation required"
"validator","7","97d2bf07aad31b97b64fcd8213f922f159e62361","45dd6e3bd61a7659b16d9c624e3e0174223a5fd6","Add Korean (#1338)","FULL_POLICY_MEASURED","FULL","1330","2639","DETECTED","Go files outside the active build context require full validation ; Dependency graph confidence is UNSAFE; full validation required"
